--
-- PostgreSQL database dump
--

-- Dumped from database version 17.2
-- Dumped by pg_dump version 17.2

SET statement_timeout = 0;
SET lock_timeout = 0;
SET idle_in_transaction_session_timeout = 0;
SET transaction_timeout = 0;
SET client_encoding = 'UTF8';
SET standard_conforming_strings = on;
SELECT pg_catalog.set_config('search_path', '', false);
SET check_function_bodies = false;
SET xmloption = content;
SET client_min_messages = warning;
SET row_security = off;

--
-- Name: public; Type: SCHEMA; Schema: -; Owner: ceylon_user
--

-- *not* creating schema, since initdb creates it


ALTER SCHEMA public OWNER TO ceylon_user;

SET default_tablespace = '';

SET default_table_access_method = heap;

--
-- Name: api_accommodation; Type: TABLE; Schema: public; Owner: ceylon_user
--

CREATE TABLE public.api_accommodation (
    id bigint NOT NULL,
    google_place_id character varying(100) NOT NULL,
    name character varying(255) NOT NULL,
    lat double precision NOT NULL,
    lng double precision NOT NULL,
    rating double precision,
    types jsonb NOT NULL,
    photo_reference character varying(1024),
    image character varying(100),
    category character varying(20) NOT NULL,
    tier character varying(20) NOT NULL,
    price_per_night_per_person integer NOT NULL,
    destination_id bigint NOT NULL,
    CONSTRAINT api_accommodation_price_per_night_per_person_check CHECK ((price_per_night_per_person >= 0))
);


ALTER TABLE public.api_accommodation OWNER TO ceylon_user;

--
-- Name: api_accommodation_id_seq; Type: SEQUENCE; Schema: public; Owner: ceylon_user
--

ALTER TABLE public.api_accommodation ALTER COLUMN id ADD GENERATED BY DEFAULT AS IDENTITY (
    SEQUENCE NAME public.api_accommodation_id_seq
    START WITH 1
    INCREMENT BY 1
    NO MINVALUE
    NO MAXVALUE
    CACHE 1
);


--
-- Name: api_destination; Type: TABLE; Schema: public; Owner: ceylon_user
--

CREATE TABLE public.api_destination (
    id bigint NOT NULL,
    name character varying(100) NOT NULL,
    latitude double precision NOT NULL,
    longitude double precision NOT NULL,
    last_fetched timestamp with time zone NOT NULL
);


ALTER TABLE public.api_destination OWNER TO ceylon_user;

--
-- Name: api_destination_id_seq; Type: SEQUENCE; Schema: public; Owner: ceylon_user
--

ALTER TABLE public.api_destination ALTER COLUMN id ADD GENERATED BY DEFAULT AS IDENTITY (
    SEQUENCE NAME public.api_destination_id_seq
    START WITH 1
    INCREMENT BY 1
    NO MINVALUE
    NO MAXVALUE
    CACHE 1
);


--
-- Name: api_emergencycontact; Type: TABLE; Schema: public; Owner: ceylon_user
--

CREATE TABLE public.api_emergencycontact (
    id bigint NOT NULL,
    destination_id bigint NOT NULL,
    service_type character varying(50) NOT NULL,
    name character varying(100) NOT NULL,
    phone_number character varying(20) NOT NULL,
    description text NOT NULL,
    lat double precision,
    lng double precision,
    google_place_id character varying(100) NOT NULL
);


ALTER TABLE public.api_emergencycontact OWNER TO ceylon_user;

--
-- Name: api_emergencycontact_id_seq; Type: SEQUENCE; Schema: public; Owner: ceylon_user
--

ALTER TABLE public.api_emergencycontact ALTER COLUMN id ADD GENERATED BY DEFAULT AS IDENTITY (
    SEQUENCE NAME public.api_emergencycontact_id_seq
    START WITH 1
    INCREMENT BY 1
    NO MINVALUE
    NO MAXVALUE
    CACHE 1
);


--
-- Name: api_place; Type: TABLE; Schema: public; Owner: ceylon_user
--

CREATE TABLE public.api_place (
    id bigint NOT NULL,
    google_place_id character varying(100) NOT NULL,
    name character varying(255) NOT NULL,
    beautified_name character varying(255) NOT NULL,
    description text NOT NULL,
    lat double precision NOT NULL,
    lng double precision NOT NULL,
    rating double precision,
    num_reviews integer NOT NULL,
    types jsonb NOT NULL,
    photo_reference character varying(1024),
    created_at timestamp with time zone NOT NULL,
    destination_id bigint NOT NULL,
    theme_id bigint,
    visit_duration integer NOT NULL,
    image character varying(100),
    CONSTRAINT api_place_visit_duration_check CHECK ((visit_duration >= 0))
);


ALTER TABLE public.api_place OWNER TO ceylon_user;

--
-- Name: api_place_id_seq; Type: SEQUENCE; Schema: public; Owner: ceylon_user
--

ALTER TABLE public.api_place ALTER COLUMN id ADD GENERATED BY DEFAULT AS IDENTITY (
    SEQUENCE NAME public.api_place_id_seq
    START WITH 1
    INCREMENT BY 1
    NO MINVALUE
    NO MAXVALUE
    CACHE 1
);


--
-- Name: api_review; Type: TABLE; Schema: public; Owner: ceylon_user
--

CREATE TABLE public.api_review (
    id bigint NOT NULL,
    rating smallint NOT NULL,
    comment text NOT NULL,
    created_at timestamp with time zone NOT NULL,
    trip_plan_id bigint NOT NULL,
    user_id integer NOT NULL,
    CONSTRAINT api_review_rating_check CHECK ((rating >= 0))
);


ALTER TABLE public.api_review OWNER TO ceylon_user;

--
-- Name: api_review_id_seq; Type: SEQUENCE; Schema: public; Owner: ceylon_user
--

ALTER TABLE public.api_review ALTER COLUMN id ADD GENERATED BY DEFAULT AS IDENTITY (
    SEQUENCE NAME public.api_review_id_seq
    START WITH 1
    INCREMENT BY 1
    NO MINVALUE
    NO MAXVALUE
    CACHE 1
);


--
-- Name: api_theme; Type: TABLE; Schema: public; Owner: ceylon_user
--

CREATE TABLE public.api_theme (
    id bigint NOT NULL,
    name character varying(100) NOT NULL
);


ALTER TABLE public.api_theme OWNER TO ceylon_user;

--
-- Name: api_theme_id_seq; Type: SEQUENCE; Schema: public; Owner: ceylon_user
--

ALTER TABLE public.api_theme ALTER COLUMN id ADD GENERATED BY DEFAULT AS IDENTITY (
    SEQUENCE NAME public.api_theme_id_seq
    START WITH 1
    INCREMENT BY 1
    NO MINVALUE
    NO MAXVALUE
    CACHE 1
);


--
-- Name: api_trip; Type: TABLE; Schema: public; Owner: ceylon_user
--

CREATE TABLE public.api_trip (
    id bigint NOT NULL,
    destination_id bigint NOT NULL,
    theme_id bigint,
    check_in date NOT NULL,
    check_out date NOT NULL,
    transport character varying(50) NOT NULL,
    accommodation_type character varying(50) NOT NULL,
    accommodation_tier character varying(50) NOT NULL,
    travelers integer NOT NULL,
    budget numeric(8,2) NOT NULL,
    user_id integer NOT NULL,
    CONSTRAINT api_trip_travelers_check CHECK ((travelers >= 0))
);


ALTER TABLE public.api_trip OWNER TO ceylon_user;

--
-- Name: api_trip_id_seq; Type: SEQUENCE; Schema: public; Owner: ceylon_user
--

ALTER TABLE public.api_trip ALTER COLUMN id ADD GENERATED BY DEFAULT AS IDENTITY (
    SEQUENCE NAME public.api_trip_id_seq
    START WITH 1
    INCREMENT BY 1
    NO MINVALUE
    NO MAXVALUE
    CACHE 1
);


--
-- Name: api_tripplan; Type: TABLE; Schema: public; Owner: ceylon_user
--

CREATE TABLE public.api_tripplan (
    id bigint NOT NULL,
    created_at timestamp with time zone NOT NULL,
    itinerary jsonb NOT NULL,
    cost_breakdown jsonb NOT NULL,
    trip_id bigint NOT NULL,
    accommodation jsonb NOT NULL
);


ALTER TABLE public.api_tripplan OWNER TO ceylon_user;

--
-- Name: api_tripplan_id_seq; Type: SEQUENCE; Schema: public; Owner: ceylon_user
--

ALTER TABLE public.api_tripplan ALTER COLUMN id ADD GENERATED BY DEFAULT AS IDENTITY (
    SEQUENCE NAME public.api_tripplan_id_seq
    START WITH 1
    INCREMENT BY 1
    NO MINVALUE
    NO MAXVALUE
    CACHE 1
);


--
-- Name: auth_group; Type: TABLE; Schema: public; Owner: ceylon_user
--

CREATE TABLE public.auth_group (
    id integer NOT NULL,
    name character varying(150) NOT NULL
);


ALTER TABLE public.auth_group OWNER TO ceylon_user;

--
-- Name: auth_group_id_seq; Type: SEQUENCE; Schema: public; Owner: ceylon_user
--

ALTER TABLE public.auth_group ALTER COLUMN id ADD GENERATED BY DEFAULT AS IDENTITY (
    SEQUENCE NAME public.auth_group_id_seq
    START WITH 1
    INCREMENT BY 1
    NO MINVALUE
    NO MAXVALUE
    CACHE 1
);


--
-- Name: auth_group_permissions; Type: TABLE; Schema: public; Owner: ceylon_user
--

CREATE TABLE public.auth_group_permissions (
    id bigint NOT NULL,
    group_id integer NOT NULL,
    permission_id integer NOT NULL
);


ALTER TABLE public.auth_group_permissions OWNER TO ceylon_user;

--
-- Name: auth_group_permissions_id_seq; Type: SEQUENCE; Schema: public; Owner: ceylon_user
--

ALTER TABLE public.auth_group_permissions ALTER COLUMN id ADD GENERATED BY DEFAULT AS IDENTITY (
    SEQUENCE NAME public.auth_group_permissions_id_seq
    START WITH 1
    INCREMENT BY 1
    NO MINVALUE
    NO MAXVALUE
    CACHE 1
);


--
-- Name: auth_permission; Type: TABLE; Schema: public; Owner: ceylon_user
--

CREATE TABLE public.auth_permission (
    id integer NOT NULL,
    name character varying(255) NOT NULL,
    content_type_id integer NOT NULL,
    codename character varying(100) NOT NULL
);


ALTER TABLE public.auth_permission OWNER TO ceylon_user;

--
-- Name: auth_permission_id_seq; Type: SEQUENCE; Schema: public; Owner: ceylon_user
--

ALTER TABLE public.auth_permission ALTER COLUMN id ADD GENERATED BY DEFAULT AS IDENTITY (
    SEQUENCE NAME public.auth_permission_id_seq
    START WITH 1
    INCREMENT BY 1
    NO MINVALUE
    NO MAXVALUE
    CACHE 1
);


--
-- Name: auth_user; Type: TABLE; Schema: public; Owner: ceylon_user
--

CREATE TABLE public.auth_user (
    id integer NOT NULL,
    password character varying(128) NOT NULL,
    last_login timestamp with time zone,
    is_superuser boolean NOT NULL,
    username character varying(150) NOT NULL,
    first_name character varying(150) NOT NULL,
    last_name character varying(150) NOT NULL,
    email character varying(254) NOT NULL,
    is_staff boolean NOT NULL,
    is_active boolean NOT NULL,
    date_joined timestamp with time zone NOT NULL
);


ALTER TABLE public.auth_user OWNER TO ceylon_user;

--
-- Name: auth_user_groups; Type: TABLE; Schema: public; Owner: ceylon_user
--

CREATE TABLE public.auth_user_groups (
    id bigint NOT NULL,
    user_id integer NOT NULL,
    group_id integer NOT NULL
);


ALTER TABLE public.auth_user_groups OWNER TO ceylon_user;

--
-- Name: auth_user_groups_id_seq; Type: SEQUENCE; Schema: public; Owner: ceylon_user
--

ALTER TABLE public.auth_user_groups ALTER COLUMN id ADD GENERATED BY DEFAULT AS IDENTITY (
    SEQUENCE NAME public.auth_user_groups_id_seq
    START WITH 1
    INCREMENT BY 1
    NO MINVALUE
    NO MAXVALUE
    CACHE 1
);


--
-- Name: auth_user_id_seq; Type: SEQUENCE; Schema: public; Owner: ceylon_user
--

ALTER TABLE public.auth_user ALTER COLUMN id ADD GENERATED BY DEFAULT AS IDENTITY (
    SEQUENCE NAME public.auth_user_id_seq
    START WITH 1
    INCREMENT BY 1
    NO MINVALUE
    NO MAXVALUE
    CACHE 1
);


--
-- Name: auth_user_user_permissions; Type: TABLE; Schema: public; Owner: ceylon_user
--

CREATE TABLE public.auth_user_user_permissions (
    id bigint NOT NULL,
    user_id integer NOT NULL,
    permission_id integer NOT NULL
);


ALTER TABLE public.auth_user_user_permissions OWNER TO ceylon_user;

--
-- Name: auth_user_user_permissions_id_seq; Type: SEQUENCE; Schema: public; Owner: ceylon_user
--

ALTER TABLE public.auth_user_user_permissions ALTER COLUMN id ADD GENERATED BY DEFAULT AS IDENTITY (
    SEQUENCE NAME public.auth_user_user_permissions_id_seq
    START WITH 1
    INCREMENT BY 1
    NO MINVALUE
    NO MAXVALUE
    CACHE 1
);


--
-- Name: django_admin_log; Type: TABLE; Schema: public; Owner: ceylon_user
--

CREATE TABLE public.django_admin_log (
    id integer NOT NULL,
    action_time timestamp with time zone NOT NULL,
    object_id text,
    object_repr character varying(200) NOT NULL,
    action_flag smallint NOT NULL,
    change_message text NOT NULL,
    content_type_id integer,
    user_id integer NOT NULL,
    CONSTRAINT django_admin_log_action_flag_check CHECK ((action_flag >= 0))
);


ALTER TABLE public.django_admin_log OWNER TO ceylon_user;

--
-- Name: django_admin_log_id_seq; Type: SEQUENCE; Schema: public; Owner: ceylon_user
--

ALTER TABLE public.django_admin_log ALTER COLUMN id ADD GENERATED BY DEFAULT AS IDENTITY (
    SEQUENCE NAME public.django_admin_log_id_seq
    START WITH 1
    INCREMENT BY 1
    NO MINVALUE
    NO MAXVALUE
    CACHE 1
);


--
-- Name: django_content_type; Type: TABLE; Schema: public; Owner: ceylon_user
--

CREATE TABLE public.django_content_type (
    id integer NOT NULL,
    app_label character varying(100) NOT NULL,
    model character varying(100) NOT NULL
);


ALTER TABLE public.django_content_type OWNER TO ceylon_user;

--
-- Name: django_content_type_id_seq; Type: SEQUENCE; Schema: public; Owner: ceylon_user
--

ALTER TABLE public.django_content_type ALTER COLUMN id ADD GENERATED BY DEFAULT AS IDENTITY (
    SEQUENCE NAME public.django_content_type_id_seq
    START WITH 1
    INCREMENT BY 1
    NO MINVALUE
    NO MAXVALUE
    CACHE 1
);


--
-- Name: django_migrations; Type: TABLE; Schema: public; Owner: ceylon_user
--

CREATE TABLE public.django_migrations (
    id bigint NOT NULL,
    app character varying(255) NOT NULL,
    name character varying(255) NOT NULL,
    applied timestamp with time zone NOT NULL
);


ALTER TABLE public.django_migrations OWNER TO ceylon_user;

--
-- Name: django_migrations_id_seq; Type: SEQUENCE; Schema: public; Owner: ceylon_user
--

ALTER TABLE public.django_migrations ALTER COLUMN id ADD GENERATED BY DEFAULT AS IDENTITY (
    SEQUENCE NAME public.django_migrations_id_seq
    START WITH 1
    INCREMENT BY 1
    NO MINVALUE
    NO MAXVALUE
    CACHE 1
);


--
-- Name: django_session; Type: TABLE; Schema: public; Owner: ceylon_user
--

CREATE TABLE public.django_session (
    session_key character varying(40) NOT NULL,
    session_data text NOT NULL,
    expire_date timestamp with time zone NOT NULL
);


ALTER TABLE public.django_session OWNER TO ceylon_user;

--
-- Data for Name: api_accommodation; Type: TABLE DATA; Schema: public; Owner: ceylon_user
--

COPY public.api_accommodation (id, google_place_id, name, lat, lng, rating, types, photo_reference, image, category, tier, price_per_night_per_person, destination_id) FROM stdin;
62	ChIJJw_sTldy4ToRjJRC0sct4ds	CocoBay Unawatuna	6.027352	80.24234899999999	4.4	["lodging", "point_of_interest", "establishment"]	AeeoHcJ89kuWisX44eV7A-hAvvaKbc2WERHzK2eiLSc6k6lyRN5D9q5iibopzT6GOXFKrLUDjjd9xM8l2mGhUoe10S1AP4WtXjh-Z5lzvqSvUm3NfbKWUNJf_gFMU4N_asxyRTXgyJrJegIbQXxYqRqun7ljnIz19eoLK9q5NZuVd6f2R3cr6jfDj47k4BfExhI4aoeGLTfmBPhvC_QfA_uX6F3UhSbC0Z8qhMLKGmQYtica3FBctVEBIMshTEsC988ry5kANp2bMZDs2urV_XmJX_Qt18l8dVzBRF3tBS9DWNVQyeFKbko0PBHIKNleX0eXVBksOgaZUQs	accommodations/cocobay-unawatuna.jpg	Hotel	Luxury	18000	2
63	ChIJT27MDu9y4ToRb-wWd9CGqnw	Thaproban Beach House	6.0095535	80.2454614	4.3	["lodging", "restaurant", "food", "point_of_interest", "establishment"]	AeeoHcJKxJp5hQJC0efdm1wB769Fg1UWzJj8T9szVLhNtaCaQX28aVje0tjzkAXhXC7gPb8ZVXjhK7bMs7ij8UcZuI3_fSjmPfOKv96utjGr2r4SoFPy_NOWIWjcpNXJfZAECjXJ9Z5AM2gHerJTbqgq7EDeQ5ZdPkDzQELwk4BQmJLzFe9mgFpiK2jk-VYmkhCvWLIXW885IemQh4EWdiAY1xX2v_HUjFzf1d8cQojTsrVTBDoP7xMw5iRD6yQ9EzyElZH3q60joy8Zd5wA_OSvOs7piLM4lW4Jk_130RozuYMauYGsQChWfoT0NN6PBo_hK9eoaWFESFU	accommodations/thaproban-beach-house.jpg	Hotel	Mid-range	12000	2
64	ChIJmyNMRrtz4ToRpjG8Jvx7Y8M	Jetwing Lighthouse	6.0421658	80.19477049999999	4.5	["lodging", "point_of_interest", "establishment"]	AeeoHcLP7Y9YdRsFaVZ4n-pqNlPPvrA2ItxiJoiUtMQrLFZ62oaagaC5bbJf-OeaEHO-nlN6dC-IhJGzSwhfmtpGx4vYpnT2ZlhAnunjFiTbhlt--XMD8DnbxUSHNldSp6t2OQJIxRR76guMlX-RIlHleZdsgS8sQvAjDh-gPuMFU9wUSLrz6LCEbYlKHghpgL5R9J5J2NFRZ92nsgQ9ARv2iqoXwVkN9zBxVzbzJbAOj1CIR7Bfda04ekCvXsJrr2Iiqn4fUfPPLLVgZsyQlH-vc9f52upkd2sNwooRJ_mtPC_bGdAeCMYxPjFgEq3xy9-lVuqAhlPKWa0	accommodations/jetwing-lighthouse.jpg	Hotel	Luxury	20000	2
65	ChIJc7DNWFJy4ToR-c7YyH_9Qi0	Closenberg Hotel	6.0316491	80.2350972	3.8	["lodging", "point_of_interest", "establishment"]	AeeoHcLPklk5dK-PAS_NPxMQm7SLNSvfF6NaUxjXJsWfJQF_n6t4i-a6EnV1xDa-SAu8hTJzUIHRdt4lum2Qp1JFRRFq_mwSGX7jxSdvMqOVA6tbeUEFpS5c3reaGh2TYPS63LEv4cCdftsxlnwABcJQSlvM3HoncLsNVx5LEc7O2phatCs_R437wql9tVGFkZPtC9ce0w2WfB8P7Aw6mGz1SQ4_wstbsfeeQs5Uy5hy7kLDeioc-WP76wZAQ5Mox7lOn0rg5S4uxxo2QcIlG-tDdvpgIvIeclbN_LPyQR6sQEaPiud_9J4zIZtR7MaPYkUGOnvOzyS6guI	accommodations/closenberg-hotel.jpg	Hotel	Mid-range	12000	2
66	ChIJV10djLdz4ToRf5i-TUWc5UE	Villa In Paradise	6.0096274	80.25244289999999	3.9	["lodging", "point_of_interest", "establishment"]	AeeoHcJr14J5pblS2YdkE_hG8cC_JRgL-AhXMC_zKuT0ioatLhr6KIRd2aRwMZBkczlZttCLOwpChjffM6eR1wu3dEePMASPYOIxqCRppO69GDH0o1P2pV6FkFN2Lm-7NuxDD0NITEfpr8l90AOKLdVlJc_Go4QAuW7tba1J13uC41mfT_1ja68IXObW1wILQ3D2O70yyfy7uLN43VCABZ_3dIDo1uXbIpNq4gs9v8LQPA7Zdu40mMKBakQb4w6INxbYaIUsE7mA24UJ_6mC09dqCP4PaSwYwLg9mHl0lao66OrkJgZi_JX9C-qljvFaQvW2OUihrCNe8sypbhhfwLGf8zuCb6BSAgrQA4Qzd1xkEHyM3zyiElwY0roRZ44dbCN3CF43WXOC5lDFEmkCRui_ktrhXX2KsgVH6ru6olfyIEI4evAoS3wbEPGj7LrIm-Cw6nrnZrAfyZUpgiVZjPDaQoYskf7vji7Be7lwKxNMiOmuzDIg1N9mHKJQodL8dkh4bCQzDKWirNDsFEo4MmGgGX_EMITLD_pElGGN5-oC0Mxsv4ad30hVwBU8R5kA8DV795bFpqqPeGI23nuTn19CaYr6IOGwY1u3JDqN4hhhG9qlAz-KYdkkfi49Gs8SpgBKcg_K44i7	accommodations/villa-in-paradise.jpg	Villa	Mid-range	12000	2
67	ChIJh7F2BO5y4ToRVxidtyA1u8M	Dunes Unawatuna Hotel	6.011639	80.2482034	4.6	["lodging", "point_of_interest", "establishment"]	AeeoHcKIt59iQuqGzJeWQF2iiAnzGMSCit1PXJWFvfy1eKnxYuA4Ue6QdZwPv8uH5LGHwlccSQSEEadX_8k1qn8ryBx1R5l4vOKAV3xvk5GsgxTwflLCZm7X3nWLhhcvRECyVEWssNJlyYCsgQORnmqvvz5iiM7Lc_fmRUR60VzndPbri5kFietOO7tgDpQROSNSpWoXS62RK0FfQ6aRrbIfIkfQwtKj1fkYtK5zT9BbdtJPF-nUAS1jV1xg2sg4GvB3zKo-JyLwr07wBp_mSDYwiGCSVwTB-uZX9OA7eoMeY8UE3VGuULBV7D63K31eIAiro7ZMhPXl72k	accommodations/dunes-unawatuna-hotel.jpg	Hotel	Luxury	25000	2
68	ChIJPyNsfPly4ToRWeR5ecV2wLo	Levels Unawatuna	6.0175605	80.2401201	4	["lodging", "point_of_interest", "establishment"]	AeeoHcJuaG0ZaHuaVEPw5A41DaG9x8y3nYtEij_MQZl8iUKqtwfNOWsqI4NDpwTJZTLCcJBkWYlPXjJz57kZs0Pi23lEJbXcIhquSTLeG7BWl9y6RVL2ssRinDMXHwnl0aAOVU0YLrKafxJ2Y292YgxBqJc6b5ENDMf82D_S8c8uocb4xPNZYSeMHCR2hniVc-tN3u3j6tb3rmjNld28CPhr6N0H0WcIpYEy4t3CL06VO7TZrPypCwUA5fGShVyYOOnWpKlM9wIBJ6yyfc6SoAXjN340g7yRlsyfEAJzkAg_nvKBqTPfVb0POTAPEknwxbXxl_LQCT2okhE	accommodations/levels-unawatuna.jpg	Hotel	Mid-range	12000	2
69	ChIJyWMQfO5y4ToRd2aRFmn-mBs	Tartaruga Beach Unawatuna	6.010013499999999	80.24847969999999	4	["lodging", "bar", "restaurant", "food", "point_of_interest", "establishment"]	AeeoHcKbhREOINu658iS6swpzq8mmbZfgKiY-9io4hF3Nx5rarSf0szYeez2N7NdSr5kQEgwygbv4y-c5tGw6O775OSVfBl9qVbFABH2PxsWoSPzbNTWk0bWXMy2TMFGs8Ntci_UWjIaGEu_TOKexGOS_R7_laqfCWfQ1owI_NNCZhH0_uU3C59WylAODeK85WZp4diMBEzWKNDrdZtOxD5zW3tdMIBEGikykPntDVJMHvnGIqQex2BIDbUicS8WbiGg2JR0ztwbmaUT08T5tG1J8zrT3V7rTy9Z1Rp7XqGHdz0oQSj58WFmOWpTNWz1lFKMlOMGsFVtAEs	accommodations/tartaruga-beach-unawatuna.jpg	Hotel	Mid-range	12000	2
70	ChIJVcgXMHty4ToRmtYkhCLxu_k	Kalahe House	6.030299199999999	80.2659919	4.4	["lodging", "point_of_interest", "establishment"]	AeeoHcJZ4ekLiaykyQDeUFDJmcFWJIAPmBTLvoTJ-seZzN6sDTQPXJG76KQuiEnnLQXNkW9dgBcFYUnw2A_hjnMZq0yqYRnA3HMZioLIJtGRHNUPd09uBlVPXtMkmmfTYbZGpvDnKFYHPNmVnp-MmtwY52lmjeeNLVwGAdLisVKRDc86gtV16eIoe_jc_tEshmP_6g2MS8brDuk4Kbmi35DW8nrUPNelpQRz2hyheGTG1eATYcI12oYsbw7yYQ4W94qu7pswP0KsN5uYCPzn2je1v_MXOw3wzg8CTV2g3-Tazi0dg5OTN9l_FFSayeKDy1Qba1XPQta7oyo	accommodations/kalahe-house.jpg	Villa	Mid-range	12000	2
71	ChIJG3ievPZy4ToRDTiigBFOLvg	Nature Trails Boutique Hotel & Fish Market Restaurant	6.018483199999999	80.2479917	4.4	["lodging", "restaurant", "food", "point_of_interest", "establishment"]	AeeoHcLYCeKY4cg8LY2Ljn5Y6mm3cx13-TM5TLgG72qlbxhB-kOZujdsjFCDecGcjOo_gmej5JfKvxc58VS4WnLBqgI4USVWJ_JG4XFXN6jUHPcdBuZct0pGAVFvQd_v-jEAJ-jXJlcOuRppCTNzagzljiSpsrAE-3-qHVjWHd_BMsvYavoo19EP6oY_TA75khvgl8nnAgSOYdByoQ0H89a7kY6IP-95-bj7-i_mQ0baY_K7Jh2hJRU81OzMpg4Y_CrtJO2rhXP-z2hUEnEb885o8awfjkGQKaVZje7_as1QSGz93Urtj3UtpKulOMIJKj7RC5SmGb5yDDE	accommodations/nature-trails-boutique-hotel-fish-market-restaurant.jpg	Hotel	Mid-range	12000	2
72	ChIJr7h3wu1y4ToRPrlAMv87QUs	Asantha Guest House	6.0109293	80.2497813	4	["lodging", "point_of_interest", "establishment"]	AeeoHcIcJ2MuGp9UEPKwfDnTjfWVTMEqX7A34WJswMoR4LRlE3A-gnrS884OJanvNhJD6TF-l9UoKmjU-hdYJUGPcBG-cGTlu8hjqJfQaAEPfX2TiUnL_sDmo5S9guRnsjzao5q6Fd3aWVTyyGIRD4AmIPw1T8beJUipIf6gbipyR1a-g08zbHUjudh9oO35HmIYpWM7Wywa0VloYQ7OnQOGjMtwwS5jw1e6wG5xDQEI4FDOoGAE85f_58Fs1aJz9Ie1QBK7eksXp-54DZBzV8rRj5LK6q8ZTjIB9UEepqnhXXzSeZY5KqIDPwzw94qdbbf5KfBOs81_dJ6HTeeYoqfuKjRotISDVl2lGD7KZlG8bCK3_ArFrmuSA1Hlr1I9K0m2oJtHS9rKJN9Sx60vJJ6hR6U1HYpR4qtyNAHsiir9D0upjHZ_SU27gWSRZHWto20R3x3P4Hy1P_SwBb07m-39rfopA5nRxqyYZZxrAmwvethEyXZAmpzm47dna15TJIOqa3VFT9pELjGI63otK7otVj1h_R9XJKtcQCtyzs66cRGHUQtv0qVBRhtGhfg8wh9KB14oSY3S2OW6lnELxxx6D_36RdKAJTixgm1nWk0WU4D98krjy7WGWUfbylAkJV_v	accommodations/asantha-guest-house.jpg	Guesthouse	Mid-range	12000	2
91	ChIJ9ZPRj_5v5DoRqlw4AirTf-A	Bandarawela Hotel	6.831754	80.989086	4.2	["lodging", "point_of_interest", "establishment"]	AeeoHcK_HZTYRJk73WsF8LhiGMTLNE_wXTO9XqJ0BA3_VQR_007mW4XwtD7fji2YcqEF8bS1erRDw_ke3T0Ai4UepmTx5EtJNT-JXa-E5PpClG89895Y486ZbTq2EjO4Krr9iEtNHI-NRFico0-6FjC10vYKbcvaflvfeSU6a216oVGFnx_y9f7RDf0iGiSYkgb3ASJEScWD6VANKf1Y8nkAB96KMzNnMDrDg-1bhegjCLoqpTwvBmJZcOYXjZVLBMKvPo56zoJ_baBF9EyN8APeL9DJJ_AQgmDiU0ZYkn7s_5uomW4iDEkCkqQ0IjDXGFNYsZUr02LlnvQ	accommodations/bandarawela-hotel.jpg	Hotel	Mid-range	12000	4
92	ChIJ0cWP6LZl5DoRAFLw8idUyMo	Ella's Edge Resort	6.8702233	81.0471136	4.1	["lodging", "point_of_interest", "establishment"]	AeeoHcJUegN_fQ_WuSiccsoYa-VoHsvOuwTCe7V7D61KjugwQK9a4pUP8EdB2a3YU7Qx1Z9m8KmMloBQTkSLtKRjHDy_kXvzFPikvCk509RBELUBy4I83cFc7ui7DjIzPTvFnjmBNOt9acN55-BlBM4kBxP55rZpqDeLnK20kE15PPaBpG2t5BYm2Hvl9PJbW559UGcptphKhqWWqvxtEcZFrm28qwFhX7RHgRpjqufqd9Pr9I20BAW8rWf--RpS4ibm7slx4dnoAk_GJYFOk3pwYlFMjSbo-XVmsNHaOhfgKHKFwvuRkfuSI9EXUAlT657EZaRgGvxW	accommodations/ellas-edge-resort.jpg	Resort	Mid-range	12000	4
32	ChIJ9dvbxC9m4zoRuYSRDbw78uk	Hotel Suisse Kandy	7.288832600000001	80.64321609999999	4	["spa", "park", "lodging", "point_of_interest", "establishment"]	AeeoHcLPV7PfXr8hiA4sOQW60TWAZv1fCGjMCxZhIVHER0Taygf1efkdnrKqU4qoUl4KxlekgKvqEEkYRaUR3H-65aJG6SqVmquBKy1EL9phVpYS0bB0f1mPGswWy-QLKA1FWlAMXduSUcwR06MvNJM8-hCkOdDUWCk05fNHBSYmndijEWDcxXu9AKSYXxVpIiWP70HbkMrD2ILgNOwcpJEBdrQ_CmbgOHSui_K51Vo9nFr4VGB2GBDIwufP341pHgV-030UfRcn89qQIFpQMlQ484dtl2_fvv4Z_C4VDweyW33P7xW-LIoI-9_tio5vV5_8v7lzFOcyLTU	accommodations/hotel-suisse-kandy_QA8tNP2.jpg	Hotel	Mid-range	12000	6
93	ChIJj6PLSLdl5DoRD78qgot08Eg	Country Homes Ella	6.8705425	81.0478358	4.5	["lodging", "point_of_interest", "establishment"]	AeeoHcIEw66kU8ptWmsVVjStw75OgwdH3mkkcH1XG6c27XCmQWvX8WL8JWz8ibVIZ_8uaYxJL9N03aGW4OgNYIaj0xs84TQFMLsK6jjNNQJqMJJL7uveZo06V0Ddcqr6sPZTmFKMfLFutE-vvskQh7YGpLRy9zHLrPKrWSjxJPfoGyTD-ZLWUgXTHVCNI_j5GtsJh4s8RsjC9Hmzpbv5QORWijq7Zj65IoNjol_ncBSXEQ75BgJCQxGgI-3OxQsoRZ7AeBUC5tiiYkEx4BmxbA280kpvnwWPvNiVqfM1t3DOWKgwAi-ft7L1Pvk08XuY9oxerEZE1extRqg	accommodations/country-homes-ella.jpg	Guesthouse	Mid-range	12000	4
94	ChIJLSMNBbRl5DoRXDc7iXqHZxc	Ella Inn Hotel	6.8753276	81.0483332	4.1	["lodging", "point_of_interest", "establishment"]	AeeoHcLbkxzg_qU5eKy-pUFTiyAIvMLUmU8cjuj0B-oN_EcqPAmxwsyWLERzvVgPDG0etopfLevzz7_DbHTJ1G0jxXu-B7U0IE6-XSzGH2v49xHLccvU1llQgVa2b_gvECV6q3iJDCwc2KYTtjHi8ElfDwnf4dfwMPyQDwGVKuL88mn0puGsH94UTxUHhsYZzuq4QqVc1sOHB3mrxsGmRhsdBhJBME2d-NGl8F9fUZckL5-tWRSlRwjTeajYzMQM1jGmt6wSim9B6YGN9b9FVIsu5ghzKI-5HJVYLg40C0gBewTBOgj6fVr0x67Vy_N_wPcwY0FiwThbDAY	accommodations/ella-inn-hotel.jpg	Hotel	Mid-range	12000	4
95	ChIJC5BS5rZl5DoRPdrR4cgE-y0	Pub Ceylon Hostel	6.8741305	81.0483283	3.6	["lodging", "point_of_interest", "establishment"]	AeeoHcKegQzbMaOWQUygLNO1e3Es3yHtBdquKHoNzOjCEMYlsx8i0rCOaVngV_80nDVjmXo2tgEz8o__8N5rQ4E4t7yyRdK70PqqnRFK-zVEn9AgEka5vsfSufJYaKtXd1Xy-ePvXjEhSzoi5ihGV1hfiBdfl8w84amq0rv7X6Vb_FzFk_0hMJTnmRcIVICA-vrOY7XNLYQ3LAEwUt3Aj3AGJ1IRQe1VGXU5ig0LixjxvsXywRcejQXXpG4ofhdds2fCxpZSc_ot_ZP0cwLi3Ioo51D6SXtE6Z6koQaIfm_pU9ac43L1fOzPdhF0FQTI__GYN8x-_NLfrGc	accommodations/pub-ceylon-hostel.jpg	Other	Budget	5000	4
96	ChIJE4G7TbZl5DoRgQRAlx2StQw	Hikers Lodge Ella	6.8727714	81.05191839999999	4.4	["lodging", "point_of_interest", "establishment"]	AeeoHcKzpY85EluO6p9oJ18L_EvUYAZyLYWAkt49Z9oHoFNFU3nkoiKWTP6J43U6J2_AVTKHKYtGywEF1Zz8MH3q7KjAhNTUTWOJtvZdy40QsOa4GNWVYNSCK4tLTWZsKyz_Fz3pS50HYU5P_Sy2-wCsfipwxtjefpArgtYVlzgfHGdC65krRXBRvKMhikF5SUMu-2XNqCycQlFfTPuXr5ANynzUm9Slmg1FgdmG4AUOqycRZTPSHHfB0CrIaFtXDOs4tJB9DiNymnrvo2uPKPZRyXzYSzZhjw1t9QQIIiw5PHQEKNu4DkmWdXMBnWZZz_jiOYw2hlvGzRY	accommodations/hikers-lodge-ella.jpg	Guesthouse	Mid-range	12000	4
31	ChIJmbsZmjFm4zoR9PZk8jQQJ-U	Thilanka Hotel - Kandy	7.2912101	80.6461791	4.2	["lodging", "point_of_interest", "establishment"]	AeeoHcIbdtVZ3GlZkivgpSSo9SdmQpEpJfhh1TiDYTug7Z-vORxMXy-7yiu8oms-pzxtbY3f7uIBy_mjXT4_CoyD-DEJPEAtWMo-KIRRk-gHOuyexAEGvFnvZeH-1yKjhGHNPSq7ubySF1RBrAUl_iLZRIiAxxrPjOKqz94bjpIkqz_Yg8oQYTvUffp5BisjuozrFoTOD3hTc_oRschGk_DhAuFfTcKfmmexTAkz7Ws4V_3ZIHVO8SYtnJoBLqIhlkH_IrZWyL8HMjQ4IrtYwm8vBqiatf6lXFwcnJI-YjAgWLS8yuf8R_68fgmzWW733c0hdPTddH-Fd1c	accommodations/thilanka-hotel-kandy_wZtFgaG.jpg	Hotel	Mid-range	12000	6
33	ChIJB68gnYRo4zoRjtuBU5O_Dg0	Hotel Hill Top	7.289268700000001	80.62842839999999	3.9	["lodging", "point_of_interest", "establishment"]	AeeoHcIJSy1PWXsnVYDvHV35SyKZdwl4uqc-DuaSZISJfwPIyvT42mB9gwyWLOX3YWWGhnnIuM6PqdUpjWALI_AHgYak0S_rn9PfzNkTMrZgCbUFxxUt7R27im84gVDgs7BAEpKUHmip6Rehusd-nkCgbD7yVrboVIs7CQw1SWd4urwJv0N-Blt-JswgyNQ2NvK5VEnqA3pIkUs4H4D11V3w7urO4kxZQ4apeCJq2YQyd28Xz1Tqz5Huw1By6o3O7vjcIF7vtH2BIc2AIYYQ-r1_E1WkR9dzHvSkL0kWumKWjqjI9b18nflH0WKv5iuuEhiIwpLMli9e_-nNBIeUPvcuWeXN4JEYnRVxEOR__CrSx_wimxxoGk46BnwlW8J3_GKAcQb8hwe7-0DMtKgRAfBaa9Of18a7shPS8ZHqJ_5o_UO2hfPIrvXUSKogMJFh7IRmnig4iwbyCfX8hTMySapb1WjWPTqfN_oGD58M5gUkhINJE2JB9TdW5-OzS9_kzimyGGF70AGGg_0UOd7M-x9hlQ3odG1K8lecCJpaUDqsszxaZVHMj-t8CI5TNJ9wDjBK2QdH6JsSjy4cx9kxRVVNw1DiFNeekZZgzgyOjCRs4rdE24J31EoiLBo6U8yLl0a1	accommodations/hotel-hill-top_WXbGvuE.jpg	Hotel	Mid-range	12000	6
34	ChIJwUBQIbFo4zoRlgONvSIXFGY	Mount Randholee Resorts & Spa	7.2627449	80.6166764	4	["spa", "bar", "lodging", "point_of_interest", "establishment"]	AeeoHcIVW-tx-TEsmU1LzVc4_a0Rh_MSUceu_5V20ZAwIBLy5j6EGjk3TjGsUYQAoBvm_V4VJLQ9fkrLdlXgUvFBwZ3dH3IPkmlcBByBOA42vZS3scJidI8u6btU4Oyjgnf6wAfHrDUwOjK42yCeQ9TMVmYnza40n_TDm9NNSUhxDiYpFX4R-PX9bHRVBVHSJkuMsgh02Aq-8lTkisjinIEfrGccKr6HAu_YdaZW5Qyg-HLVB-vUffqpDLMjsUUFgtYDgNArVJAhl15et1EOHQY5H_ms4wJKlZJvfT54MB_Dq25bJ8vc9k7Of2Q0eaX9CwT1KS3hlScVnQU	accommodations/mount-randholee-resorts-spa_6Q77Rsw.jpg	Resort	Mid-range	12000	6
35	ChIJbSw4OIRo4zoR8Kqi2PtbYL4	Hotel Topaz Kandy	7.290153999999999	80.624955	4.3	["lodging", "point_of_interest", "establishment"]	AeeoHcIIFt4pvGqiKpOpsJGnAK8Lbbkc3o6AHbuHUlJRQBKUI2tKsHDiAblq5nQ5Gb_cQHWAz1aVwMNfwsbNC_xazafKEBJ0yrWETX5X4onq3CmX6NsfrjH16u-icDWLygTMkuAL-03ftQ3xyJ3Dc4AV-esNAzgdjWjtBvkhz21mTlP3iPhkNAeDIO2Z4MFIMeDAYkm1Y1fi2rsjkO0_ShaQfl85ct83l5FeFd8pzMTrzWZTKT0P7w45lapNp8_43FR4M1aJFb6U-5P3nVXUNBReQWxHJ412rOebqgzDMmGvDAGZ4lp34QKlud5B7B5PLFvn4Eoqi_4nCC5M-hnpLyrQESFDTLvgn6tWggC4WT9tTT5v88NJKGNunyRluplGpj9roGGd4rV_9x_y2mXXNH0vKlVI8Yj-muailHcPLAjkbsm-7LgiLucxUnOzgY5PC2y4s-t1MeeSmAn4vv79IsifsKQ0LZIG610pEkDPkzPY-0Z6xygOXJlay05Nc5y99JntUvprQgaw3etjUd8jrBArsPdWZTNlIVUYCCcel5MZorWRwZJjAtvpQ0zx9Q4XHDsGFM19ykqR6YpyV7RcjolhWTNabCOeYHsieb2tOFSsmRCHNqdIluOv2t2ik6PYnK5MXg7mXQ	accommodations/hotel-topaz-kandy_ZsWFUfG.jpg	Hotel	Mid-range	12000	6
36	ChIJZ9ak7Ctm4zoRIwcWI6sPdQo	Hotel Casamara Kandy	7.2935149	80.6372217	4.1	["tourist_attraction", "lodging", "point_of_interest", "establishment"]	AeeoHcLFZRgliFccpwlaIsh5sx7jcmPdEF9XVo_JTh8XL76v_Rfd64CAXwf-c9gET0_FGlv5Dsu2SXV81TmrK_WkdiiMGjlVuWIGLdb0LNSTEIJp-bF3PvS3dwSvVehtYA6oCct-SiEAfDC_y1Ud1kwikvtlV2GiCqjCRybbAm0OVrm_DD5jrpEOnnTZIrv1DLW8zh4y7tr_TRn-mMEqSKpxU-a4sCoMfaMEW1yzf1pp57nvbWcvCcxLp6a5sT8fPttcn0gJKP_E_B4362Bv1NHEOBnmQ6-IDPZ2sLWVYP611rdSHXrhZzujyfdLwNlTD7ELvfhw4s_UyOIolx9KZY68lPayGsX7DQMjospaYClrEh6oOxf12vpugF1xLQdmxgDe40CNTGDhESYHvrBWpNjiUx7Jkpy22qPhMUVk66S3rZW-h-bmqIV8nXVj-6K9kslt0ytBmdTPMoR2aj0-WF73rQpyo-0uWw-jycF6ust1S0WhulqiS8PvVz5J0RY4e13tSX_NqvCLjZSwcQK_DN9n25ZM3_y1Mjq8zSH8-P8oB_k_y7j9Xh7lhEL-zvQfGJIM-oU8toyBG1WjIXWb2-Rp8J9gSFWVtkMuZdpPVp72Hlsau0CZ4W8465Pdm642Z2LBtMUg3A	accommodations/hotel-casamara-kandy_9Ay3a13.jpg	Hotel	Mid-range	12000	6
37	ChIJ-QCUocNm4zoRGtZzkdexuD4	Earl's Regency Hotel	7.281784000000002	80.6695058	4.6	["lodging", "point_of_interest", "establishment"]	AeeoHcJqPvBI-9dpjb1U6pJARkXe8NgtsC2EKwFH_H4snCHIAku1aq2-lxmJz0h18BKE1zevup9_m3xuei91zrrqb7AAkuiBHgwut8221RvdRpRCMXYR07VEygXdygkVM4JeU2hFmsoi3Fhx1ZQ2khKbeVNbJuRt2tj4wP96Gy3LFR198ubU87Ldf16RqD0xDpD7LWFznMNP_j2BkvlZz0UF6g1xnfevG29n9eSACu0x8OJHJAWV4uPAUCPCJLrW5Raybvtj7kaF2wa2jlxAfpWf_k1ftHxmdy0bo0Waag5JHJL4Pxyk5N1arhMTBJXmp1i6SUSNKK02XvA	accommodations/earls-regency-hotel_grmeEfz.jpg	Hotel	Mid-range	12000	6
38	ChIJzTyVRzlm4zoRrOSw7wzpah8	Kandy View Hotel	7.282706399999999	80.64943579999999	3.6	["lodging", "restaurant", "food", "point_of_interest", "establishment"]	AeeoHcI41HIuNR0i-1pKl08UU3WnO5SoTaho6Ron_yLh_oAM75zPhA4poMsynwG8-JlCsxROCPhFXUBkBv7cyXmWv8pfy-2b15KA3ZVW9Bbya6KBoEtqpPfno8VfPuO3F_QcuYQP6y1o4LXaFGe481-1hjq66uEHQVuYaW1QAVndjBanfQZwAvyIvTm9TuQHB7hF_HKxZkAXtmPqyYHp0UW3iu1pJRZoYBwps4SgZvBnxeHypNeowPtq1GYjNgjsddWtthk4hwoVmbw3bCTx4HUlVE-yDWGSfMETael4PV_SopT_B32iLJIZIc8YifLqVDhTTUo7IB23RYYYHpmEEswKraABsv8rbFxilIEMad2ZC_uXjwLBQ3Cpqohbeb4-TXQZKa_mhL-lAMTVJ_RYOexOUgagP4jRNCznut1PAJuhcTvH0bZ3y2pd1-MsyUYoTispDOaJeLTe6G372dfw0KyMFoIPrXDo2redPM82LaCosojt1dWtNkM2ibWOHfvrzd_q4cHWc6IjDO4mliqIkdgbpLLEH8kUuDYZbhDqyhg_ekd5PqSHT_BYXDE4aDeUJJrt0jtph1VgF0BdiB8w4luj3t8qqVApAsr1O8VsPMkUW52TSXQREDFNyTQDtdhTexHR	accommodations/kandy-view-hotel_hm3HteS.jpg	Hotel	Mid-range	12000	6
39	ChIJ51NQdytm4zoRg-KtcwF8_VY	Charlton Kandy Rest	7.295045600000001	80.637524	3.7	["lodging", "restaurant", "food", "point_of_interest", "establishment"]	AeeoHcIm-GOdA49f9oYsi6U0VVGBpgtDtJ9jkv-ilbFKKE4X_zZA5QWwCpWZwj0Er3fbhum23e1tiUAOhQkjZUT7F1tSy_7YnFAZig4-L4MEp8MlGJ0AScYfbHfB6S7PRYvfscidIZaynzB77HVn4yr_gk8bg8ckUzef5-Lfd9bq9uHz7Tg0ueMoJ8GhbuIWEEhN7uTlbeghp6jbfH1VSsRfDEljtIbwaf8_srd9dWqUbvPjBFObHbE9HwwqxJhbWZxD7UVP7zggiDsHxAUgJZwk4HvUH2qubsux7tWeRsch_zR-TFvXZ3ZYCMcycigEXgwf7qjpDtdQA3tjBOFQLQbE-YwoeLnxTFQoHzO64aQYHwJMsMoLebOtKIeB28zukEAXlXOZ_UEBLN09uuzZTi65-yHthbpYgpfoqp57Z984Zu_hXfPSU-odXV9yO4O-tOS3tEasQPIKdtieC-lGRv5oz8yXLoAPBwfXPADdQTVt0AMqv6P1NTJ5DjIQYcN2iZ073aXcQOMEJAg3e57czO6pABFkTEFyxGkTjlFYrQpgPpv3YK8qBcEVT9pEc4pge0AIUzkmRjwzDkXEG8PSCwfc2Q87iVxP5UI2dsUyNzgfwLJPsjmp3yka7h6qiG_BrXqKuuDvQg	accommodations/charlton-kandy-rest_FgBtFHM.jpg	Guesthouse	Budget	7000	6
40	ChIJ723RQTpm4zoREi7Zn9d5HM8	Vino Villa - Tourists & Local Accommadations	7.2851395	80.6478272	4	["lodging", "point_of_interest", "establishment"]	AeeoHcI7Q2HeFcpjpA462OTo42ZhK5a26Vu54BQPgjRInqyUJ9WWjKL52xdlYNfH6Ov7EEK5zMjRdqX0Vrz8tpA3kunsC58I-kPjTXtAM-VrLuHjmXroeTw--j4D3ikQAyha5Yng4Y0jHbj8KyyeQ0I5N0Ygs38G2Kw76nZsFrUr3paGbHg0HVBWncN9XHUdJF7LLE-HoNB4OQ9SFWObvtmyHZAaLFvA8vX0lpjJmRFfFLKNeheMkcpSgOa8w7O7lMxF5uupUAIkluoK6IVkEN4EWx-FNQCzO8QsFaYV00WN3mHuNM_az-0VLMTv6gto8UXiaNcIzayvpIw	accommodations/vino-villa-tourists-local-accommadations_rEBumid.jpg	Villa	Mid-range	12000	6
41	ChIJT8hGOOpo4zoRfXjsrLEocAg	Earl's Regent Hotel	7.283161499999999	80.6100986	4.4	["lodging", "point_of_interest", "establishment"]	AeeoHcJSLBBtVosMEQAtQiKK_C-uNqz2w6L7h5Vdr67RvPxuKKuN_8F03FpPnuXwidI92zqroYQ17Q0oKuIih5EjzreCAvq2rx3zTlSjBjB-97b7fvI8a-r1zg-tDsUd58pIgaWvd8wuF1aVAJNwhciskCZd2R-P3UqXD-erd_gzY4vtF8aR2q9X9pXNeSI_UKmdIDH1EDXhPc54-Z7bdY4wJhl87C1MI_IE4arzp7P69cQP2dfDJ0_nQNgB0mVtVUI6TLqigwExZqMG7wvcxM7Q2i1pzHp8TZeq2Iumg0DtosmTax1fBj0vlPuUmbVjS1kNy5VplgyMbR8	accommodations/earls-regent-hotel_LrQzGTx.jpg	Hotel	Luxury	16000	6
42	ChIJs-EQajVm4zoRKrtztzW_fCQ	Hahaweli Spring Hotel	7.2970139	80.65442159999999	4.1	["lodging", "point_of_interest", "establishment"]	AeeoHcK7l6Aqq57W9E0RWHlBlgW-c8amJnu8LW_qiB-loZwvHWqAtqlNF6DgTdYT7dnXhBsPRIJInJ5cwilFVktOxjlCYt7Wz5F66aMW8aVVeVmV_RaonmdpUt0OLE_7CEIzP6TRWxeGZsLOXm60-E7OgApXqTg2ycAlDWMzDkvTUS3GWxFgiGYLHdG6ljfI97gDJQmaWacbNErR-_aHnMnmnXms-LIzMi9PBWLNcoLKhrl9uPNHUXb9vMCNS2QM04sghKCgfDytRwx9H4NB9jb8491PmLn8dZqjpeBe42Hd7OiBeYvWMpav3ub1zdg4a4oFTBzJa9ConqGGjjp6C1sPE5WeF0FexUNUKB-K6OeE_geqP1JleXZDqAm_zu7bJdJQIYrvvXWLGLnvKybVHWQHfj3S3fXcrcOqw5J-9_jtRy06BA-TaUFR9IQ1J9msUBAUkX9XgQxUYU3mnUtgXGd9-GMiaPO_0WjrZ-o7qTsUP5GkU2kTRcu2rpWReR1N7gCaSeTABUDppZFVkd3kMHotC5QIObG9AcgvcEww9BDVenf00PeamLX-eUg7QdRuUTSHJWQE6ztm-9shNuRIHYvQI0Yci9mljDlcUSsUvekj754ams4KxenzP0wWDOLn3PfmCHBgfg	accommodations/hahaweli-spring-hotel_Qu7UH9c.jpg	Hotel	Mid-range	12000	6
43	ChIJ40GHU4Fo4zoRTDjZAIPP1ic	Amaara Sky Hotel	7.292238599999998	80.6273216	4.2	["lodging", "point_of_interest", "establishment"]	AeeoHcIO8lZmNanOBZCrnRcdR1ezDiOA3RgSPofvgNemPqCDIaMh8RzS0WmNcd32J3LKajc7RaJ1eOHQ9C5EJpcy8yXM3MwG5v9MAXaF3qUg7PPQ7nk1WQxtVImlkJgoGn2Gws1_PkYqglEZ3JeiG2LgCPuVOtVLPRqHA_u41PUmEb8BFIp4HIe8_OgG1cp82qwKJsiSK3khnyWoPzMDwf9-dCKo0DM9PxWAd40lamJ2SQ7LhV-vMCGnVusje7Cz6_i5-tLx9IS-FNCogchwdA1sV2MvGBD1ojoRMNpIheXZUOZF8Dd6f3Kw_p4-7HwBMtBPVEcwr-oMBz0	accommodations/amaara-sky-hotel_gfESmhb.jpg	Hotel	Mid-range	12000	6
44	ChIJResOjC9m4zoR7QEYrGMKCFQ	Sharon Inn	7.2872307	80.64209009999999	4.3	["lodging", "point_of_interest", "establishment"]	AeeoHcJYJIWsdXM1NgoBkodXn6EjXCM1tVx4SFebNqezNV0G-i1l33bLeYiVrggangc2KfYITg8uQrxwIxcI-DP6Kwanc-Vjsl91WJjuE7d7nT2WyIXExs0H97PuHVWHl5RymPCJXWopwvirpulCjPIdUJ0QgBDUT2CykU1uXBIbAJbkIO_GPqEBT7Ojd9qXZhGJhE-_q-r4cg_0cyQ5dqRReqeqRhKzetqY0SUNMyCg5jmp7TX7_Hi7lyq_O-U_XBEHe0QFqG9STOJ8XueIRyXfQcxGf1AHNVo0_N-HgwYrPw19-wUXsbZeKqQQvyUaU-8zl3IhGkZ1ZNxlhQYcgQhdFJ60QcUHvwo6uF8qoeBDNd8HAPcyGNzRYdNpHa6FS0XUlJIBxxTJq4ej3cphPf-04fR6kktYoBijjn-O4kg2EY9KXLL_TdCTwm8W8mNYXYXGISiWhbAVXc6oJbn9scRaO0BlM2q_vRhJCo5AX0FMtl-2VAtZchZNxodiFVjBUcOH1GHLb1li9Bxo5h5Ey4cHrCensQLZQYuZ3umApKE7t0NpiPOZyltoH6BB9zrF3MTET9_nV51XSJzqcUIuyTI1cIdFjqKXfA3uRF-ZiYWy8sHvk7zV0snWevjBV5rYnFS6njpQonJ7	accommodations/sharon-inn_keJCGYT.jpg	Guesthouse	Mid-range	12000	6
45	ChIJV4FZ6DNm4zoRuuAh3vrOuc0	Hotel Sunray	7.2926426	80.648009	3.5	["spa", "gym", "night_club", "bar", "lodging", "restaurant", "food", "point_of_interest", "health", "establishment"]	AeeoHcItM3VRO3kZPZlrF6jI_sYYbasSrygFCSf2RjOB3K_rDKhFBDtE52Y_coUjCnFFoe0AHQtGQfEyQ5vf1pVFvsk3gqFwU2NbQ3fD0Wn6vtax5W3PVLkS5imDNs-oHgr59bJjrv2W6eP0DIUdvESfoAKknZ34_1eO46XrGJ5r6DnpLjroudypEZtTPG2qvqJNb0Wdt_irF2z9VvAmp-fAdci2VxmJNnAqWbKcO2O64LYiJVo3zzKqPNJN9AFOWQzD9AnnD68yjZepNN400ZV_7FyssxgpZCZwpXD_bRRGcdFba8UbHAPIqeWEjlGC22VFjFgqvi5Y	accommodations/hotel-sunray_LQRVJil.jpg	Hotel	Mid-range	12000	6
46	ChIJL6sTId9n4zoRuLJ_6sJnW8Q	The Elephant Stables	7.3150611	80.63496359999999	4.4	["lodging", "point_of_interest", "establishment"]	AeeoHcJ-WdX9YSg_gQ-_6E1bJC7tT8xw1QnUuEO1NTlfggpr6Rw_fOApbF75f76qBudj9t0KjRzHOM0mG0v0UeqkWH8EpM7_qM-mz-q6Rzxnxi7vflayTIsKH5oyCgDmLHESYD1L11m9N5NANgZLVx9IieDTsvNJ4Sr7ZC4qh-8vG2XPoltDa03CCC48UM1SQwXJOAc2aRwoz8JrwjqOdYLmTXHjDkupiXyoxi7dwv1N2s4qhl2nrPi-7RSsfUGTPo1x94rXI4epeysd-G7EvAwaaVE_gTf-SgRNBZmkYgqBDwjVYgQu-0UqrgXaBqWQOuQSFzjuiSqNCxs	accommodations/the-elephant-stables_HDOcFGN.jpg	Hotel	Luxury	25000	6
47	ChIJK3uAQB9m4zoRWJV4MLhSNT8	Eagle Rest Homestay	7.2749706	80.63708419999999	4.4	["lodging", "point_of_interest", "establishment"]	AeeoHcJeeh-q5E8JDKY5bKkffRP2CYFStPg-xWR4hSzNC561iVpXYKUoH0GgenmdAXMN4FI6Rr1AbcuJlh6C70TKeKh8EiBKi1uuTL9gxC0RiZwQdzgVcgk22V7cfjrI0S_X3MKxs9csG9Lo8CzIbyXTwWr78Qas6db2ZssdIhH4wnI9TTICjhyTSF6WBGC9Ya56yemHoSUbR_jrb7ak4uCYkUgFTijkOsv9vF6xRpS9ELJYUA7uDmo8VEi8jrfpIHXvUmwUpCIz50syDGXklb5E_hMGyxxZYuMWR8zji2E2A41Sld9tNqRJTKgp2vmPurqGn73PXd1AG0FjrbIR30LRxL7DeJWBRr3_RL4L5p34qCJlKUOzCsnG7_sVVAZ6GxlOBr9HkpUH-WaD5xEJLyHVkhYtum1rRmv1ldeRowj4xTqmuKRfDoTqDZFAtWwcU12wVPw-DmqgMG7NqWXgteSKDfzM8tbkloeHCgdw5pkWi9C92NWo9tVAw6gwzEnfMy25Il74BxsPop1GJ_QDb7zUL-_eSQI5Ir4g9YmetBKb6gr2HRTiOaxdlt06hsfq6S-y_DytVFghh12EjUBvjvi0HIzAeNp9lvR7xxuKjizLw5th-IUmRrL0AOF4zx5Q9gDNuyHjiw	accommodations/eagle-rest-homestay_EKpVlow.jpg	Guesthouse	Mid-range	12000	6
48	ChIJuxTiqqNo4zoR1WU1IbX5CNg	Hanthana House Kandy	7.2751669	80.62696199999999	4.5	["lodging", "point_of_interest", "establishment"]	AeeoHcIjYLnb5YNq73QzfAePhRDtnc5sLxjP5Wll07NOp0i4KiZatwlVyKGbpk76sqeEjbTvBm_LqwGtxJZpnnp-kzXO54_2HEkVfihRJ7X-mCSfXPDjomkQcRF-5d_U217hrwfEnKdCwOpckzVUwwsgeYQhkd5863L5ayrQZF4pC0oR6LtMW17T-fR09gG0ozaA7mWROhqMjXpC5HT7MfF5FUDwhTR9L9Is4lUg89HNFBP4kthtVVJvkckcTPBONlCcxiTr33V5_-YX-mG2FgkxKKDu5pQB6seaXwSsQZ4tot_fy5aWoh79rZoAJ2YPBoUPBiFRgapvvFg	accommodations/hanthana-house-kandy_v19KOL7.jpg	Guesthouse	Luxury	20000	6
49	ChIJ4WXKtitm4zoRSymYfDnuFqI	Kandy City Hotel by Earl's	7.2939956	80.6358173	4	["lodging", "restaurant", "food", "point_of_interest", "establishment"]	AeeoHcJ9G9PjD1LazxkxBgeLY-m3ozjWRSMKX6o8iSnbfrvqAvQIxg3rxGLiz9D9RnKuRsV1_v3XQ0unRb1qQD2x_gryRt29WX11B5HDjbm886Czm5YB-usT4zOdcsg0FMAThK3lvS-N-BnzPl_99Hj86vgWPZA9ycW7U1cxVt7kS2EZ3oM6Sy3fErqf7Q_aVzWiUWl5_MEWDswmpxGkfznE9HEDttgBmZ97B9Q5KP0Kt-eZjrxGN_0bNMhNSiaor1JK3weOUYVqH5RJO6DZhgSPgMD8s2-53czYvk1vh8PGgMP7NPgQvpyFQCSX88tUJjOz9LofJlhPE68	accommodations/kandy-city-hotel-by-earls_q76rDod.jpg	Hotel	Mid-range	12000	6
50	ChIJ6d8xPy9m4zoRfIPAi_om-io	Senani Hotel	7.285211999999999	80.643444	4.2	["lodging", "restaurant", "food", "point_of_interest", "establishment"]	AeeoHcKdUmT2Y175XSm1qo_xG6Lyn2QqzOLwooZppwuzQqSx79xnwD9eCtEcGWMYIwCsLaJU1CzSrrE8up-OE2DHjR7rK2Xc0PkDU548lsiHzmZp0bnRZM3Ajdn3LyTrNBaj1SxDzDhYfZIRDgs7oI7TTPJ93dN73AX2rUiMi_QBuYew5cgEzVfuPen4tHWooQfxh0DGuC5RlYq7D3AJKlm8unILcALeeauQXSSsdC4Gn9jQqCMTcK9AfJg33XHdSJeZ2jQQrql7-XTD7zUFIdvKZM_O-0_Q74V2q_2ekGz2fCdrqmrO09-Dd9agPCnSpBv2i2ZbO8Zke6s	accommodations/senani-hotel_K4JDGHl.jpg	Hotel	Mid-range	12000	6
51	ChIJJc4OLcdo4zoRSiBbu_Hlxsw	Kandy Paradise Resort	7.2699943	80.6082441	3	["lodging", "point_of_interest", "establishment"]	AeeoHcJOmi7xRyROLHPSC863UemdCqBu1IpCWZR5OfZHAKVibSEqt9dartIOEEZyLr_5r5u9C0SMYtjEzLJ1di4UJwOkDWtIxLTWZ3-9KkSwDOXFUPHbSZdz_73zfCM4AnP4BBZ8hkalRq0jfrBwoNWYGFPDQKDUf93K78m1FmE5JBuj0punL263fquNp8v2Tb8SJldKauSUgX_8oY8SHVMLi4SySQ0LrYZ9LHNIlw6UT0HA6IrJu3EKUpbuNC3YBPNhygqShkS_AfyMtnUrXE12aev6FRprtdd7SJO9f5-ku5tsPvnr7J-aQfXIWikFfsIV6f3Lpx22q4M	accommodations/kandy-paradise-resort_jVXo8a1.jpg	Resort	Mid-range	12000	6
52	ChIJpYnUhidv4zoR2O6Ywi6uxvg	Yalegoda Walauwa	7.240774699999999	80.5884719	4.3	["lodging", "point_of_interest", "establishment"]	AeeoHcLqJ6JxI16R12LMiUbmg4L6n3tPzMPx7nN3xZ4zZa3FGtphdRn0Absqzh_kLz6_vnxbtTe4LIP9ChzU2Noh2cGGcqW-a35XjlQ0eaU8pWokjPQ_Na9ahiTda5nxL1GwW-3JT31R3w5P0-fumD-NXYzFasKUjVOqDeaodMIf5tHlklkrfgrNnCUgCxWA54KEPkzYXb78-xFn2L8_7R_Zf_ZuMmzyrKoru50fe6FMnGicQhIgGfCdB2al47jb1xRu0fwxwvWAgCcHkXSUGbMk7faOqm7Z98ZNOhuDxAUghtMkSKzlDQ9q4gJPlo_vcZ3x1UTyUE1wMm7_-JMU5VKWp0V4W4vT0qoekFeLPGvGWnWSYFfYNBFuvMb9Qvci4uIoh29ESRJWEFTApvfEdq-E-Gq7vpDv-l3Os6ktJbjKUvzksgYFrbsiPmoEJWbRf2u2Tt4UF2y4-viha38xN-H1gM8Yic6AbOwfiTaD4aTe5ZHSa668D-pQHcfempnGkPOOAw0bscFiPpUMzPYI9nWjlb1Ew1Y887Th_WXXWd26I_OJt8E2_0IM5FOogFXoa2pW2HvL1ALkmCpgHg3BPWwJGxyIHcL3j1j9kG_o3IRrfTBZUR8lq_Z9VX_QqLp0f6X6	accommodations/yalegoda-walauwa_Cm9U1tl.jpg	Villa	Mid-range	12000	6
53	ChIJH6aWUSVm4zoRdINOOt25SMw	Blinkbonnie Inn	7.2862933	80.6433784	4.6	["lodging", "restaurant", "food", "point_of_interest", "establishment"]	AeeoHcKP5_yEPMYG7vQ7ZNuvp-hG_JbTgufivjfcA8aI0EFCr5gypr2UqwCxdggxFiWIOpuNgg5YW7YaYJL4MjgRYY3LfOufkw2DHGe4rPY-VFOcobWBty_Ql5hf9pUpSu_aFwUDKYGWK8QXL5zFUwyHRULrGyBUTdtfRmCqVU1Ytj4c3h6EqNSWh-MNp-j8mJp8UC3x0GslMpKUdhY1freT-9vVI6r69C4_wnBoCZgG8YHaM41shGXeGDR7HVZ-QY5GOEiUa2h7JWBsOk2w4PsxbszNV0E5rsrD0bhHuxVuo0fxvcuAw1GbWu-3zum_abK24TuNHlWprGo	accommodations/blinkbonnie-inn_7YvNOgD.jpg	Guesthouse	Mid-range	12000	6
54	ChIJW1zvmytm4zoRytBOo79QVwA	Cafe Aroma Inn	7.294435500000001	80.6372705	4.2	["restaurant", "cafe", "lodging", "food", "point_of_interest", "store", "establishment"]	AeeoHcKk5PozguLNMv7cQb7LdhPlfPVwlB9zHoUuP2XMimw1_yeHlwgfJVbFHGiPvjwVYz7Myx8gTs7DTKTXNQ-7rvWg97q3cVsMEiwVSDwkrUjEqwsDLieuZlitKmuK68bfadpTlN4jf5ZjNalY6UPYQF-EtxtzG1RxfRiDmZz866UFpjrrIBZdxYwxcySJDbzBhwqgdnoXmrWmyo94ePac4TqzuaUGlX4MimjoqxFRJfWaQPw4xLE8U0IsjchYN8oSqFpoCtQ__IkdmGS9pl4urp9ij7o4ODe7yiYVeTCwpAuc67hooD05XtNIPcXTLK5sArOGtbc0Fv4	accommodations/cafe-aroma-inn_WfMldPD.jpg	Guesthouse	Mid-range	12000	6
55	ChIJ02fdjAlo4zoRytRKSLwH3Lk	Mahaweli Reach Hotel	7.325217299999998	80.6312102	4.3	["lodging", "point_of_interest", "establishment"]	AeeoHcLIBKoTQ-Mk7hsp7lhR7Z1kB7DJBfw6z7t17tYMe3XLJ1ZJBhQ7FQ4G0k0obzsSnyKIftOy01pr6dJL0ureHIdfwV3IddaBLcu5Vt_NgTsRROxtPBYUepW5TT8tUZ6UBZms-I50iANOamu_ojloAyuaECdiuwloMfFGIEJzujskXKNYoZr_SqhGrn8ghYTve7QeFzXUxVQvqki8us3AmwccwAkWJZz7mbspm5BQWru-ff8Gbe1HlsjxBnRaLRgVqHqWtWmI4SSH-t5H6DZblkynHgpqQ-AN4QKqXReTEC6vr8D1w5-uowtujlZgqHqCGujYNpr8m3J3ZhRWtzMzHj069yF-Pc76smybOenRkC2EVXjnR4xMGgFid01NefZh5EPtAvkLhyHVuYMAMEAfqzPpT3hVR87jKeMGpWgx2inRRXGhgXYHjhofXWb2ioGHWrzox7RiKL_rMgTJZ5ahUEnwyOxVrTilCHSjzzYrVWisU_VeUosDwB6OIxq1IkZn_GrT0fJyQur0r6Qay1oUMu43vAsAur_2uzvF1yZZW6tceIBWLpjT2q0Z71jKI0DtpiQk8S2L4hXd2IoZQUwAfBTOzzpxTlXSTlrHGM4AkQVi11DTV_NgeXuEXDvhgxZQ9Wj3zVnR	accommodations/mahaweli-reach-hotel_ZvSVg97.jpg	Hotel	Mid-range	12000	6
56	ChIJ16ASH9Rn4zoRZPMLd6A86NQ	The Grand Kandyan Hotel	7.302767199999999	80.6367887	4.5	["lodging", "point_of_interest", "establishment"]	AeeoHcKevpTrMv_FtVBtCYHEpOZOVnfB40x_jrS1q-IlmW9y2ATNyrqvn-rg4KuMveLt6mryuiHa1uCsSxWOsSk6wsT74W4acYj6OWa53_4LbbCQk6qI_VozCSvzC4D6k2mTSrXV369gJQtF5hx4gzoJqg9H1tgLGryvN6Uc5jurFNcF1PTJVh3ZwgXx3kgMEJ0pEKi2qgIVXvP0y6O7aMsR1uAodnjX5wiOShH-vGEQAYN-C8M5ryxPE-QgXF_yWDYSasPAf-XOXzny92RVebs5qjAvlz4kD3oQQcpMQzU-Gf-Zes89IWCzxeH2rE0BqVwXNiO8q471QMc	accommodations/the-grand-kandyan-hotel_ALkZQG5.jpg	Hotel	Luxury	25000	6
57	ChIJ68wo_Dpm4zoRBsoD4xHF1XQ	Helga's Folly 'ANTI Hotel' RESIDENCE	7.284939399999998	80.645989	4.1	["lodging", "point_of_interest", "establishment"]	AeeoHcKFFOoIe1HKroInISFWZWvd1uEs3BZUDt9qoM0WK9xryHuO_SgTXv6LeIVDI07alvexApn7i5CF2eZIFXskdtkgGDn34mnPsTV_FxqaFSZiX4IZWXTqhdfKO0fYuOZy9GUvQZCF7Uqa7qKvtX5VxfcGlz5_V-S7OjBHDx6sgX6657Z2MU3EC_mhPWqZ2RsGxZ241084zVracCO7yhqR-QNswT6mN75u8nvj8KojpaZiNm-YxvChtlLAqBfyAgAU9XSjsNDGeP-iT7U3jMzwP4OS6cWrjAv0KDxVVPOQ776O06ZuTdsgK2kPS6NLNULRroOA5XG5iFwHbXUKzG4J-iPEmXG0AA12CPbVbc5111xrP3uhO-6mpoUOSAHuVXMSHC8rTXIMBGYWuDy_57Km1fGObecChLWh55DxQs7HYB7Ya9MXqwzaQVh4FwG_ZKsexg0c7t2OusNX3fXyykS9HDjaZj355UQT7POu6fLyXw073hY8-WvaZwR6suwvIOL4VLqkas91C6V3aZtUWPLRqt0rCJbIMWVNo9hUET1EnexDR_CuCNpVWUSftQ6OoGLLZOlaOj_ae8Tis3WKp_0rSMAbzI6SgMan9xgsxJy3_1vJGoYX5wGBlLw8fFITZ3LMBNXNfQ	accommodations/helgas-folly-anti-hotel-residence_hLinfSk.jpg	Hotel	Mid-range	12000	6
58	ChIJZ92kOjBm4zoR-Al6PtN8XfI	Ancient House Kandy	7.2888826	80.6445408	5	["lodging", "point_of_interest", "establishment"]	AeeoHcJjlz_dBs3dHrNOde4Lpd6auaXGXIfhQm7qSRPm8GERH_TMDHxFhvWTE218yB9a7GP8m-2hqbjZq1opX5WMBfZDyLFsxPpWnrMvqhfnSmQeuEhRExaC_LsVnpZHxcb3JkUR9O_Wszoi7NWkSbV-xuS8H0hiF_zKtkxXlA92VMahanpO5KX6ukdPetwb-5O7nYaSV2W3oRRfKq0eUMY9hB-GlpmtQo11rORYmaFwtOsBX9WHpTmeI3DgwFHU4IOhJb4lYhCD3ZDapUyLut-XYCGEFo4q0isJw5-0mgN7i1c5TgJy5RRtInlqcL8XYZyLAVNdaYO2hUEFDKMg6yYfmTesqP7HKtOAs1Newua6-uBCNwMJgSs4yY5QjIH0DQBwjbnSJadhAUu7xlTplgY4I3W9ddBOzqE3-lRN_0iROIbCvsNF7UKqctqtmkJLu3sbzwAObGnmNhzhSDX2QqQkdM1P5QsrRd6x56-2mhRE7bwWi8RWVlEnPdnXNf_A68EszMTGboKjQS-lerWCUjtDwK850nTCafXqB_7UqCvAW6at7BqVmF1nJ7-qaelvyibkeUrFjfCQOvOOBjw2e3z6Vm5qTtn4mkn5a4L4i-dP-UeCALIR7WlOOCaUWUvOhWtcUmHhjLtt	accommodations/ancient-house-kandy_oUrfQbQ.jpg	Villa	Luxury	20000	6
59	ChIJfVHBEYNo4zoR52XjszZsg8A	Oak Ray City Hotel	7.2878202	80.6285108	3.9	["lodging", "point_of_interest", "establishment"]	AeeoHcJiMKBtwB7KDRduHic_tEoAOmIglEf5BzmvBFIIt1aYGL8CeHPDkQvIXQtVr2TqT2mgByB8HBXcYJGCZxO3t2IEr54QW6Ts_a8hbw_V0vt8auN29zmAZntZ8XD8K9yCDLCQ6j9IOeoz27415hySd1VQmVfvsIFm7T5qnbCt8GhbSlVdF_R6CgVWofXR4ybiknCcMlssZTSLjc6S178chthUUxZMcGeuxc7wPgXM5uJvfO5NQXrz5xJN2ZHm-vKTIbiSpKhBEdqECXiYXHPWe0tdZi9t48i4F383aybeDIowXa909SlujnbvVJh7FUo2PpyGBu7WGFT2behBn3NB7omMo5xKJzKCwN_EAuNkPTAiRbiYJp1FypIQenc3nejVydRyhOwhXIAbIBBagQNRq95gF1c5_sOEAtlcyyblpwkYD-kau6-GXxwbV56CQmSyeSRBGIWr5eHlMamNH1_jlxWd5rqvpXj-XKeZsMy8v2IO6ctzsPxJryP-4IIoJp_x1e1968zeXa41DwiSu6LfJTn3gO16LJgSTj9i1g8lFv9bALwTIkag5UaTEMwpXM03Ka35lqQrcmxQ0YA-qH_hclIsDy8G3nKVW1PujorLQYTYfUpnaCL7YkwDdy61Fdm2NuyDJZ-6	accommodations/oak-ray-city-hotel_KpR4GIZ.jpg	Hotel	Mid-range	12000	6
60	ChIJKRY1YyVm4zoRvZL-HJ-H5CU	Hotel Bamiyan	7.2837298	80.6493993	4	["lodging", "point_of_interest", "establishment"]	AeeoHcI3GbjivRFhND9yx3QGa0oj2wnlWecto10nQy1hxcuvfPmYCIeMXdpeAGn1B-RUkS2vUm04VRuHR-E0zXpwaTY2RjYKB5Z4ueum3MU0nMrl02OMTsH4VjoHbmimXRDKKA_uUFmtP_qgOOynEayLCNRl5DMUGemeH8M5kRDqdWiWUsNqaOyAWaiis33xUZLscWqvcfkRo9lY3isec59aBAYYjoOEpX-gPj8x6qg3OIWvrtg-aSVeapZz3NqEL1AYFRDTg_1wPxm3AM0gYg-FoWym0k4iKvVHJtN6jC0MCSLbBoRZAIpsoL1l23lqtlBPieAd1yLFiNM	accommodations/hotel-bamiyan_OmnDuC6.jpg	Hotel	Mid-range	12000	6
61	ChIJmyNMRrtz4ToR1N8_DiW-ckU	Amangalla	6.028619	80.21704100000001	4.4	["lodging", "point_of_interest", "establishment"]	AeeoHcIkhN8Rt4HEX-WB_W6eScxRScE2MkhZHm3U7CkyLVCV6lMMvefNdIOIqALWi0tgDcAQByJooTBg-Ojj7smgJFCG3oXKbL1O2nPBre5vKhNHZbW9aRZjdhaDhQfkraVdTW31N7pfaCXdSyWEsXoGe9XFMYqmmmYxjkyyu3YVo0IvciVko0df2GbZS8Cz6fdT-_tpU1h13KJCnayyZxuF5QxQU-3z1WeDKbDE-XV_XHrIXIjMK7Rdz0jWKv3H3pGX63tPfp4dmd0--CP0Pu6xevvIX0TsSKpAsRBQ_UzF0GbuPSHKfkQh1yz2Ae9-O3N1ZS4Z5ko4bds	accommodations/amangalla.jpg	Hotel	Luxury	45000	2
73	ChIJ2TqOXaZz4ToRMjcYKMO60gE	Fort Fifty Inn Guest House & Restaurant	6.026025999999999	80.2186897	3.7	["lodging", "restaurant", "food", "point_of_interest", "establishment"]	AeeoHcI7VE4ta95PdzvjLjlPLIZSSOxlHzkBK9Pbk8gpz45mUkBE4_aGv3hNfxYuPq3tRXAcPHdS4PQqXJ804nyY2sBDbQQ6pSmU2uNWzuMe3LMCRgjRiSsf7xm4-sH2e_i9OmuZ5UuCLmhRCurP6qz37P4VRreD2ANyCxmxjJJe4eGDRxobnSGj2qVhX0mG5kkIEK9-XUHmdGHJ-kr-FrUU2HkgZzxXQIdI5geV4ITM8vmgOLMbVKnxPoZnluGSS7xXfGmbZhv4SkRSknKWVcOgYb-wJA4Ks6dy8ZrzplPLbaLPHyRgzHlKmt-AkmqDfhqy3pmtYSDmI9JeZ4_mnWDfc0zS9cX2Nwfqqve1lZOn3C2cUc5EORxtH1RlwTaokrKyA2-V2U-gU8XEvjZTWx0x6tPY1hqvSm2PLkMiBj57vXGd7VRY8NpG6XTZs40fwgul8e0bdbs14jjru977C1v6gnSUsLrRPY85GPptt59axNGfZwxukBi3HjfV4z3_wg8amMHLTNyc-QNbyB9iVSNQ6ZmVnvncnEfK1rdYr-xXxAW9p7mVtjv9KfnQXaxR2nQIMP3ZiZ6k2mWroC_LyfEl_W8kHoFdRTmwkiTbEh5hXGdw_Ybs9ahtMIIRXATD5Qy274vy9A	accommodations/fort-fifty-inn-guest-house-restaurant.jpg	Guesthouse	Mid-range	12000	2
74	ChIJKQ8e8V9y4ToRptgL3ULACRc	Jasmine Cabanas	6.023172799999999	80.25356339999999	4.2	["lodging", "point_of_interest", "establishment"]	AeeoHcL2jzc9wmOM-j2c2gIMoSzbME9zwcoyGHBZTdxL1ziMa0V5EktLos6ePrUm1Ijrrg30qKk2Chzobyfdmln_KHdC1Qu4Bk804DRDmIaCW25zLhc0wTqfD92vTcLtwT2-hM52fa3T4sKU9uDvi-rTqTkSmF_oxyH-UorUIugxa4eBqv5l5XDH7hghYyI7FLWuyETUeH8f7_Jf-cJuN9AfOngWekGjUPJylxtWcehDC0r9B0_tx0FySYAvEFkvSwM6m5O1JSW_Qd4Mf1Ha_IuN1iafl2MKh2ZzlWZIslTywgea3vmzd_mwH8RPZY0Grp-RknyfMvQBFtY	accommodations/jasmine-cabanas.jpg	Guesthouse	Mid-range	12000	2
75	ChIJu0h9jKZz4ToRIV0dE3qkh-I	The Bend	6.026296599999999	80.21777689999999	3.9	["lodging", "point_of_interest", "establishment"]	AeeoHcKyjd1C7tfa94ivekiJ5NB1rVv-PjQTwozZR_lcQDDJLQayrdIqKsSfk_iiRe_g0k817ZZ-IQTyjkC8vCKmWJ6VVjxa5V21vUUOJAn0jDeRAEtvSunDFPKCT9PSh9CbdkL-37O6OaLJOcbn5f73NolqwUJzZG27wKyv5vAocz1Ts-cLbRivtjrdi0vt-C4nuXYvx9XlGdSqm5preMXqg72fHqaU7taXL7OnCwSGnW2LqWpZmMx1UxzZDz3PtDeUuclzCBwrFAfSI3e8AEOun5kbd99K5i5ke1OmqvcKjyfdbvJ_jK3w_L4oa_FOzNc9_xVMqNYNEutbelKWJZu8deuBC-aH2mr3cplanRiYBmFezXhp32KB1IQAzozkxcAK3_rmg0mIK1tlSt4ux0xQCraCxubXKdjgiGjFttS8kqG4R-0cGHeIXhLuHBdBjlXSxmjzN8tpe4vYJa3515yD8tG3YszTtf32WqEh7oNusueJ7wpxD6HypTUWFm7xTZQH567-A7iYXNWsEdJHFtTm_LpcRym7JpjbOhqt4K48IF-I4moOh95XEodtwiGCTm8XyeRAsDXip6VjT8f-HuJzS_fYFdAGwby6oL8YqI41kmMO9dcEj710FjJRSgCjkOP3DT_464Nz	accommodations/the-bend.jpg	Guesthouse	Mid-range	12000	2
76	ChIJ3So3_JJz4ToRiO-4ANKirdk	Megabe Villa	6.040943299999999	80.2016917	4.4	["lodging", "point_of_interest", "establishment"]	AeeoHcIVP9bf4uRgwEmZ7hZkbZXMuTjRBrlnt_sHTfJVZhT9OqY4IcroO8gObH0qHAtQo8eqbGPTxWKnaEhrltCommXoXqnkibxqUXYWkCF1vL8tqfRb9xRyoyDuuCp4dlBGtcVxZk2GUl-abTtx7MkJ4OphDYJTwnRjMzlugAiGg-C9_IN8muDYqst-ZeWzkO7j5ThOirXzZ5NPbXOebQvWPeWS4GD6qCaMmix43LlzYPstCanlSyhsH9-0b2gglCTdDykKy9krut4kZOBp3vC1y3oG-fHKT4xCUdzNlalqLe_1tqQvvpGsOsCkD2inQmlGCqYpyotst0l8-5drbSryAwQqeBXBY1vg76s-eI0uyFKP267vU6v-iiLqvNaKUkOJP7fo8CMvv4ak4S25qxVOQymVTADZbeKQfh9ummbG8Gtp1lrJ_a1xeMRixnecyTqZKR7Mb6HepPYPUpCxF8eUAOmQ2fF4Ixi4-5wKuNf_nrcrs4f0yVf5cRJafWTGg4iiiYrHsLS8J9NE4zDfdFfEeK5kJHqbzI6LtuZv8pYv3HYGQtazsDn3_TiM9XPOk1rLMwW6woJ2dCc2uyhWY-xAyGsb_XhohzjgsJowwm_EE9Q8v-rhK9PIciW-fa1oAPBz8R7Olw	accommodations/megabe-villa.jpg	Villa	Mid-range	12000	2
77	ChIJyyzCY6Fy4ToR0rLg8htL7JY	City Ideal Hotel	5.9985519	80.2714027	5	["lodging", "point_of_interest", "establishment"]	\N		Hotel	Luxury	25000	2
78	ChIJN3G72EFy4ToRbLFCGGCM5qY	Templeberg Villa	6.0413011	80.25545029999999	4.5	["lodging", "point_of_interest", "establishment"]	AeeoHcLovLYMwWneINyruL7f79z6vXxXxFKsIfb5rGq5iQzTATbBzPx4WAk0qbUtY4yzayOhcWv22Ki3C-0VJ9VbdJqa4OpeD1sgfr0XWzF9NGSM5uFE0bldysDrw4AXevyKaVFS-gcXG2An-pBJfwjdTgPYxOcw43mSo0UhX3hRreSlF1Lcivi1GkizcDExi5Ne1Ubn7XTeqpFf4p9ldHf9em3gWu5AqGFxcE7zQ9Qe4c-47_6R4c0kgEQ1MX3MCTJMxcipONYvA2pQl9r3eoy7cPAwRL1LMfSKLeKcc6ZLJEPymnjVpg-AE-o9EO0pSvuNLhC3Wi_p7BA	accommodations/templeberg-villa.jpg	Villa	Luxury	25000	2
79	ChIJm745gPVy4ToRV5CR5cAQM6I	Villa Malena	6.023279399999999	80.2522259	4.6	["lodging", "point_of_interest", "establishment"]	AeeoHcJ8JzAkKrp0GBKrnWyWMtVynkYI93F4bUEeluibMU9pJNfWJUie4hjDa9ykaE7wD-w6XeQj_jG1o_R1Qot4qsENPIJhRbQIMPAQo_MK300lO7ADKGURcfQZW14Bn2naY7QN25p5tt-BDT6B7ddFwoaVyFTRgX4c_5YMIU8TvgvYZh3_rg3Ix0G4WP0rKrJOU-pO6OdbOMr2FvWOe6bglFKntrMthd3GQbupswkn0m0vgTolgE4mFEsVx3Wk-5-qfxEPLUXF18LYdgIj6Dr2T0PZE9i3Y1soU8ll8CWOU9Npc9iCw7yH_5-abCm2Os1oG2qzmfQ6SkHJyjksyO89DD125gt9NEsCWis3K8khFXAR-rHA-3jvBf-u4vtXJhmT3A1mtENCC6x7yJI2TodruBPWhq2VvpC3NywB7Gn9cexcwIfsUS2Akkfpfp5NnO0r8ebgDvuioUSSb_X76-hqE2XnjGB0AViixwphb4solb-069fgQJmGBQ2jw__ZC5fimWF3uGdpmmseg9HWvuviZjPUwzPHSxBsmF90MtcxsAWYrDDclVY4D0pOIBlAuM9nzbjZBCDT7gPEmJCAJnDHW_u5ZB2Br3Pwn0HsqgWxTQpoCeJgW235UYbAxv0Up9pBxN1pvg	accommodations/villa-malena.jpg	Villa	Mid-range	12000	2
80	ChIJT2SKuexz4ToRW_O8ytn8pOU	River Side Villa	6.043855199999999	80.2028574	3.6	["lodging", "point_of_interest", "establishment"]	AeeoHcJeEeIyYamgjH80uPti0jTuWNux0uz1EjidF1We1jkFzEtnHYMGaoRClam86ru--FMGT4b4pCIojpLVwznqomy5ecim0GIB5rsSvykhWG7scAmlqp_L4H14hDDkSmHUZD0YvLVhgmAjuii4kk6Ej3c5gjyHDsveGD0Zza2o5ugUuLePGwX4NTjJO--kvQyOzV2wgdq-xN3hgqs1kB-IcvHmtQmBA4lTbgkbx97yF_hZpuAw28w6wGenRp792st5eAD6nMr6FH4RmqzvhiRn2VQW9X6ovEQBezf4ChVwYvDd7Mp8wMB9ROMoWvf5BdkC9rdRgmcOQREfAATeGt0JGdHv4FHAO4OhVKcfrtywcdZlfvFinY52lvTeQ0tWFDMRcOgDiDDW4At_L40Z6BUMBDAOgqhu0KOpNY78MYzNjV49Tz4sfQYdYvVjw89GEAaKN1eE65behREJBp2gPxqajOoIlaJqi6ZpQnNMApZKCMOe9-r0pPJWmUoWJPp5lvwQl1rXibOMbj1pS4xjGUkJH2OPznu8UX0Zkv6qqVxseTxIvAQ3CWECSqkWIq5b1QUWVxOYPMgC84L2aRxSrzvmtcxx3EVUXpZbHmOh9TqTzD6NKgbl45tVeC38MGXWX0bo	accommodations/river-side-villa.jpg	Villa	Mid-range	12000	2
97	ChIJzZa888hl5DoRIMhUQwNF0Ww	Ella Flower Garden Resort	6.870910000000001	81.056477	4.2	["florist", "park", "lodging", "store", "point_of_interest", "establishment"]	AeeoHcICWi0GBsJXPPkbZfa22l-ia1iZL8Q-_CyTxBjPVmdsY7k2OoScPPW7v5DCoP1SAhJlH0aY1FGukdPUsWBoZjj6vo3VaBxEMnbeUOJTb9fsIQRHWWYc3z3KYeceQYYkZ93VXOCcW7DTcpU5942OFqbmoey1cA3KE3t4LDwKNT9cO3TWZfQH1k6ReLmRi3GkOH8-zeGJGR00uF6_1q-IofkoAak0Nvc0PAEk34L41sHLealZlKu6q19EINNLr9u84ytdz4FwTqCDzDWbVv2uuXPz4Nx0L7psukFPc6maf9jkFxzxuObNJmy-3jyaprW-Y5X3FRxGhsg	accommodations/ella-flower-garden-resort.jpg	Resort	Mid-range	12000	4
98	ChIJ2xFS0a9l5DoRH6gsM6q_dCI	Hotel Heaven's Edge by EHI	6.8712848	81.0421167	4.4	["lodging", "point_of_interest", "establishment"]	AeeoHcLobwigyDTWmO0p5PjxA30GW5SPskCATZXNwipLkPix4x7x2Dngb80qNcpN7nmdVPGWUg6bS7JFPFbJ4lJX85mc1wXzYh1Yc5D31FRsYyftA8NrycQjuO9DVg-QgyLx5sySktRUqSrjIKwObX1EgKFnMyHF7aMHBAj3vO2GyyHHYCSXbiUJY-BLSBIXdOOXx_b7H5Rzo2-9r98xkphOTMIAjvB3djPeIJrCcwAq4426xxKZSjNmAaDYfjxDRGrG7Kqc7CzzesR_sUfVjSJEAd9lwYxYep3J3Zn2y2h_P-TGQIUsnumYotRKFvvH_ozx7t9TXj2wA1s	accommodations/hotel-heavens-edge-by-ehi.jpg	Hotel	Mid-range	12000	4
81	ChIJnc0v_6Zz4ToRUlKV9TsNEkI	Chamalkas Rest	6.024641400000001	80.2181573	4.5	["lodging", "point_of_interest", "establishment"]	AeeoHcJDb1P4hqZsBCHmxkVMXlrv47SB0Y7wM6f3UcD-hq3lYERi-_Nd_5S6DF2l_nBmlvdLHdX5vNMF1iPc3-z5174rPxd5DShqpOfvNa662ulFaBY7P1nyyl-2Jz_trMdIo7xK-AGSS0gE-Xg4UAJJjJOEJJXRPJP4Fjj1zI00bV8Wc7x8UMmFa-BqVYnsrA97f4cvzcQh8bJk53Bvjl1GFlRVUBqUg9aLPvRmm855A04Lt8--UXgtqrUEmv8RmCjH51p2BBDvI5TPm3C93jbwSf-YvLmlyDw16Q1h9lL68x6NrWshRZZxunX-PQ44WdsO3RBCxEoS-8a7iiFZjMfCsO30ZHPlVetUJ4Qk24a0ATgTa7IQXSuwboZiS7O1rp5vbmNdjM2Y9z7pCWJtWZquEsNMJid-sE3wiexy4INWqsw7okfD40xeRSVCM1u-2I6UUTmsWQwkxMkGtI1osMeSr0YNIt5e5uVjIn9c_RC2a5IjEYVbKWC9wwVV3K1goxt-Z0F5ESJbNqQwOr8DOOTqvLdwAMwFlhCapL8mxiTOf7nyucU-lQpFhuy92J9QhGxQVd0Jq1HcROSXe6RwmAmY5yy4dcokxCd_WnrVKvvVVduc6e4EykKCGko8CNhNz15NHBCMkIj-	accommodations/chamalkas-rest.jpg	Guesthouse	Mid-range	12000	2
82	ChIJe37_qqZz4ToR2bdwPAneBRM	The Serendipity Hotel Beach	6.027198800000001	80.2155784	3.2	["lodging", "point_of_interest", "establishment"]	AeeoHcLQLf4ekgz1w4Q2XkcLxpvXm0BeeXK9zRLysbLwP9FgAgJ6Lgv7qhJciRyMh6_sOOe-62DsDXqYDMlqSyR92e9T-OFyHo2WLnSLVO5r3Jn3ZCrofFfu-QdtcmQtgDfzs4hx5udcy05HnxCO3mmlhOPauLulqPfDGTVFm42rhbr8-1g7KvnD-QUpRXKhspT4ovETJ7zLQ0uAh9ItVpaLob4Jn5R7vcooIOlqtmWHZ4-yrZIEKa_C6L3yRE_x9S0UVpC_HC3x3GoFZyM1eM7jOtGNIkMmy34CcGsgtdSKPaieDGSYjeBoNNhYzpPk4v_Y6JKVhdTZqhNEAmlm79OE1N470ueTlSTTPD1tuDB2YHa-s97q4l_x0p8csKQXm2umLVIxWCPPT-C7HowqnAD7c8PKgwU9NSphXKDw-dxQyFZ-JzYqfiSi9eHBgh2OiiI67XnXis-Z6P4wgXDb9oTIea-a4zTG8OBVlRtgqetvyWRzk7W_3nKNdtDNvfll3pnQX5PGDzpVmhUuHy0_DTDDUzeRHCp_1LVl2eyffAUoy95cpv2evs0xopY1yTtYgQX-xs32sqf2MjTkoaSmBwLsYF2iwO4h9ZGmQgBolR77MgFTfFXBNez3BJvW5Yc6cW4r	accommodations/the-serendipity-hotel-beach.jpg	Hotel	Mid-range	12000	2
83	ChIJqT1eL71y4ToR13bt4PGklNs	ROCKSIDE CABANAS HOTEL	5.999959	80.264909	4.5	["lodging", "point_of_interest", "establishment"]	AeeoHcL9mJ9vtU4qpAaPHvVxip7vEoYorcq1znGUdlvZCW2KosRGZJRETZzQNXrzUYSDsMNqcoWkOBrqlfa731HNIdCfVcbNl0RDGp02Apm7SxvDxs6kuR9UpcNlg3z0pUzjRfmVJE2x_GNvkgASMRaR7ZWbksORCqsr30xVnxIqaT_TqvxyqBcP4o7OMJWiNg1X_52Pb-v5RJxtlNAs3jDawyYytnHiG9kM09vFg_GrITCrWVJH7Mh81-cFSdpR4KFYbJGKFt676Pg1aJfK42EuN1GWtyniu_x-5ZiL56CCqsEz9e4I7HQBLx6YRGMtRDbbpV0DXANjSt0	accommodations/rockside-cabanas-hotel.jpg	Hotel	Luxury	18000	2
84	ChIJCSjZn7Nz4ToRtngcIoVZMC8	Ripple Reach Apartments	6.036792200000001	80.2233214	4.9	["lodging", "point_of_interest", "establishment"]	AeeoHcLiGAZqPUOvdbCtrB-fT08bnRkJDcVuwcEq7Dk5iEbCUzverpKRz1Wml3k6mAVTqyDoC_3IuZ0G8xdCZBU_CX0arE7iEthc2EGklpuEoKzRhEEyJ7gWnOvLTf50l_KwAp-6s6wiNa-Y9jkxDtjB2SXlp6ngjtKo2-INRqFDIf4YF1zrpcIwdFcpCN3mlEG3n-A-JvdndBTtWK-9D4d83ChayxkdJvkoZRNPlNne4d3Qggso0EiZJJ-cNCN0q5_3mp5QPNzmMSxs6OXbv7lKVSz8f3W3Dmsg2dy_sqJl-UYc2TZyhlGU46rN1o49KYrswP9703lQEn1e_XVqLBLAg4S8wc7TT6TngHyiQCVY8rZ40wBPSE4Y3GrMsIzf4exiHIcJxWCRtNjOGW6JcCQmlieAZ-lzLhuoArJCvcpb5aLdJH7EyQZrcXYvX7bHVpwbaMiM4XwORQhsahswWbF5fQu97LxsiY9F1aa7XzvoCfeuWV6sff1w1xBT97lzvx5xPaEBCaupV6lzEtQupiZeQC9kzcPHZRARY0aLdlnqmWS4piQQKM5nRqyBbKu1b8bK5VexQZDAh22kwuinjbAIZ-yucnvNMrh9EVpY8ZyfVAOARlUbcpaTo8-ei3JgehSU	accommodations/ripple-reach-apartments.jpg	Other	Luxury	25000	2
85	ChIJZ-Z2Y-Vy4ToRvM1dV0TTecM	Alice in Paradise	6.0101904	80.2427124	4.6	["lodging", "point_of_interest", "establishment"]	AeeoHcLZhyCo3uMyxTQGzUAY4yKMhEbrSr8LOS_cBo-KjULTC3ithBnUnuD1IdqZq2Hdmd-yQ4O7TGL43PC9cvB3hulMWmlsZXlQ4dXXrpNn8ydq3U9fntKOjfUhGnuiitEKmHJBqrWsUMgh0jWXuLQZXGkTVvaqx2AFla9ppO-YBKW6038kU94kbBptMXPfCCmAQkf47m_38eU53z-6hEVWx_bLzoZHbnqKGKpWGuxAOqKNWiX-TYCQAVpVRJiAyqZT_MlcNeLLDIrIFOt9C1ighZVAQtsaeIC3KbaLmknkaT7l3VYEudHUihNS8dT7LgE_TvD9Vp80OcQ	accommodations/alice-in-paradise.jpg	Hotel	Mid-range	12000	2
138	ChIJo7Pbt6RW_joR7dC1Z1KedjY	St. Anne's Hotel and Resturants	9.6558739	80.0357634	3.8	["lodging", "point_of_interest", "establishment"]	AeeoHcIHKemo68DKSxVQ6eUGqdISAkA_Z0IgBMTR2yatuBKrgkjEPK9z-NJbWInHtHzaJWALiU9mZZ4nZZeC4DoMH_V-4y-0H3tKeLzXhoeNwbwlUp6I-HhTM_0EX_1PE88XvldqyYAoRiJqCXzlNGPypmsgsRPikzPfbLmAdOEmClKJy_Q7H0dNTJLWMCVdHGeMq0uPiIyC-SYhh94r9eE4T6BSGAt9rRXdC2SIrcvTA_ySjsnB-oirAVwpQjiGom_hkfUgifhrJ7ht0N4BjzCrBH0Nf5n-usZnbUOg6AU_D7ZK22nZvrzSy_10qoEmJFJyCAlQTVBH2o8	accommodations/st-annes-hotel-and-resturants.jpg	Hotel	Mid-range	12000	5
139	ChIJI-2X-yVU_joR-1VEycBtevQ	Jaffna Rest Way	9.673397	80.041838	4.5	["lodging", "point_of_interest", "establishment"]	AeeoHcK3_ZRWUPEt0myjnCPV3szb-zgqh2pEepi1rJMdKFC-lCKnRdCwlYHqXQdokPGEQ1JZ7O1Z9m3XvBQeSTsmoVexDJbr58JrcZn5FvHt7Hr7b_2GDiXf_0t05ywVOZpj99sEjRYd7wLDa5I2ppFOY7skb9r-TKA0ga34gZ9hSppqK-Dpf_-CtR2qz-p6wSWld78_DgpOGMILjbJelUUPRwRiPizMd9eLrXLz81emBjIA7QuAJi-GgfXN2wSnDHMZAp3XV3efdjBHFaW4waKZrV4ED_t3Pj6u39gcjAnHE9Htsax_HE7aMGMqr2D6FsOjO5wC_NG4ragRhCxiG5WYo-7b_gVrBl2DIIepFkDFlMGxxBB0LDn8PzbgZnfuIBtS726_Z679_G1zQQZJ7IoBi4KUO9T6iNq5-xFWwc-578B3b9DTtd0lhXETcYeGnIQQxIs26HW9n_tbsxizenaKak7Rcnh3a_pyt2vmY451q3gOzR3YCikT1oNeP5wh6oe3W_k1apd4anouVL5NTUIx_TkCmuEWjzWZzmmR0OOPS_qn-6-0Y_XoMv-Oj3URotNlWwhAkr6xpBByVzfcb9u4wdFF6zfNPbDdroxIJPtyqYMFjr9hiMg4Bk2YQLrIicX4LgrUmQ	accommodations/jaffna-rest-way.jpg	Hotel	Mid-range	12000	5
140	ChIJDfvsBABU_joROqWtVp93Z0k	Thisha Hotel And Party Hall	9.7474239	80.02897519999999	4.2	["lodging", "point_of_interest", "establishment"]	AeeoHcIrtrn8Pu9JHHmrWkpLWQX92LZpbexzxsfeNopZ0qSGpr_NAQp8XhCMhKh1iN5oTcofeOzrPfXoaFWo6hDDqqa3FzUiCJKWfOVcqrmwA1BOf9de6MU1oCBKvPhsyfgNIv-AYxj0B0uAA1IhMAJEvBwNRFs5DMtIw5m_lYJdinJXwNvFMKv_5SoJc860xlWobqS3y6xBBzQF6YeIjRiD2UTvvcUSjm8DzWhtMAJv2i9RL89Yx14nCpAD1nry2yf7kCxn1l8smNev4jrYX25_T2qDWdkM69-dlHnkd15-c3dQICMTi7cykd-3EgDfzvqq_moDLs3bHGY	accommodations/thisha-hotel-and-party-hall.jpg	Hotel	Mid-range	12000	5
86	ChIJHeuw6O9y4ToRPh7u0vuTOi8	Hansa Villa	6.011154	80.243878	4.3	["lodging", "point_of_interest", "establishment"]	AeeoHcKp7n4YmmRsaI5R107wkKThoDfBmt3pHO4B7oYIaiOrz7XEblvBlCv5DUh4lKrjUiDMXdLEbDp9Vea5-E2s0Zq18Ol3wZy04kY2EN5xEBSZnA9NMhe1GFs4rMgnHXE-zG2YB_HxX1tsqbFo3vnid0RxLyQSVQZJKvVqNW7FxI76vCAVA9ztVt5E937MqatEdSmk6FuBM-7npR7rROYSxI0IFsRoZKTbBVUdykghXxWzZz61BzHfweOX2Mbj9L2_jJMUxDVdylt4JtV0dUgG77zeZY_8hIT0BqV5A3Qf1An2CuiypIxmXNYx5S4ykyYSPM0rvJ3fPsKZhd1esaahFmAgHY3D2sD5Ybox-AjoISuh_3ZvgHjl-h2VF6_E3ut8hNy_VVsff8pXxYp0gUaiheULmFz4arY-MY7YHSpGm0GDMheR0V46Jn6JRM3-PbZfSYp9BR80KLKhkvrkaiX55P3qXRQ_VOn-9Y1PugGms-mvO_WlOYbBJUlPCjQkYU2B0iKP2l3n-9W_N8gYmwLIbT-aEtzT20TM3LW3QTIble7HO7Ek6sH4v7q6ohO1Ea4J8j2kwIxe92K167jgK1sj3kxkYMjGaAx0S4lkVjdNIrIy2-5Dsve-UAikQxdMbgK8Tw4djkkD	accommodations/hansa-villa.jpg	Villa	Mid-range	12000	2
87	ChIJm4TjJJRy4ToR-xejvpaa2IA	Disna Place	6.005322	80.26050649999999	4.5	["lodging", "point_of_interest", "establishment"]	AeeoHcIZG96yOqmV3kIOEyyfQyCPcwMUxWAZsTb7Kf45K1_-3j1ZvyXXdQLRnd59nSVi8totR9JEmIq4jualyDF-kd82Q9XQpA2StsryFr_Vf_KGqeRAJqO_g7xmBvAnZuMbeaOpCAyE4HrnuPykdgF2zg_qV-LVW2CrbyQ9G1dTUVJoFcSL80LTPNkxxQqAHi6ziyDwn0OXwnSu79a79Z-AWWxmOwYYExsYHI0U0cwxbvYNnjQOVa1WAwp5etWz6GWDH45le8xLGrxO1lWAsq1uHZS1kWGYC88rd1_yAO8-u7blImg33gVzgJNmZyd-HGGqFUdt3wvDCuw	accommodations/disna-place.jpg	Guesthouse	Mid-range	12000	2
88	ChIJ-4gV0O1y4ToRqLh3j5dZ1r4	Black tamil ass	6.0124423	80.2484236	3.4	["restaurant", "lodging", "point_of_interest", "food", "establishment"]	AeeoHcLTFHox3aKxVRn7WPgDWsW8ASN7MK6QIJnwhAedOrB8uMyEdWyK5N3nf4qw54AeS6E_f6nt5R78D1O_RZLYJ9Wb0-CxZ-3RCXhpsQsMQaWTWmsxNMU-NFW_zavsxTmeGyeCd5RQ1Ry7jFei5BmO0l_T0csfD12P9P7CrKk8UVT5O8CHlXcBmXqAf9cQAc5xqSCM9GQGTYK4vc19dv7j2yjydKTFmx6pYTYHNQMo_5ya5s4QmR3eF-okFrrE6Rym2MvVN-GwzrclkYVmwP8--4MiykC8fVUdQ4HGZMnvy0DyT9JeSPYnGKjDOf_M_PwH-_G2VFrKeMGR6-YBmZZtcpdhWyXsCB5SE4DzgMg5RS5bTC17SG1-UQbmAAltd9spQ5847_Z4mNjhGqHZiDexthxSbPT2b87-rAlPTI0mtzLJx_GhPaupuU3nC13vYm7jXCgPJlq40JtYtDrIfm9AkNyesz-Md4zdXyMOurSIsHjuDiTEEBHepBAfoUc-PVJpWZymlD8TOCNYnYjGbUmhRMMzCpzXQhFyVVJWdDtplqGlEmOXksgZfGNE5BbWQeedSJt60Qm0pMrEAGhetSG-kNU5IAqxDmBTYeL9yJch-HNYvB9-WVaxRbWHckK2_LuyX8EITw	accommodations/black-tamil-ass.jpg	Guesthouse	Budget	6500	2
89	ChIJIWZJ59Zz4ToRpMTesbzcsDU	Nisansala Holiday Inn	6.06038	80.224012	4.3	["lodging", "point_of_interest", "establishment"]	AeeoHcLi3kEk449KWYOtdPel0dpYLu4kkWkglFuVUSKDLYr2if6PABzYIKAhp9YvgoaSFkzpkCeiUfJ_JGN9xwPAPdqVq0H2zXSXmGyW0SlKH_mKEF2iLrmkbRrwQnwRyaouoWMKdp4ZEKCJHlsm3Tzf8mytFXy8Kwn17LoHK0ZiU1nXBjozd2w_kD22PDVngDVQLlSffHiUwuu1vssozbBtpXZOSD5ifyNWtGJVOEAB2oco78XpOUKl3DUXl757F502gq67KSBQuXdbprft5dol_6xdy8OvTS-QbtqW3FZUofUoLuFBmitLjl-Mp-CtpC54foi6YsB22UtD9-M7wavc9e68lnOQYgOvA-i-9dr0llmmeDkSGGt1dwrtrhMgy_BmFOqqry8yvIMX6KGxu9oIfPWxFXJlXHjVbGJMX74O0UQRmbKWkqgeQ6NdH4zUeuWrJy_Qdi02XJ9YUIY_wEuyiNFCgRmWGDWxxQGPDGtVFQD7o5Lpjp0721hUsU-3ZCefyL11sPHJhgTIkvc4nkBFQMeOD8-HUEUaZMzNLh6GWIexlPCiPXDIl9YRrq4gf6OUOWe6cdGkRVrnkXMeYRkaQe5vRC9pturssd3L7nNfC9-GfhpZorEGAu3Ll1iDpu8r0m1yVWRg	accommodations/nisansala-holiday-inn.jpg	Hotel	Mid-range	12000	2
90	ChIJV7ViEupz4ToRjBapG2v4LqU	Jayalath Homestay	6.0474392	80.2090532	4.8	["lodging", "point_of_interest", "establishment"]	AeeoHcKQeSYxPNdQri6HkGiah7UfRQ-o9ZXEBGPT2c3nLt6Np7KqtOqQLZIZVDalqrRm9JHzoIVXmUhiIf8kbpbxJB5kdzktjARIuC6gtksY7S2h7lEwpk9DnWG_K91-WuZw_TVVAk00yWOD8lSiA1ZRF-pzd3Z0w6gCdW8iZXXVhxK2ZDGd-DtNruzWpccmx50g2AnjV9Ybzr4n8NMPorU7NFulUMZ2RWycpUsDGZfTT2CTy1mq-XVUXZyNz_FOUPLqXHhG2C3qWMofNS-ttXnc2AuGQq1errrSXh_vXZwmRDAPSph13_Vu6EwhjOfEdQqc2ZHhYb95DSfKdPORLCM8fe1jbZdhCh0E2qLalAhWU7WZbWSQMsdGOAqmY1nUcP6rmh1yHXkryOCcV_CZH_aDmq5bABZsgbTBrRikshGEvQTv149Tn7Jbz1yRZHLEZSTJXB9DwKvby_aBwmsDRDwBPTHetT2LI71QP2cIgUAoMSOlvsQ-kjSaO5x6V3P1osg3OZ1chDOhsj-aee-hcW4t-msJ9qLBycKNUjfgwS4F1CqlwdLltIt8__Bpo_Dty9tEFqJRV6qiEpHLWEDR5Ji11_pZjYIj3WrpTYbDaJPAstsJnCwaVIJaYNGp-Qp8wi_iLJQquEKi	accommodations/jayalath-homestay.jpg	Guesthouse	Mid-range	12000	2
99	ChIJoYuedo9l5DoRm9q2nEd_n-g	The Hideaway Ella	6.821784699999999	81.0394781	4.2	["lodging", "point_of_interest", "establishment"]	AeeoHcLZjAUotPwSdTAtOvqZ1dsJ12_3r6A9-CxDXKEB5CwO3swJJvReFHZGizyl355tXOSgqVCl2MGNL-1HFDKxhQqCPI6kIrldK0x5HGNA6FUG0P5SkRMP9pC4qcb7jsCdIfzPQo3am6Fj-z3RMB2knYLQvpmfedOQIJrp_JLJbO7Sv-7hHsV6z_ur-XUwI765D4wNgGdn8WpRoMN8JaG-MBXWKcaOOIfmqi65cxs9szbbvQllRldFa5GTZFeeLmjIW3sjUymL5YCPJEiXm54cHsV_Fs4IyKKqL-O-sjPoNkuaRFgraarzwpIdUs3jfCofKmaPKGSCQ6tVy0KMIGNijU51st5TVS4bxGYcwxi8jY4sSOKZ_zTncl7jD-jx1QdAhxw4cOTG4tPRgfxiMqPKvSvTAeeTrzkgqZTcqgUnN4flC_WXP9CcsMSZ2ltA8_LKm_K50FS71ezQ6cmkD1CCtd_gehGckjHb06BiEV-TyC53AiVyNAgIWOKiMcosabmCzqmBb7RIVol2XZLer4EGjCCUITGUk0MPaKtWMIRK3mbG4NzQt6gcvhA7KvMoElo0iw2mcReoQbt76_SKBhbuWRZIl7Hi-XP7pep-uy4EaC8E13_VBVw8I7r5LqszdQ7I	accommodations/the-hideaway-ella.jpg	Hotel	Mid-range	12000	4
100	ChIJwYzfGbZl5DoRkBbPJNbHOgk	Oak Ray Ella Gap Hotel	6.872923800000001	81.0495452	3.8	["lodging", "point_of_interest", "establishment"]	AeeoHcKADaNmXVkGjmYKPI5_Xjbz4Qy6GCH0yWwbNkPdexws8tZLF-q4-Lr1foBLsaYOX-bxG93vjZt6uYROj1Lj8nLOo3VupNaa3zFBzZfYpoqT4jPvlANkyYdSClzPdGLzoXamiuDn5vW0Jruu8D5x461-d2vVkA0s9HaVzxkDEPgvlwqKp7fTGDp8uc522kCCa5wrWhv7eZcXcXIStp8Q_4Y2xn8I3mJ9FOHhzZWpaiOKOo_a7YFIctntGVYdDS2iKjJenT_TDfDLAKcLk7l6PCriimucbCIcZQ2X_MvR8QyP-yYmCHA43p0TlVVk3cFfto6YuVyVH0xdgCsZEIeZIAT_cQikyKhZVds1yQdydz_VFBL96nPSN0Ivrant-MbZpEw2fIF4Z2OPh4h2dVdz3P0xoTfmbrO4wss1Q5SH5tPzqfBokw76Sxv4B_GEVffJJiKkQ-C4Rc86XPRrJX6hyNt63FVCpGgr4ZFg6nvCzdaKEsCvKBEMpLFB0PA0nUYW30Bs7lU2unUWvU1c0-_qHtInODQf0lRrPotw43G97qS60MAqXC_demqGyROIl0B5xa-FJmEZ8QFUbh6p3ezuci2Lv-LWCFpfXEEO4uROlYGUGRdN-e7w_2u4jN5Y5GU1cGHeGy9I	accommodations/oak-ray-ella-gap-hotel.jpg	Hotel	Mid-range	12000	4
101	ChIJFzPfLaRl5DoRBrKb_nV1eVc	Cloudy Hill Cottage	6.8660415	81.0374484	4.7	["lodging", "point_of_interest", "establishment"]	AeeoHcIh0Ou8nt1Xb_1AZcYEgqiIjALKn6-izntmJl0ou9eyJWBmCAYQax5Yp2RoXIDvhzRCG89CAmXHJhU9MVITqQqw3_XXZASS9m5PUQMvYq2UbAXKd5CaB-6kE34Z_K_2U3Z6QL9DAeVUIYMk-XyXo27KmX3Z8FxZjhwuQ-eyvhevqwCD2AU6LE7DIrWtGrFZjSN0WlH0BsR4xFyefm54rEwGCr0Z5ZHBxgWY0SMPteuaYGon7z6cCfF2RgP8Owevuu3y4hDNPKwf9Vx3DH3BYMd2GkYVqLHlbofONtdL1q6hwQ5hYjiq752EAwuDbPqtTsaUAbTVlmsatJLuFKiLPzLCZnvVtbI6neSmIJP5Iz3MFtSvjGcdBKE4Vj7-Tq3Gm308Qb2fkb0TbXveFjq7Vo3XM6kKX2DgyvUzyKGUC-GvmSwBdCmLwfrnBq0IV5cFySZyOsTFatv4kOeVRIqqh7Ib7Num2meeTRs2eyx-umQU2YcYzN6sTpw67_8xI2LPV9GFc0_VId-gMVD6N4tHMrDU7OAhirwrBhl7nIamxETYyeAa4g-CdA5Th8CVL1jAZF6nWWFN7BKryn8qOEN-qND1HqXV_2_CF3gtXaDhfGp1m7oGuZS5YYEWi0oyRDAZ	accommodations/cloudy-hill-cottage.jpg	Guesthouse	Luxury	18000	4
102	ChIJrc8ycrRl5DoRUMgQv2PcEkQ	Hotel Country Comfort	6.875910800000001	81.0483988	4	["lodging", "point_of_interest", "establishment"]	AeeoHcI7ffleKcIvtA-ft8vDzoatMlhRA_K9Z-fG0dBxbs1jumv61BZCaniiRr0mIImxLXCcjvUrO6Rdj2-4HuWpfPB4dHVJzHmKT8L4sUUAMztD47b9JzogeYa2Oi_vuIaXMJTLfWbibEV4f5gcVsdlprEgiw47Wvx65RqZ7sybzqTc_o95RHPQcm6N7GCsyCP8UBmx_KLAW-75QbyuCGhHB3jK6bNsY86KegS3sll5Rozuwiit5-86lfBn74rfsI65U_VA-y-BHrMZ_Hq_WlLhRjjv4h8mZD1FGti_NVAjYBjNGJPywmJYmM5sr7BplPVVVwYqQDnYvls	accommodations/hotel-country-comfort.jpg	Hotel	Mid-range	12000	4
103	ChIJATXdSrFl5DoRxltcK7gB3mo	Hotel Alta Vista	6.873472899999999	81.0480231	3.9	["tourist_attraction", "lodging", "restaurant", "food", "point_of_interest", "establishment"]	AeeoHcLrB0vlIcemfyVJPB0CWQfOqjVvNbc0kiyUluLko4ZqTl81piBqPQc28mJPU4AETwQwHdpxI9JF7hXgkMhoaDOW89BTjKvviL1N3d4Z46rdeGHFTGL8vZUrq53IPx-ZnLGHxQEKwPqbv9vvWw4_Ej_iT-CqXm6zWkT1bxVGge4TqE93kztNxCXrU6LF4AXDMS_jlLTnlJyNwUOtx3RYWoCuOwJSlu8DOyATMNDKNOD5u1Zj6NVKQXLhtm3g7KQw76TQxG0i9iXu8m8FWur8r8KwWTLOb6JdYourdJluaF2VHSO2FRIoUrqXMgWbEr0if64jent0DAU	accommodations/hotel-alta-vista.jpg	Hotel	Mid-range	12000	4
104	ChIJKSXqzcFl5DoRGNmF7Hd4ng0	Rawana Mountain View	6.867664200000001	81.04660319999999	4.6	["lodging", "restaurant", "food", "point_of_interest", "establishment"]	AeeoHcKy3ebQqlaQ-4Duy18yUovMr8PB01onPDyOZejvbL_n8eohRuZ45yAgZjGDv1AkJ6fwWP9-Tm5VgsXTrp_hzmDQ4cLtUt1IhjEwpTVTcDEb8HGBAf1TNoeXH174PjVw7lg_C1uvY9C9VCIXNnULfo4VSM36hL-aII0d-F0i_CL24lkpvcgOhd7GDRVKja72P9VGx6nc7osfHFi_fcb6soC56fr0cSJGPGFETadn-b4sP7O1jntr3jW81B0YrJO_aZeYZHUU0ezedungbPVhZWHTkQC1g681C8WbP-1oQecnk2OtaOJNYxoqS7y2U44mokx7JMyCxdbE3cqo6Z7Pms3HWfcc0RfHURD9qPlHQxTIQNleItl8ir2k0GyTJ66_-zYi2iXkEe4QDoE74Rc35_qVJkAGijF9J2FBsZ3wtiJVI7Yt7655yhycYU0-AjXTlwU7mYM-C0sjO7fva1dGU9xq1csPN8PHnRgBWDexcROWz5KbUxg3y2VCZH4ASUrkrBKenD4TYCPnQ6Gtw_JPbeB5j8ZPtT_l15CyZb8JBCrMHBJzxKAXeFNsyc8wRSUwJB3puEzEYCjbinlzaDwm6tNJ5uOVd8Td3uIZRB16bzf9foN9HMt8HXT6Y2fzhT92EcfIJg	accommodations/rawana-mountain-view.jpg	Guesthouse	Mid-range	12000	4
105	ChIJzZKIY8Bl5DoRepeWAjy2AoE	Sunray Homestay, Ella	6.870144799999999	81.0459989	4.4	["lodging", "point_of_interest", "establishment"]	AeeoHcJita1NgpoEgjncqZxCysEP0V9FYgmYBu3MzJbzMbgS5ywVBcrz66nsTUTWJePbtVxMwwGpCX6J_xtEf8zDrOiVuZfSN8us-_ua3bIoWuPmSRVIfuS3-7_Z3c2cyrZ3-uIR-3Ck6M-tW23x-sidLtgM7PWH-qIqFdQYkH7jWudk453SNTmzU1HyflLWdVUWle25SRcQdXNynEfIj5nI14ifO6I6oJx5_cdGaFLJ_D9EakJIQY2qkz3bq7bytVvicRlqKe3IJo3MY_C8RCdkX4khABB5jKnJuIiABNYLb1dRVyU9nBX9FaYm4jE_ebLqNL6iZSZJkVtoPDu8PP2Nxx8A2NqtiLNHbUNUh9gCCUp-DaS-pYa_lmZRWe_hbwpjTQm8U5hU_KCaoimtsUNeZ2gSpmvPupZa8bNRIB9B15DXTdnihSQtjOIfj5-hMOSKxbVo7DjMDmsfJ_sI9dpfkF4DUrEGAsYygMgCAzzu2j9FIjnsgaklsXOpfRixz1x2Ir8GjUayFqob258JIcX_3c6_W9eBU8kAZaHGklSPDj8Djm26YDHqSie7H_49EsH_r5k4Aui1NllG_QIxhC_nJnbfbLbH2BmKUosJdL3vNV7AflIs0Xh6cggfdV_Wxo50hJP2yg	accommodations/sunray-homestay-ella.jpg	Guesthouse	Mid-range	12000	4
141	ChIJcTzgqqFW_joRa-KhYUwWUDw	Theresa Inn	9.664110299999997	80.0285292	3.9	["lodging", "point_of_interest", "establishment"]	AeeoHcKWMDQjhHgmttHj9Qe4haMu6Ev80BpSXooCQrExP29aTKirGm-Qk4u76HPcG_Nr357ApHvHAOnMcpChxDfJ2YhaPKWcOsXey4cpRsyXTwps472tgj3RbgzdwM2WGIJ9otZTn8NEb_wnpf1-JRDFcPGWbk-1_Fc-1eWILOOqSag0-CmcTPw-7ea5WXS2ya8nyDNkjj3ulKNOJlG-0Cl6YJ1RWypXkLkEPZYF9i2QVTmwJV99T-6BqOG8vKM1IuqoBUEcr8QkQeBm-m5lfsGIyuzQ4XWSoimXQ-XpmXKskPUKHLbWVcowH3gHuWOJeEAnvyC8LQcDX1g	accommodations/theresa-inn.jpg	Hotel	Mid-range	12000	5
142	ChIJ0_nVGKRW_joRWE15Shu7lJs	Yaarl Holiday Inn	9.660781799999999	80.02423449999999	3	["lodging", "point_of_interest", "establishment"]	AeeoHcLO9tmhFgLRRkodeUJTdiGrHuBDkR0GUz3HWEXxLLcfbthe_kfXCAg8UX-pD3-p0XV8DgsvtMGlG1ZG9RQcrkE6D2FR9mmIKj4FenTvZDqHtmJWAr09KcVJTOU-T_eQkJUyregNeFkclFDiTIG6FM3ajso3ySFjRn3BwcB5Qr_WdsROPOh-wW-ul6l4WX_o-g3XdHHfKhu9R1vuhNdJF9eLzqMJ4j92wnCEH904sgcPYld9itvIDh3YDvh0m-uhxDpIIcPKolwYbdUPqlF_OwxN0AFdWxX82jpeHEsc0dxYEFcyoe9lsMrVhdOy37iwS0FgE-t_-eVuHstvVXWPleJMHDv0Ela93C3YAHUZFixjhA94y5KWn9M-qZkGGjKfGL5-4Hvs0qO-QXPo2WpanvxIbkr4IVj23HtB3VSh7KT2ywqQmtE9rxAEq1PeyR_Qk1scgl_5zGvDnU1VCa4aaMOoKiNl-rgUwwlyRqb8hEaxJ66KdNveovyGpeQi_Dd5MspfOyP9s3xGARl55bnPgoAny-Ec0lT--9lG9q6-mMsfTxprcbN3NxRqeq8w8CUxMe-bIRIDcjcDgqFinz9uOZXqYj9HsXHWyuhPRbuU6-veBR8r072IY2KPY5XwAzZuJX78bU2J	accommodations/yaarl-holiday-inn.jpg	Hotel	Mid-range	12000	5
106	ChIJJc2nsKxo5DoRQbMtBIfzmLI	The Planter's Bungalow Ella	6.8308374	81.076409	4.4	["bar", "lodging", "point_of_interest", "establishment"]	AeeoHcJDyRhY5xv2Ej-eMnBX31rk7oh3PJwX7ON0B3q-6ylsGnnVCn9S3jAImmWqcAmzIznLTIZCqsL0UsEtuGfIdEMaAtssNbm1xmYMbjecLLn36ZwOjtPFx1M2J-Y8RgbhbnjlsRXHrjcoxc5PPnXPvmU4xeLFIc8BDiV2lyUTuMLOLWMFPcz8KYQDU28J9THi5CR8BSw0ivQ293fKDrIJ9x1oHdcE_DvonCkzXCJlTRM1Vnu31Foha3vAvvi4yV3NjBCsQyAfiLZBwE0beKO3tjE23yx83EvWQc2hiqyCpjzeZrld8fFhcnbWtNVG2Xi--Very3EyNABIdC0Rn8Qhy4FF8DgIXN9PqvzbJ_fgXjTqaBeFP7b4BdkZp4T8zeIE7KeEsaz_qQLtULkmXm40AlS3_gbw7ygk4i9OdwGnWYsSc3eEORSIis0g-DoClfV0KeVx8fuNVlc3e4GkdcQal1fDMEb3CUyRFhbIQkabRtbCNIAc-2YuYfOpPj6xO0US4_vTSSAnAw2IoEKwpax1fVWXoH3DzxLFtVKvflDfK0fvm8280d1B7gDLKnw-qMoO9ls3_NthAj9o0qKQWEJH98cFxKkgR_Tjcj5XY-8AylnisjdEOFiHPiFCMZMWmnB32VMshA	accommodations/the-planters-bungalow-ella.jpg	Guesthouse	Mid-range	12000	4
107	ChIJGZsgFLZl5DoRr6t2ETh36Hw	88th Ella Hotel	6.8727735	81.0524283	4.1	["lodging", "point_of_interest", "establishment"]	AeeoHcIQI0l1xLePEJFZdQWID6nmP1YD7gMuQ4SjfWr-ehy2neyjGUp5WVas-7EoMFNF_fduKRmBFJrtLoQFkHid9jHVjC9JPS9eDxgElWr44UQg_R19l-Tgbqb8Hlo2HWeZDq14h8OPKWZ_qsFlOCK4yeew_-nYtWMPp3xpeuFzOlnq_NdzJBBbDDTMjmZVkd12YYs2ZumZwiR1FPg547aViRU7Ux95vI0VkdIu6Xxc8qW-aunx3YDSxD1uSQX02Ka7whPS8sNV1gzvi4qxEvlAgBoaY5mITnIwqEI3Pr1XhuzG5W9D4S2Bv9p_Urg6sy1BQQgWr107Fik	accommodations/88th-ella-hotel.jpg	Hotel	Mid-range	12000	4
108	ChIJCThb0LZl5DoRjOGRe9sz40A	Sun Beam Homestay	6.872529699999999	81.0484084	4.9	["lodging", "point_of_interest", "establishment"]	AeeoHcJiqI_xdikeNC33_kE9356p75oBrX2rIy_7iXfWtDU266gnEM52OB6eQDCM0T7J4gOi7V0JXgjZNKBh4kVBPG7NuH4X4rEowaJ8WSzMCZ2encYsSUFri5dm9zeSOV_voRSv4kfPsbWheEgu5VGdbNgpVGr9dXURpss--CGNCMe_x9RyHo-6I00qC9wOD4lUAzeT1JbeyoNiNOGZs-Lus55mi-HdGg8422Y7ZFHFEcHMONxKdQZd9XozemwooPXYARIqJL9fraUHOKlE6ZothYTtslI5FMRAOk4pltktYDtL7wUPdjICOTOtAAh9vx6tqb2LgT9xkqN7102Enel7X56RX5zkYrV6OKYgGSL490XCdCdGc-n1a5N0kr5sG7NGAmkcHeyWZt-0_jcPLFAeBi7CBtNw_u_N0tm8NIcnjK2qxyMhjj3g9kvTknPO4jNeGLHEJ6XsnqQObe4IZ3Z748mNCmFWBl1bXd0iNnwotP1XoLWAZyJN8cQsntglsleHhefN9Zdx5s2Elx42cx3CUoH-bO2kIb-HjYxHcj_gB7-9qen2ELBHVJfnWRHoGtHZGH4KCu_IScP51UhPIOisYbmql5SrCEUlcgJ_RniMbOXysgbJgg9rInPRHiuAiKkQ8Prxug	accommodations/sun-beam-homestay.jpg	Guesthouse	Mid-range	12000	4
109	ChIJTUMRwrZl5DoRTJqRrZnLm8Y	Tea Garden Holiday Inn	6.871923	81.0487783	4.1	["lodging", "point_of_interest", "establishment"]	AeeoHcJKIDRk5XLxZeA_Fug7pmPSCX75gcv2FAZcVHhiBQveFQ9cisUIU7ou3MdwisyogURsRvf-REXImiv-momhFlKqo54tkXY3lKDeQA0gGXMDmiSFy65yDwqbLZaTzUl1WBn7UIVS_W65r8lCL88Txsy98OoizfgiUBrJNzmq2x8hRQH1mndQZz1BywkeoiFAsJgM_9Z81lAn4Dnis3Iey4KF3VPp0WwLLjChXIouy_yPf14re7D8LKWgom4GCwnYdlPWol4k3Fn3234KMXe1WHaBMeSvcP_fM2SDCjVC2z1NnaePkv9fTheOdFI3lD0qNwAnC-JK-_g	accommodations/tea-garden-holiday-inn.jpg	Hotel	Mid-range	12000	4
110	ChIJ9-rw7rpl5DoRWjubmRqkBFM	Cozy Home Stay	6.868099000000002	81.043733	4.8	["lodging", "point_of_interest", "establishment"]	AeeoHcJ7ToNxGc6vMlGuB3zTWP_DKXOhUYPOtX6VWvyliZSzQG0kUAvpUEvT4f1Pg6SuLRS0U5N26dlt6VmZVeqC8LKq-KTGRNcNeJUhyeNPLwWUXFOJ0hpL5cdTtgs42dCjKOc6ty3Ag1ySAfg7au66Z3u3M3Edvb9bta9f_qqy8JEefBH-5S3IlLAbiQRD-9me_6IfQEKm95G7BjFGi6bsD7Oau1Hau0Q7DlnZ04OynSRg5Qb9Fklhw4aWymyq1pNd6FfDyrp7pywLkOoKVIdLYyIl8CzNtJDKVaMgvOZ2GfYBvlxc1zkKmjg5uwEXrEcTVvD-FqENo9LKXAMmxuVHPMRvRx7hp8G7hpxbt9OVp2YlA8pJseMr-AA5xjuHqmkkoX9e-4ImYWidD9PQkxIIe4M3Q0cpq7wofpufEmCgm6mXi2Ifmz4j_9-jdHsOQhmeD3sUgnk_uic3YnrfWkI0Q8FjzysIFHXkEWQHhwKIw7KizQe8vplN9YJ_9nhKXrJN71KQd8MROB5HnrMMb80a5JEgSEZTcbQwsaWfKAINL3o-DTDnxzXIoy2kSmEicd3TenQfPF34H2d9PTT2WUHvttEjw5hNFdBrRRikAKFR7prBjIK9EQN25qzM89m6bJgOfcR_aOyh	accommodations/cozy-home-stay.jpg	Guesthouse	Mid-range	12000	4
143	ChIJJ895Y6FW_joRDzafLprDZQc	Sarras Guest House	9.661867699999998	80.0274821	3.8	["lodging", "point_of_interest", "establishment"]	AeeoHcKIszDuPULPLUoYjahC6uDY7HaUh5ANwbcNmbu8urFZLQVcr5mlaHti6jBu8YOHvPLjswAcjICuCiXeSUTfU4lvGEQ4DRuga9VujwXPXOM_TnifMhT7FJtvoNg966C0KYSrJ5pWMWYVnUoBDywuPqlU_XvQacSWVqZsL-Hdk0OIcP2DFDAVCMg0CydeSNJUo8bBOaMN2qwQ7qsADglHMOdhQ6kdDXzohzPrY1xgOmrT3q4MRoEhqechT2--O_W7GK_oPO_d-tH3RJIJWMMlgwPhsim-RqUmX7SNAX_n7nFxTEpgfm7zXX2n4FO9V2U01qABo413	accommodations/sarras-guest-house.jpg	Guesthouse	Mid-range	12000	5
144	ChIJddMPbaFW_joRIPIMQvUE2do	Hotel Blue Whale	9.662559799999999	80.0274483	3.7	["lodging", "point_of_interest", "establishment"]	AeeoHcJ0rvFdW3F30TZVI4EjsD8gtlF8M-3AhNn5nmufjVKTy-tMfrmJQU_ZXhk5o9rYzzm8foGnD95wSH44Ukms16Qr2dpYdhRHtHpzsRUSVBSmnHkg5SX6BcVHarsJOlSt1E-C3fRWyGbrv_0BftYeE4uc3hvK7T6RlNXv7h9VKlNp9sOpDPoDFCyppdEnK9NEztgU21KOj0er4ioepGmRmto8VJVACqf4eJkG_-IdxmSCrMQPh-uQ7OeqkO4MyxuL5g7Yrg90P4bumZdXUedp6eSSuztwb-oiEwZISBffFVCWFDujfWBst57gpiaGa6D8aiJWCExWqdw	accommodations/hotel-blue-whale.jpg	Hotel	Mid-range	12000	5
145	ChIJs9bHx6NW_joRlmFxEyhGxvM	Old Park Villa	9.660307999999999	80.0275401	4.1	["lodging", "point_of_interest", "establishment"]	AeeoHcLaXfqbXBggRCHD2-iU_-m7J6iLviKcz-xMOumvphbVdmtW4I7_mvJmrSxPoh9mGOmIhjudiPOdz8TswrR-kgxs1g0CRotzbQeMPvxmbu6fPSF6D8QOPz6C40hrWBIMcNN5XstonJMyuEEVOxYA_TWByjYha53aN_fzpOaOrMiqTc6jTy9qpfb2cq0ffuPD3hfI7_3IRO2aqfqa9E78SDxIANSQ2mY7FIWqyXe6vlrwRvwBY4kFt3ofNhDfsKW8UvK9EllkVqgyAONjFxJPrRgWLq5rUyPEP3dtkn19T2Bo5-tisFK6gU5P9NKCl0-W7GjoYSffVO6UuHH4yhPG9s9ghHF5cKFbew2dGKyjznmBNNiWU6EKsXNt-v7RcIehCy8akmOUkJ3N3w0TbSCts3iRSI-nfWpj_fJ-WzSTyrWYf1VN0CexQpPyChmNVcgA5ETrdBRiHE5LjPHUi4_3qphjENuL_RR3hGhRe2bcHNDxGaUiSgvyUv_lwCfvwTygIxui6TxzFtNo1BFc5PjXpPc-pGUPPLGz4ycUoL8We6i59bbrg6zU67v-VJ9-UDKn2d46KxOa-z229QGZdcr0M6BVo1ZpEXFhAMPuWdG_lBopKAZl_AtcslkbKsce2puq5WQ2ZGJj	accommodations/old-park-villa.jpg	Villa	Mid-range	12000	5
111	ChIJ-wpf3bZl5DoRcEmKUiUb7pk	Sudumal Cottage	6.872520499999999	81.0493334	4.5	["lodging", "point_of_interest", "establishment"]	AeeoHcK0nRJWE0uge54KATQn_6LIf4JkZkmbrGEWfXt8LJnZGtmhhTmSsgWFBfUErEmnxvKNwjFMO56stKYBeTN0wjmEAEp-ml-t0_d1kMRUFQCEHWcLvYtR3Qk-WmdViLJUB37IDKv0OkDOhV9fZpNgJUNxBbo85CVBM3ShSFabdG0RrERv-0mWwNK0FcxSMyi6DhxZe24ZbvsX9A_TEsbGN6ZF891ldNCUACyu8ed1aLmJYuITz5yDilOZYGanFdZG5fxm79EZL_xs0uAOUSvkwUG2XEghgnMobvvxTniESo0FYq4fa0IVs6CGdrs50Jvd_ODIbBk63mXsdYZzDnAEYKmIqFZOlO9TSkM2F6LF9eM2ibPmgDvyxyj0g_c2EgtvQPUvpf318UjwnSag8SXmM-PrPkN-ZT8QMMD0DQ5UzafCxEWLAYWprA7XQ1fPKNHBrHr25IhWipxvu8WmGsnrwGSvA28Uooeh8QWIXtXboKwqQkd5V7a1K7RbNEz4mWeG4S_7JWjLgrHcxubImOV85yDnP9lJ3oLipwHCwP0Q9v5DaK0Rn8b9p8GSgj5LQC9ki116JJLzUfc45eqUNUF0YpQpjLwDrntVePPWepwZM4Daai7DaMY342fi9dERBTNl	accommodations/sudumal-cottage.jpg	Guesthouse	Mid-range	12000	4
112	ChIJMT3gvU1k5DoR-_FGo3ozXEI	Nethuli Guest Inn	6.8837053	81.0438	4.8	["lodging", "point_of_interest", "establishment"]	AeeoHcL6ffL_tIe3uolS8qsvem_kiUU6wLHa29zC_Ypjq4f16eI9v2BqtfaH1G8EU5MNq2aRtLKBfOUYBQ_ksm6f0nP3H6tXlAgXLj2vg80kxBNQqWV1n09h9C9n6BJ36rwxSRuLeiQ_ul2biqrWvk0gkzzlVIBE09o_VsuFZDWmuweIxwjN7qdG6_0BQWvJhEYuRL8b4fKld74mkmXmzlnCbDUAVvSrrP49T12FIq9vk25F846WKZpXBLz7t819b08lmdhiRiqC4fjHfHUFccFnAtpc3z64WRv-yLvXqbdvtDuxyJAOUAODYPOWBfC8B5IydfTrSBTpl4SsvXbO5br3E1RLpQRCvUnTj0reyT2BkaJu59dD80na2NUuvLvKaUNHCveIDbhzPD29EfkuFplVNFb2SLSrBsq0RW8HCjmTxxxWf3Ze0oD0OS1c0n9ZvMYlK0SGbVAfZPpTbcjckXiVqzHMeXYp8vyBrsdgynjf0rEqwq2azGR-lUAQuFtDxoecm_bcZ1tE652idZC3gA8I_CIZ8sl0DFXTTdDjgShJrs0Y7hlus2dNHdfENw6GGVSpLOL5biXewNU433CSrtBQTQGrcnZecTJIDf8no7-pED7KK78cVuEIbLmIXQ2pIZdu	accommodations/nethuli-guest-inn.jpg	Guesthouse	Mid-range	12000	4
113	ChIJCfvd-rNl5DoRloyZCcy0lFk	Leela Home Stay	6.875053299999998	81.04725839999999	2.5	["lodging", "point_of_interest", "establishment"]	\N		Guesthouse	Budget	4000	4
114	ChIJ8xUzD7Rl5DoRgWsrWv_-2No	Dinaro Guest	6.8771808	81.05016839999999	4.2	["lodging", "point_of_interest", "establishment"]	AeeoHcJvf_mj8H8mFAMgGKwRBJyYS8TkhfElVYZVg4nqiCYvyM5DAfOD5PWAv9KUX739wugs1wV5D8SzekVx-OuckyzvQMZpU3TiRw8OTMHwUpFxnjXlkNh0cCkMWfkrH0o2y411jqIFJGha6clXqUN0vQU7pcCpwDDs6GRf3IHgG3U4Jpx6GateDSl4nl5WdiNCEbAu8pw6DvMwRyQyoyIpiblEFStKJ8-OnpbuSsmUIEBUJfVLuIbGKsTAp_8zZTK9et5l_GMMdDyc5rQBsTwfhjBuXeU-UoFO_XCXD1JDFV_rEI_641R6rRXEzpMSsG--8W12Us3iNbN80wR33BozTaoh_8olCkDDTPv_2F6dt6s8RsKYAhs2T7AJE6nkLtSaibJwZSIeLoxsy2mb3kufOuJZyWJ3QGg0xsTfYQX9yZBHVfPe2z5UcU6-Mow_mt5wNtkBBY8fx_idHwxgexHBBN0tqsfmCDeNt21vUdDyp3k1J2Glirpky22bOaf5R_B-ySleLhM56hD_368u0K6y0uHxjvusNC9uJNQn_5fF8fq-WQLJMQAKBK1dFP-wTR60sNyU0pz6BR5xG7XtWv_5s80rFzRZv0r9JMrF0izOcz88RaXq_q1z9HKvURiWd0og	accommodations/dinaro-guest.jpg	Guesthouse	Mid-range	12000	4
115	ChIJJXhH669l5DoR7F-yDLU64gU	Dulaj Homestay	6.870314899999999	81.0410733	2	["lodging", "point_of_interest", "establishment"]	\N		Guesthouse	Budget	4000	4
116	ChIJwdyn-rZl5DoR0U2y4ICeANM	Maleesha Homestay	6.872516500000001	81.0522051	4.5	["lodging", "point_of_interest", "establishment"]	AeeoHcJz7Frh-gjLBzCmTf3JY634Q4EjU7GnCDrFJUmuHTNAheCgI216xvHJ5WyFvR3QY-P101VOYO-5PZTA146-M6WnjScNjbhTEwdfoV-K3i1Axr6OV76lJSw1VGNZcAfTIJQFHSjP0ZKDJlZSeg5sY3JzI_Ip0nBDSpG7qqVRF8qDWWrhLYQkek5xUMd7a5ZDMUQAQH8hApL9MigvXc6_psin09P5IqjOjHdNEtLh5ha_qyMm5IO6rGfG5jwCTOpzcsq_ZYG5A3zopmGQrHGTRAFgK6Y9A0P7gyoc4taIu1bf5KSoe5y-ZKwU-odDyHTvyww65SLJRKLAV1aAnO-wEkErG5EvAlPfzyCskV-b4_4Qc7v3HK5l_BhLyAvwkHKwYqGaoXF8zxX3v39_bKDb64qvzNpudV6WzFRcJM1yeWktCT5BIFdhx2Lrd9h5e9aqDqvIU53SeqDdQRCab_XmcQ5ICuVJnWPa9MA00qdm3QoqL2GVmk08EIon0gKR740TQOpRUlRru7T287D8QdxCh08WMHZ8weFHWTAF9zrd3-6kEUmoDiM-GgIgvP_1Kz3l7pac2fAer_FLoBNsOpoXtNNC3a3YFmPvVMMiaiS_ghA-kgNF_ddx6Hnee_X3MT7lLhwECw	accommodations/maleesha-homestay.jpg	Guesthouse	Mid-range	12000	4
117	ChIJIae057dl5DoRugcPQH05_bo	Dream view	6.870495199999999	81.0528025	4.8	["lodging", "point_of_interest", "establishment"]	AeeoHcJk8mMIVZXzn8kcdIjx36o6T7QWtTcLIoaCmIGT73qWxiFTt63M2al4J7NS9sCkcH5Uv9jN2PxXwTiVBrsqGOsYgAp9qTFgbYn8WDxLrIqELHbv7GRTsodJmu6qrWiaw3Mnj9JwaiO0iwrapyqCVG5bQX9A3bDNbinGLB6QW0K4KO0xxJ2vbE44e6BtavMcVmLwfYS7wQLggVp4C0jbqMe3P_GMfvYm0jhqCD2mj9b2nQVHpvmAEqGYNqI6HVDHHjRViDb-rq03kEHE8idEAwblccJhNOCnyuPjoupp2Zu1NxwIGGSmxz5UoZ-zEX5vFXkFGUAwCTjhC2sJmNlkSNZ-wt6dPM5GoSsviqY4Nmdyhq08Rg_u9qXv9wCNHxY-ra150MltXdaGokR24vEyXErne_B4JdJw9DmI1yTqmmj6O_tXR3eah6b0StIc-ZoqYEL1kpqqlhB3fpFFFF4PG2hVeoW6961zKtbzTv1BfsfzKgQkzf6LELIb_dz9aQFs9AOWyfkS8NMkLfOKQotUZ0QKeR6UQiZIDYSMBl0R00qJR3yGvdgjWGpX4Ltpjb4b3CwpEzoOy0IUKoQHlqiLAuBWx5BTNQEf7bXM-GLRRu0yI0nu4rxF-H9_kevYEX1J	accommodations/dream-view.jpg	Guesthouse	Mid-range	12000	4
118	ChIJW7PirHdl5DoRmGodtTG3y0c	The finalgate ella	6.860581900000001	81.0386005	4.6	["lodging", "point_of_interest", "establishment"]	AeeoHcI6SjcoXF5tm0b2VGaB-mb36FwF0TxwyXuVCh1nTabiQtkb4Bul1T5IX5OXYWj9v7ZlB5lTClKRVRzX7ZD8aJzS5WiRJrnvgC5GEQ6LnXdwF4iZ0T646XUtRcA9oDpHCGgGAyOYfRxWikNddymByHKHvLgA9qj9P0sLJnqHZRBZYZdEo_qUgrpF0S27b4--ECd-CXMeQkrqcJPRExmDn9ES1bMBVcgpOf7uwulJxxbXXwWD0MyyJ0Ea_EWMNcAtUw0w-_BBEt88JyGwMOMCobUE1L23MTiaGpkubOF-ZzoXKeU9FhVAm6JqsVYMOgZOcn53Dl_uJ67qXCue-3S8XXqv8fA82ozBmWAlkvDC9a-QurhNMnbL8TfcSCSIkwC0bnEnpLW8zO42Vyzs-uH-27Cszp9ls69oeWtuGbk7H3yQMewNe9O-e2VoqpERo1c1ubKhN_lFw86zvELQ2DJOQETOe7yvIKwEBpRwKxYDXFG9c6o7oYvGnO4YOyScr02HSJ7qs1pygR1JjClWBA-Q_SXJsgaZiBJ0Wy2aihnddGZA5FajDevnS6be7_p0YeQBJ_G_7ba7KqSLMRs242j-vkR9zQxT4yCLx3qcjNuuCbZ8jKoT9h-yUxAnWoG6DeI4YqxgCA	accommodations/the-finalgate-ella.jpg	Guesthouse	Mid-range	12000	4
119	ChIJ32AsIrZl5DoRZRCSuhmvxiA	Freedom Guest Inn	6.873083199999999	81.0530282	4.5	["lodging", "point_of_interest", "establishment"]	AeeoHcLkCHGUhLJAP5DQfk6zbc0eA79q1kMKabnttIts1ufCJPA5SQMdyEiiqEUXz05E0vw3Yp0ELurIeLPKfTJsNNu0POLhyU-zhhnO-hyAhqGJV3gTXSgXocNeg7PuXps3TGGV1vjpW1fssTwVFMLRYnJPaNTdre05DyyugBeriu_R35-exzRZ2hWkurYwAuV5H3P2YukRolmLPQzvEuDURR-aqJQ2ceq6WdFZNO4ao61jWO5N8LA2sidOFdu9dATxsxu3mKerIUO552fWFEWLIdJkqmdpw-5YP5G0pPa85c7ZGBslE69ALWdY7Ey3zEPC23XsYApVbIM	accommodations/freedom-guest-inn.jpg	Guesthouse	Mid-range	12000	4
120	ChIJ8ecfwbdl5DoRBNImwf_rq8w	Littleadems View	6.870889399999999	81.0521802	4.9	["lodging", "point_of_interest", "establishment"]	AeeoHcJKLSE8A8r8ffb4em0EKS8v9d_Qy_zwUeXlsjvcYVlei2e5lRlqHixQoWu4gwNz2RYffD8EEvzQ6quLA29UVc29MGIxE2X6Ltzl7-GBeFBwVNgLnEuSw4eSsSrBG88VdrI6k7v5mAe_Ij5xg04XUQ4k3v3srnHDH0bQEEsxjRMGlnohV1-35mE7DrJZqQ2sNQmBMXIXGpZLa76B_5wmJ3je63lniGH2gUZna6BQg1XmnIrOTtU2YVzOfWshh0T6HQpppWk2Rdb9B39ZLDPkFZlqO3IeeEHgxMMDg71bb47cAtwRAzgJt-Lu6jGcztUfn_RkbQZzBu77eOEmt46Nu7mPsrHcRA_hvT1fBhmKxUpm2-q-OPW-WSNcSmTGRGORFYI1FZ8PcO2_bbiNqklui4l82hBIiFEV-AMYSE_hGqHxVlC0o5jEcd2HM__9eOo5Lt7vwU-yRXtJ9rdkC9TF1nK_wq7aDWqyfdVga9Q2Fw5kBVSxfMD2tgnzk0mgy_6zkBCiMNehR57JVeIc6QLTPepnbWFVPACvCY-IYm3BDVVgh99hY6brnnNRjKHKb89T1vAywzHoE_njNFBArW1TRiEoOMZnubtWR6_IDi5gbfIBMgF9h9C3kZqAPAPw0u71	accommodations/littleadems-view.jpg	Guesthouse	Mid-range	12000	4
121	ChIJA9UNh6hW_joR8sWUnJLXhbM	Green Grass Hotel & Restaurant	9.664523899999999	80.02193869999999	3.7	["lodging", "restaurant", "food", "point_of_interest", "establishment"]	AeeoHcJZP6B80_9kO1Wxbgt3SVZlLEojV8_RSmECzq1cBKFH9nbDCQQmPrd6JwlMYoQFc700i7-4wkFh1uycnt43PsqvQWj4LkyVIdr3CTZbJf7HCOpivGEosgoPIIUGYdmQLSihlbuj_4Sp-5mfQZqM2VX9UllD-3n-tU3vO7O0OMJ5Iw6IXifK6OO0lBrtEw1UvORI35I0cMW_2xeKdB5WAep68X3SDUb6NQSzJjx7w7K11P7cS1q7k-fCIwQCQHHZ2WAqwEy4I-AAPapcMP4Hus_JZLomFFv0ArudsR5pBDJwOe_CjcSDgJ19G0p9J5QRxW9kFynsW-s	accommodations/green-grass-hotel-restaurant.jpg	Hotel	Mid-range	12000	5
122	ChIJae-142pU_joRE_m-OZYIbo8	The Thinnai	9.687078499999998	80.0262326	4.3	["lodging", "point_of_interest", "establishment"]	AeeoHcLEsQcuwfYFV2R0OZuSZDN2rPRQbffgg1_Dc8oFATgRcdcEtZK0vRaRfvZQSkr13DYgtegaeTcWZG7gaEyFgxhx-KyULNYqP1DcIpqCD_cDJczKDD8Jn1flg7KQVlSZsl4jywhqU5afZ7vVWkX_EVzH24xM1DK-LP7ANswNkcLsnLHynZCkB6hkNBJxptW0JYKmY5XmnewdlIm_ZmL5Vq-MIYA8nsTGUijME-CGM8DOlpZf_o3A-gXl_GQ5CTRn8mbM7lZ3oi-chVXlOIRC7-_SW_WqXjQTEGt2UsXB1kMq9UAB1T-zI68cRbxDgpDcbRkh3A8s1Y4	accommodations/the-thinnai.jpg	Resort	Mid-range	12000	5
123	ChIJQXtnwIZW_joRxdPCr3mNO5c	Neyaham Residence Jaffna by Sarvodaya	9.6607938	80.0498461	2.9	["lodging", "point_of_interest", "establishment"]	AeeoHcLEl2adH-bWnqEXhFnfAtzEYr-SKdHau6Q-IXvt7bqbpKkvwyzKTznDpUyuey3TL0En4Ksg_ilKSpIfy3sLfZt5QKKcq_oT2dzCUPHf4URqf-xxrMv6tTOQJG1gAP7Xuf3NOgugkdWtEc0SI1gdFZPRZuLOgtHQQLxYgvMQIYJ7OpzSgNx8QKfU9P76k4m3OCKgK_Li570RktsUTiocX5_GVrfDCGGnfpUWUmZF2G2dq3CR2ztRgq7GN_QPBUrYncj5uWBkZ0gOzIz2BvG98aNzf68fv5XH0EGgAJOXRwcSLucc7SEFmi8iRC5hSwWI41Sx_E-sAjnLvoR8VuXVJNubVnNSjEcWl-yr5JCIEJG8Q8CJkHtt1c2-PjJ683CutWH9Zb99WKtLpadsWev0lYyU8YezeWvBCYbyU-HuKW89PcWxKwfH3F4QG0HG7iSXcshEgdyTBMwrERuJcqLwo6TYxh8cif6CXoBbVT3d4vyUWKhuYId_VBe4Yy6ZAQ91xXwav1dB5urFteYGAqg9W-pzrZT9AnkqA7hcODn7_PmqJyDsQd2tUsySfwl-D1dEg_LKCi9OcIlay9KQ2noRyemTmozzsD9NvuoA8sJALXPI_sRYztQZx1gxF_irn_Twk8i5iA	accommodations/neyaham-residence-jaffna-by-sarvodaya.jpg	Guesthouse	Budget	5000	5
124	ChIJlb6J3w9U_joRP8qaho15ELk	NORTH VILLA	9.7252306	80.0464794	4.1	["lodging", "point_of_interest", "establishment"]	AeeoHcIPsWg02L-bsFyr4Z3PVFtn1rzWyf1_cFPtpjRCQgF5CSCXFoeQ-b4_jI3Se8Vr9YitTO36gwoV5ty5WTNS_31tTyXRHcrOnAkR0p96MQhrC7QMKey_Fn9dhs4a24yQ8XR8y48U1QqsgcwIEVuoem3cYKlzc3nzupLXtHTjSx9pbfiPEpixAag21eudERwybeMjxY3_GMwhh28E4hSAzRAVBod2X5qfkGHRXKUbnNsvW-06bpEiVdHE85QC7YbX08Z6zVO2ht-q55y5A4h70797eNRUfDSjMmliJXlDflsYbW1ZwoFlzfTtVlryJGKBXQKZwQbTfSc	accommodations/north-villa.jpg	Villa	Mid-range	12000	5
125	ChIJ6xZjkaNW_joRPla7plGGckc	Peninsula Hotel, Jaffna	9.6599569	80.0263768	3.8	["lodging", "point_of_interest", "establishment"]	AeeoHcJfH-wmTuY2gOsX_imIu5W5BEwFa49GbEtTnaa1U-BCdlK1wp_RKLWuy20loHx70AhqcimWrbvXZFBN-130XCpV_ld5JpW_pjK1SDJDKiLp-N1zZw5-DQ2LETb1kejtz38gfJvqpBmhnTrL3hqQISeEq0vBfBNy648c3z5sKrT69aWBVRLqTzqesV4lWSN2dNdQvzcCaZfVR6_PWVGIJy5FP7LwAoUNX9r0udxvdohKP7KATcLg5tK1aBtwB4Rja4XyqtBsVPh64JKdz7evUYybihWAU54fjlj7cPwrYgRlmxQBlPxwHNV7O8NZ1-bx4CrBEpoOCvWBxHV8hobOPYXBleaRiAAv3RD86L1XmQpRQNrQv0irHjKtSCbJ3p7u8KAMpVJhjVVfVZ9NCc0xm1YQaoZBum488bCaR46fRB0_sJgD-ClN81YeE35ZWhJVbJQ5E31XFKlbkMZc9k05QboDhu-prbiMjy7mCf_n8u5wpomiH2BzkPt-N2LftgRdIVoil0bUvgxJ2l9rygSHwVg7d5Jvmr8GFKYjF-jz5fFKwNlCljSacDcabma5TNEsxoD2zlfwOdsolDzhOWKkopdcEerZ6BpW6d8cXMG6KJBvTjGfhIqGu6vg5ws6njB0TAt5PA	accommodations/peninsula-hotel-jaffna.jpg	Hotel	Mid-range	12000	5
126	ChIJ58tf6gFU_joRrI7MTdR0PI0	City Home Stay	9.667828199999999	80.0131133	5	["lodging", "point_of_interest", "establishment"]	\N		Guesthouse	Mid-range	12000	5
127	ChIJByzLOBhU_joRzXBJheHdGUs	PARAMDHAM	9.6768336	80.0293883	5	["lodging", "point_of_interest", "establishment"]	AeeoHcKAXnGkuu8Ta22U2em5wQIl8PujyIo7m9cu9Z5i7-BTtDY8vHyD7pHQMWiLCX66s8fB8WHWPvNtgA5J65OSQrFOgE9cMgiwaO3U43y80qshUoAmhY2HXK-MkabAHs_CxBaHone2NAw8OyPmSFF3fJdkhKdu0ZG1BcPb-0i4notgd9VtzfxJNNq33fD4TZe7VS96OppNxxIEeu5NfpLmGLVHP15P52g2s8-c9_FB5XFpMi1MC1T-p7zRkZXSIxHQT4uwHBuuW4-bpA8w6kNAj0LtWtbXLWyS6XBVramv_bPDBgyuZD4Q1qB6U3xl-Rz60V87bgMXq2SyqEBn0MHY7WVLlpqlk1jPap5hAbauNlf_AwLPzatEyFBQpDp07cbX1MXnzL16-v8urABGKFVaWpKOM3OpBKBXG0jLqaFrHVjx7glLQbcZo29sPrF2f83u91-rQIbdfVgzwJKJqzC-t2iNaPBkfaB3zSV1ofSCQX6e1nCvrFeVQ3SgBz8W3BWoN4uSE8XqwFhFzk2NrLHjr-JWItYbv1y2YbZdCHrLxAclknFEzBwwcQHQ3_hO-CtSqOcZPbvJIanNs5FEEO9SIWEWJEvYSQg0L-_VyRay9I_zDXV9ebsklVZ3eHlWQ6M2RGaO-edx	accommodations/paramdham.jpg	Hotel	Luxury	25000	5
128	ChIJYWpSGBhV_joRMp4RoHzSVuE	Thinnai Farms	9.7443445	80.0445173	4.2	["lodging", "point_of_interest", "establishment"]	AeeoHcLREIUK2TWWys4wMctIBOaCieOqjCZ61zTyGDdeA0-4JG51p23tlMeOdsZ1Ca8R4DIzRUiQN9EQArE3Pn5xkxPf3c4C8H4NLEbtB_x1gn0nnbHrFFn2jTjvpuc4dO1GVo_v9YioA2a3zcjgyKr2dzKkr5I19-Amz6fOzOhK_pDJB3gmB2YsCO3bSkyqdQnzj5C4dYA7Kwk19MCnLg4c1notdA9mKtFMgbMIISp2QPxVvwSz8gK3Qya0SmYVf1ts7y2nAATRyKoVUzSzy2Zkp3uYJt4Ge4H9qYsWg_sffKBppCcKS-mtHjNU_4bELOIwlomqLnJ9Dro	accommodations/thinnai-farms.jpg	Resort	Mid-range	12000	5
129	ChIJT42c9x5U_joRqsdvpJ_bEMs	Kohulam	9.661979900000002	80.0250276	3.8	["lodging", "point_of_interest", "establishment"]	AeeoHcLAvTXODzbYv_uxCOyuHIP2KpSRPiSSm7aHyRHzZecpYZHQ9q5vWFXtIKzY_5QadGwi2u1HC8Tx3S15JPVE6UVke9hf9X0I_h64ctLcHk3Dmp5pgZ-w8ANig_UeaKPZjnoE74sSNNkvIGhe-SQ4ZW4d032xRyvlbCVv4VqBI4n5S6iWJ5cW0rd2oiBposMSiee9XgLetjnQtM02T_766GTJ_VmH5-CZRKuTfTpxkX4KTGScDfCwha70rJSy8-DXgGKoEgYVNIG89nMgrEuPDbeM-w0mJKL6lQw1AJBBJ4cgEu21hO0U8DPpQYYmjrlI8V53ekzP3kk	accommodations/kohulam.jpg	Guesthouse	Mid-range	12000	5
130	ChIJz76dJJhW_joR6Zncg338IzE	Superior Rest Hotel	9.656494999999998	80.0334829	4.3	["lodging", "point_of_interest", "establishment"]	AeeoHcJ4o9GWO5dLaPgETRO8NM5YsUJSDi_5G1feFReLC0qQXwJUx7lsi3GteDD-nhObQHUQTtJEt5SwaDyNnHs02Qeq8aWFyV2qLvAe2Jg1uuCLgTfNdny4d3LvjkAC9BYfW6OAABm0h4Jyhik7K6c1DZ-9AwjPtfQ3nbcs1mndZQhpOv-3HkU4-L4v2CbC4Xi-GovzTfbNg555BXFqloSSBNV_ke17ANSyDZvJi0DCGi-htq5grpOvvvMwgKOfRQPDVOgZTqfIweY4Mc6WDCitrq1IXNiuZ69JHm_2_IdUZAXm3xe-oolg1cihyvImedOhi5yPokH8vaOiBz-b0oszapy1EnZresH2hJ2rfugBC4r9LBt0xS4B7EV_YXBPvVmDIF0rEHzWjQ8CKgXZ5qv_XEl1aYikwFYV-kUgQbrmJCfsQgposDDTpSot3GwuWD9n2EwT2R9c9U8KPu57hh7ieSwZkhvoRndLixmS-EnVRFgj7z2hYEtHqykqost-agoUh9z3WVARTaiFK1DpSJMHmHAPtPJPefEMcDBbBQkyRv4JWzjyEo-zwCucJjPLVmo76ntM8mKI5tZFq7zRkmI2dItFNXUZNUiVt9yFM4crSjRJx-ZjVf8amVg1hGuBI8sEKnUXDA	accommodations/superior-rest-hotel.jpg	Hotel	Mid-range	12000	5
131	ChIJi_nML6pW_joRZgrIAc6QY5A	Bobbi INN ROOM	9.6687437	80.0152382	4.1	["lodging", "point_of_interest", "establishment"]	AeeoHcLZWDh7JxNyPdJWz2cOX8OHSjFM7oEdUTFkHvf4QmBKRNLYOul5m8XFuOgGQAZ5DPaXfJTuWMr4MRulvqiK4hNBWzZAqBw8s7BDBKg5Zhcgb1FM5U4sQDlPKFoS_45mkDm23N6y6LU2pCz-fyAhCfpG3zQjyZ3umqqGWvC7xX7G-gkPrUUIqjk0r60wVQTZoDQiQHZAIlDjAZGPkpc1aBJyYmhoFzA0LdIp1PRm_5bIJlpl7CpUAgG4qq0VmYgII0C1mF49xAWC6WcQNfNmFc9S3-olnamEmtmSxOP9kcfDu5ZE0PgkyRBKZkswc-KO3g-vSsxDbCnd17ohv9xM5TwMs1Vm6tAbuBJYMby1Q3T4x4LOSEMHM1u54J8lR5aJnGixabdPttG8DHf_bovW5_Jge-j9TV9jGKLYQlk55azwGFqkq9d9vm5vwHEAidf0bVRpJ9F34POXb91V1GXGojvtStvmZtRgA_yTyAHPWSRZCkSDzObAbpeG0LCpR0nVqCe6RT0xxsWM3cPce-LKiGBjlI5AfTHdMe2Flx7_N9khjYLNItzG_o3mdxzeRGrKgmMAZKA-bu-8g1nOLsSWqOHW_KiMXwDK1RxHCE4gbJtm5MWtUjvON6DkCQxQwPQZ_5Thdw	accommodations/bobbi-inn-room.jpg	Guesthouse	Mid-range	12000	5
132	ChIJ47gQQAlU_joRdGWhRLdUrdM	ASR Hotel Jaffna	9.6746279	80.0113105	4.3	["lodging", "point_of_interest", "establishment"]	AeeoHcIW4qeROpjHcYzpD78ITSICyS-uEyLnDFvdbAbwP9mi3mUs0mbbZzyvuut2jr_QPpjbASsIFXc5zD7UO8RF_9IHxaIn-7T-b1xbwfOUF_Y0dg-mWl5dzyBEcKoAT38h2avy4_eHVnwZCk5C1QZT9jhTw-KT3KMwvPLzmzpTCupTdcmRBNQTsmgNF75TLfpd65b11Sw8Vh5aaWvDh76gL17D2HSu8NCB8I8ShaxhJwH-QclHifp-DsYXUkuDORldSPZd17obwilvHNFsLJY4kKFohEApvBtdqCkPFKA_1TTaWang0T2XTm67BPTFDT-JeNt1Abp2xgg	accommodations/asr-hotel-jaffna.jpg	Hotel	Mid-range	12000	5
133	ChIJ-zkHcgBU_joR9jw5KnEcsEE	Lakshmi Mahal Jaffna	9.701379299999997	80.0167374	4.4	["lodging", "point_of_interest", "establishment"]	AeeoHcJjGPx4psjpbgviNYiBIGv8equ04vW2StGZHGmTnapSC0eqqgIWKWEDw0hhp48okep2pn8m3zxgUfF5puULi_cqXsYlJ59T-GzZIKGdFj_bNLYyFsXejQOQx3PClw-YK5p2usO5NB_4l_kebVxDt3WCLddESlyw193EX3sdS7aQ4L4D4AZy_QRtRb7Dh902UmxdNglNVhR4JSb8qFsZ6q6lVkizJSBuPjsRlZbRQpcRcpaKim8a5Rus3bts8imujzeDw51Rx2cucGYCsH69Nm7icQj9SLDfB9YRCyFYgCbR0rHfRQgaUlJeRf-uJ5BLrn9zlnQjaquRTGJLQhbn0nnNQ8YpyolIyxuRRdgxUtD5AvYlxj8QSuBufUzMindq2yU_eKovO9-KVobR_tQHeoxb_yakPSXx-08Ycp1p9NYUWQspIWCV2Qb28fmtycClEgm70Aqa4324yF9MQiOdozxOMGIovEOe4falu3fQww__TB9NfD40EhYfDmppeUOcwGSUo7PqSYh_sMdokd5wAhO_Rl_f2YKGU_Cs_QSiely5qz4lj-GskY-xWwLQBwBj1zrrKgn0jtVEMD2jyc1DuO5KZMpoN_wWIe4JGegalU42Fqd_t6W_LmZLJgPxV4_5O_IyXA	accommodations/lakshmi-mahal-jaffna.jpg	Hotel	Mid-range	12000	5
134	ChIJRYSE9x5U_joRVXpAVKRSkIY	DAJ Bungalows	9.667309399999999	80.0259688	4.1	["lodging", "point_of_interest", "establishment"]	AeeoHcInIPg4-74z4c4JhOPeL12rC_LR6zEzYBSVgQ0Ilc80Rrpwhhbb4wIRQuayYNyBVePipSTGXRYWoy69W0uIY24Aw2Tc2nOi94xTcnow_bA57_BY3J8iQ9vbcl2aTYADtE4cUXRGW_i6zs6xzLMiKFMTglWkj-7iAlrKzv5YGPJTCtTAwL--Z7Tye8mZB4I_BNvjiPFiXkceoymRFQeTRTL1FAyt5N5o1DhiRhIovbDAOSmQAh5wEvQomCp0yhEg6sdrj7aAXNjMKio5cxK4BFLbqqqWQ4QDWRZ5OiYuxHE0m-Ll-o_fAu8sWVP-4_xkVHpFGeLYlEQ1R-yj2ezJWM3KnVQpiRFCVi2pTFQTnu-tzctFn3Lb83DlsmOJljh0UNSjBKG7_aNsCsBwYZ8nFGSmmFG7NIH1bf4s4E9_dJxjhYLdAs9MYxnNPvjBv-hh1S5VZsCspSc729-5T4zaPrLAdUBGdnscs1HmgpErSMIQZPUZtvh_P4HynQDJiT8yCehInStpj1WqfTQL6NlYzok9JifmufPuwIN0KWCvlEOS3xG9vLP2T9Huvue-RcyR8tKCEks-yggzGP1jqjnRWafmouhQ9CvkpmWaeZd1hLmWBTd7yPYzEdNHS0US_VYHs9zK-w	accommodations/daj-bungalows.jpg	Villa	Mid-range	12000	5
135	ChIJjyf7zpdW_joRM3RUgzLxXLk	Vidhan's Bungalow	9.6540059	80.0320892	3.7	["lodging", "point_of_interest", "establishment"]	AeeoHcJB-51UeAHfkyEPcUiGBmDewJxz8U06X3JxFkbtccBwIJgLQ1EVnj2PCQ_yRibi-SsqqCmwv3qtV8HsVt2p2RZqPhnihIRYzwbrKAWEMq9gIu18Dzix-t0Gpd83HQn8zaFoEtneXNlHrLpGz0q61xRiTKU3RmRN11na13HptBw0bTakfyv08nhNFOhhI_rKbOCO255C3a_9Lb5IrMoUM8gkkPuxI81Sh1voBfUn6SlEq8P8Mwch5mf56HCWyrkJ__h0Mu1VpbKRBaKUKcfXYh3wiGbIDROXF_sVaTJzyZa6LF6VGh4teIQlpiOG07-9CzmQJJl6mMCO-2kEiHy0wwKLjeMpkHfis5LR0gIpxMGUJ6D2VzqCQvSShffkqHRhPCoy-GHgZ2xYxEIaPG3GA8tgDjsF8e_2Rh2AkwFG_r4xkdVWAtmnqSXuTzfCBwid4jZb6hgMm-8V6ZR_d6sOSxq7KAR6tL4hEGIy-BSyY69pXDC84E6QcxQm_pXQa3Bk2rqHHUaLiLnPZ1RH3k6BFtaWeFE9_bJe8REJCukHUzcueQa2ks9lMdtDECwsG-nv44VaKs-12c90hCjZkF6mzsCw8vScdWjyJ-QpRs-JCXFKOqPIZv4tN81BIhXjLkeQjqvkZ-Aa	accommodations/vidhans-bungalow.jpg	Guesthouse	Mid-range	12000	5
136	ChIJY_rFXhhU_joRDneof5yFv1k	Allens Guest house	9.671405	80.0268838	4.8	["lodging", "point_of_interest", "establishment"]	AeeoHcLCUe1osFJZ332zLj7MtTJOBK0CLuGhyCOKus06DfPbH6Zo0BZQZVJnxSkibtvdmaqhEYOYVPZeaVXBHkU0Yi2dNsj2vFc5NiCk8Cqx-VyyZQd8Dac00TbGzksrJHicsj6OhyM2dSRGWS-EYUKGMXt_C9y6FjQw0T7oF4dbJyJbBiKQ91XX0g-5aCQa6RIbHMW2-ww1uBii1CGzVCgMNRuZS-yq3MlziYITBgUh4nz6OiNg1OVCuKyuFEMq2dvRKsknnq9IWy91r1kShFg-_rIFejoi1BJiUpObohiMuCYln07zRX582h4EIduwYN4pL1_ommUkFmLCiagrgv6O2BiJNJ1rPuv-jCAPx7n11JYS0At9sTW5t1E2QEys9h9-39EDZ6f0kY8TFkPfI98_Cy6dbxeiHxKvyeIg2baMK2sdZgpomy8g0v6o2DMbt1_m_DGFGEWKI3Y2KxLgm09t3E68IzdXzyCc9bVRwzkhFsr3yDPbJQGiS4A6tSnKQzFSNvY_QHbYRtdDJMkdj_s9Gv8YQ5pVpsEj8cAJbFg85mBxezCxj8GAIyI9S67YDto6PbYb1Nxc5nKki56OVgFv5IYkV3FCYy30p8eGR-QkrA6IhcX7Nbpz0ll72ctYtpITYZyAhw	accommodations/allens-guest-house.jpg	Guesthouse	Mid-range	12000	5
137	ChIJcxp9ARpX_joRrVLFsbtKgN4	Mt guest house	9.653503100000002	80.0339466	2.8	["lodging", "point_of_interest", "establishment"]	AeeoHcLFnt2O_oOM2iJDtJFaPOhrfHWb44Rndl9oNkeFeC4xh9vHlcPuLKr53PyClHPMtB8h08LLTx6q4cLChwKINIwNDX6RxG7K1fxeXyXh7hZi-fSBNoAPaGfjpw0VqiavCkx1tN5OM2UkVElruU9Md67WDjwSa3YMMR8WhCDAZzLBuNZepA0eL9miTSP_4ltf2sXDkrbFw6opQ9nt7_aWIJiAG9M4lAb7OhlAbxPwo7yrqhgbbIOEPQkug-jQC8ZmSkKJEZzjxeh7BgKSiRQ2lE87Df-FZBhkBpolO_276pNJib2KAiUQhbEx-XDAqfjYiTB1YUe7O5UjjluqvvwQtwAVSbhLHzA832whb-umnntP8KdSIegx0Bvmu8fQjQlPC98Z93lA74Tkxj1jIK7bWGVTOpChVIhq5vh8Wn1mJ2Ff9c_cLqoqWwG1CkMOE_KjTBg-OqnBWP2FdzY1qO6Kg6Ny3XBV6PYS0E3753e31Hlurl6D3zWkl3FPWlsAWPK27MwiJlBobtKhTQcZtXCAMjzsF2SXjVOu1tqmMY0ir-bjMioa6EZltJ9oUP9Seedt1CO8mY7s7P06gqQY_K3x1Jj6LVCN1JEEWosJuR-nkhgs572ERx0xepHCoyoYTsc5vBqRzg	accommodations/mt-guest-house.jpg	Guesthouse	Budget	6000	5
146	ChIJrR8EFqZW_joRxacMepYI9mU	Gangaa & Brothers Guest House	9.6627067	80.0210113	3.9	["lodging", "point_of_interest", "establishment"]	AeeoHcJdPow_u_Mabb-1kMD9vIwnT_Yydp8Z34uslL6rfbSmaZEdZ4noYepI2sGRNFQnr1B8oqvVBstLQ1VRmVHDqRmngZTTQwYFwO4llVVcI5UbSjg_OFvLF7X99wHlFamSekwDLhsaJLAPxJh1yDdgil_H5HPeWe5XOG9QeazmWPl-rSvc8a7rOu3yvh2ldN2Qb7E1qWs9ZgPbytykVXpXf84mbNhKlzfSYi105seDFVHmkncFme93WnF17GxgOmFIFRlwJwa4m8xzYLxv3U4bypttbz8LJDLnY-7eCMipELvqM8Z6Xb4uHepyTStFyIwX9EKV1M2xIry6CiCrUYlkh1weDFK2o0ocbTwizLp062YmDhtzhJd6C17O2l_Iv1tG2Lf6LrC8XUsH1HeVu1YqThQsXPCZ0f9yr6nw8MbFbDFoGCmHz6g7-Zme-pWCPsciz6ZjfIMxsk1kPvfVI2A73iDNu7-8KSKbEVNbDAkz6AmZtww8Vd0r9OFymyfMDHS4uzdxgR_8FriT4_7qGuv_BwiYYrAOkEUkvkOBu_ubStzE_TMbPl53I35gGX_ZqWpTgl_wMs2Uq7kdKERnWNPFTQVkHaf0M7ENmNJlqt5HxNxFIF3957RjRo4jDeOLH-zIC8PTQQ	accommodations/gangaa-brothers-guest-house.jpg	Guesthouse	Mid-range	12000	5
147	ChIJMxhtrqdW_joRz3dN6v3fmcA	Golden Sky Hotel & Restaurant	9.664521299999997	80.0221973	3.8	["lodging", "point_of_interest", "establishment"]	AeeoHcL5Pyy8pJ8cn-AjGzQoMXllwunCqlYl8nAPNKiworI0Rpnt9CT198aCWQloHVxxt5W4-dKEGdyzqPRFG5x790lM7rAvk2TS7Pt4kVU1nkBRLNYpG_NOaHlL7A42vn9kBC2JztvzWYS1iFdLxrn182zFKjLN_Yj1wOJUXqnGeAQrm7OszjhHRByHrEm5258Z48MSSiMCiXq2Jpo2v1Jp1TXQw8ZFtLIf4hwdnNeAYDHOku9Bg8baRq_0IBuzTHb779lT5_9m3nqn3JDfDXNXAZeWlkgPFdxRhcvnRN9EqSeSvvnh5xyix8bMOpimF956R-hTP-joEAw	accommodations/golden-sky-hotel-restaurant.jpg	Hotel	Mid-range	12000	5
148	ChIJpx3MAZlW_joRTzJJUpcdBjo	Green Star Inn	9.6593693	80.0339091	3.5	["lodging", "point_of_interest", "establishment"]	AeeoHcJgz2R0K3T0Rvjr7JzY7UnslFT_mZEgJkSVMi6JSc7kNr0MOOo0evqjL2I_7zjifiNxmghqegdf-LNYtMYab3LaRt26-O0v44SZjHiU7iGfr2JgfuGgB5XpcfMS2PQSThokSQqRh_8yK7Np4QqZla8tydr1pEgI8WXsbwLSUpJihEHmsTwJ3sXIHn98CYglUIEHBa9pVABw0W4de1pLk9wl-fzNMk5-K9Fz8h7QxQ9dF_PpqcTCUGPTdNjCJoxppm_t0D8gBuQ7daWfiH_ZMrMLZvaeMUMho39TzPsWwnQG5YsM6kLqqe8wYnJMnZCNo_agAcYyTL3TSID7a5ItVX3qQ5t8P90iwjiXy6wCjLyQxP5Bnln9ny0kc9I19JVcT4ukcl6z3isNGh7eqnl13FjfgG_S-He_YADXF6WJO_KFGFF-mu_hak7ePQ7QkrECGKewjYyKJtC8geL0DMc9lq1NbpgiKn2eY2O_bMbCpEt93sLgyg7tZZNsQrwcnXyg5pDG_a-qpFZ31HIMGenoPTqw8yvNOlhcuj-cXR2Vg7lmhFdeIY62lYiXP6iJKecRPPhEkCymFpWqCkdQSKCI0tbLkwW633P9AvsQMa0Lw9Nv3w72FncbluYao8MrEDl3Gb2yq_J_	accommodations/green-star-inn.jpg	Hotel	Mid-range	12000	5
149	ChIJ45agJ5lW_joReF6VN0P1DiQ	D'Villa Guest House	9.660906899999997	80.0342604	4.3	["lodging", "point_of_interest", "establishment"]	AeeoHcLRdTT_Bi21RYpmgY2EoY7ncdES8wad_RNRehysY_nkug__0VFNuXvyQYRFNdJRZfSAiPPj2ZIbC43ybKkIVm4V_GfOgZ1N2Hn9oQ2wRVv6WV4Vb7ERuQeaAr1JP1egdguNM1p3tEs69sJBjIj452Se9lnlzD-2kVUr3SkFac97jVPXsKhcU9N5T_gmxWo4ZYurqfSkIRZVpzuCxZQOEyvNPJycS03b4T73EThqvWRoxuJF0my9NdbrcXncF7ODshAQiO1gcRw9SyWNQYLdW97QGmBaQXypvFHT4rvUVoXMe3HGK-Mfeq5q7xPcadQTQYPHkhZjEOQ	accommodations/dvilla-guest-house.jpg	Guesthouse	Mid-range	12000	5
150	ChIJw0h3tv9T_joRkag5S_Hk26A	Jaffna Heritage Hotel	9.6710085	80.027862	4.4	["lodging", "restaurant", "point_of_interest", "food", "establishment"]	AeeoHcJzgsj4UHg9h0OKqsNmsfYIjBIUkmNJwV-aN2jDv0HYMDui30R2eP3a7JXZTSyphFxqXT5E47f7zrI9kq5EkYScb9fHmmgM1mkaceutBjER3oygv74NQMWN6JFk5QcofRsTxQcXT_zW5JqKdzR5_20JF7KYRO7-8rltqdWPYjWd_aFXCpyXBApEgt0Xv1dmqq2KygGsemC3Td6pbSz5Od155DMH4T_FpQqouYrP8A-OR-efuWf57dl1eR0gCyukR34WygD0wu5UaH-U0Q0q6mJNafwlIaQ9y5UW5EJ-_AUH0ydmHSRCHojx6EtO01fEySZp3nxWjtk	accommodations/jaffna-heritage-hotel.jpg	Hotel	Mid-range	12000	5
\.


--
-- Data for Name: api_destination; Type: TABLE DATA; Schema: public; Owner: ceylon_user
--

COPY public.api_destination (id, name, latitude, longitude, last_fetched) FROM stdin;
1	Colombo	6.9270786	79.861243	2025-04-23 01:38:32.752255+05:30
2	Galle	6.032894799999999	80.2167912	2025-04-23 01:38:34.792503+05:30
3	Nuwara Eliya	6.949716599999999	80.7891068	2025-04-23 01:38:36.232545+05:30
4	Ella	6.8666988	81.046553	2025-04-23 01:38:37.461666+05:30
5	Jaffna	9.6614981	80.02554649999999	2025-04-23 01:38:38.690597+05:30
6	Kandy	7.2905715	80.6337262	2025-04-23 19:45:59.825196+05:30
\.


--
-- Data for Name: api_emergencycontact; Type: TABLE DATA; Schema: public; Owner: ceylon_user
--

COPY public.api_emergencycontact (id, destination_id, service_type, name, phone_number, description, lat, lng, google_place_id) FROM stdin;
1	6	Police Station	Peradeniya Police Station	0812 388 222	7J92+2V8, Galaha Road	7.2675372	80.6022035	ChIJwbXZA8Vo4zoRdqWKpneZXdo
2	6	Police Station	Police Station, Katugasthota	0812 499 222	8JJF+R62, Katugastota	7.332014399999999	80.62300599999999	ChIJ8bVd4ARo4zoRdHsgClazOaI
3	6	Police Station	Police Station - Temple of the Tooth	0812 225 722	7JVR+5WH, Kandy	7.292947799999999	80.64236819999999	ChIJzwKjwi1m4zoR443BhyOjDq4
4	6	Police Station	Office of OIC-Police College	0812 237 859	7MHM+WCF, Kundasale	7.279800100000001	80.6835542	ChIJG26WnfNm4zoR-NWCQsmI4s4
5	6	Police Station	Police Station	0812 404 384	7M2Q+PRF, Ampitiya-Talatuoya Road, Thalathuoya	7.251809499999999	80.6895338	ChIJVe1RFSZk4zoRHxchd8fcOkM
6	6	Police Station	Police Station - Kandy	0812 222 222	7JVM+5FC, Peradeniya Road, Kandy	7.292944299999999	80.6336455	ChIJGZk7ESpm4zoRX9XEc1cGWec
7	6	Police Station	Tourist Police Kandy	0813 837 392	7JVM+9PX, Kandy - Colombo Road, Kandy	7.2934901	80.6343562	ChIJ85yZQCpm4zoRKgPyQit6frs
8	6	Police Station	Kandy DIG's Office	0812 234 288	7JVM+CPW, B70, Kandy	7.2936056	80.63433340000002	ChIJt6sRaSpm4zoR_xDYi60d0Vo
9	6	Police Station	Senior Deputy Inspector General of Police	011-000-0000	Ceylon Electricity Board - DGM (CP-1) Office, Thilak Ratnayake Mawatha, Kandy	7.2946768	80.6337288	ChIJRaq1g6Zn4zoR-BWxcenUIpk
10	6	Police Station	Asgiriya Police Dog Kennels	011-000-0000	7JXJ+9Q7, Kandy	7.2984101	80.6319111	ChIJAQDA7X9o4zoRLSIFbKLoU9A
11	6	Hospital	Veterinary Teaching Hospital,Faculty of Veterinary Medicine, University of Peradeniya.	0812 388 664	B364, Kandy	7.263561500000001	80.59543289999999	ChIJ5S_VNFNY4joR3Fq3Yz9LwdM
12	6	Hospital	Kotiya Wala	011-000-0000	7JGJ+WJM, Thapodaramaya Road, Kandy	7.277344300000001	80.6315314	ChIJX1PawZ9o4zoRgTRw8GU0UX8
13	6	Hospital	Dental Sri Lanka	077 780 6084	No 7 Primrose Road, Kandy	7.280935	80.618094	ChIJ-ZZmzZZo4zoRuPCzDaKlNXE
14	6	Hospital	Skin Center Kandy	0814 955 166	582, 10A Sirimavo Bandaranayake Road, 	7.280370999999998	80.61815070000002	ChIJHSS-z5Zo4zoR2__eG600LNQ
15	6	Hospital	Sirimavo Bandaranayake Specialized Children's Hospital	0812 386 770	7H8W+XR9, Sirimavo Bandaranayake Specialized Children's Hospital, Peradeniya	7.2674248	80.5970979	ChIJAQAAHdto4zoRIuambyi-itk
16	6	Hospital	Laankeshwara Padanama	0813 812 795	6JH5+VGX, Mahakanda	7.2297408	80.6088479	ChIJS1Xl5hRv4zoRNKLTo7M2SZY
17	6	Hospital	National Hospital - Kandy	0812 222 261	William Gopallawa Mawatha, Kandy	7.2876155	80.6322636	ChIJvxApsoJo4zoRxXDloZMXt4I
18	6	Hospital	Lakeside Adventist Hospital	0812 223 466	no 40 Sangaraja Mawatha, Kandy	7.287609100000001	80.64486749999999	ChIJO4ZAEjBm4zoRrCoVF2zNtJk
19	6	Hospital	Virological Lab Kandy	011-000-0000	7JRM+6FM, Kandy	7.290598900000001	80.63367679999999	ChIJazSpQKVn4zoRnb4m-TMquzo
20	6	Hospital	ELS Health Center	0114 309 494	7JQM+MQ3, Kandy	7.2891422	80.63441209999999	ChIJbztbmsVn4zoRDBL0gs_aJnQ
21	6	Fire Station	Fire Service Department - Kandy Municipal Council	0812 204 844	7JJF+J3M, William Gopallawa Mawatha, Kandy	7.281589300000002	80.6226751	ChIJN2KhGZpo4zoRTmIsTUzw8Aw
22	6	Embassy	"SMART" consulting service's for higher education & Foreign Employment	0812 205 601	No. 129, 4/2, D.S.Senanayake Veediya, Kandy, Kandy	7.296624	80.63743199999999	ChIJF2kcRStm4zoRVN70aG5Gt5U
23	6	Embassy	Assistant High Commission of India, Kandy, Sri Lanka	0812 222 652	01A Mahamaya Mawatha, Kandy	7.286040600000002	80.64605270000001	ChIJmSssrJJn4zoRJwGxRehmJh4
24	6	Embassy	Excellent Overseas Manpower Consulting	072 733 2833	7MJM+F8H	7.2811764	80.6833589	ChIJIxGD7fNm4zoRGhG9ixPR8OY
25	6	Pharmacy	State Pharmaceutical Corporation	0812 225 175	14 Lamagaraya Road, Kandy	7.292745500000001	80.6333976	ChIJjeIRDypm4zoRtLV31vY2fxs
26	6	Pharmacy	Cargills Food City - Katugastota 2	0812 212 544	452 Katugastota Road, Katugastota	7.321261599999998	80.6275089	ChIJ400aggto4zoRoDFLiJgPFTs
27	6	Pharmacy	Seetha Investment (Pvt) Ltd	0812 387 053	Seetha Supermarket, Colombo Road A1, A1	7.2656947	80.59141629999999	ChIJPTSqy9lo4zoRTtTMvfv5MJw
28	6	Pharmacy	Hint Nuwara Eliya Factory	011-000-0000	8HCH+GVH, Hint Yahalathenna, Kandy, 	7.321300399999997	80.57972079999999	ChIJZwJv4chp4zoRfHC0wZjZLeQ
29	6	Pharmacy	ASIAN SUPER MEDICAL	077 519 8344	MASULKELLE, Kandy	7.290598900000001	80.6336769	ChIJw7wpy2xn4zoRcPgzDXcliEc
30	6	Pharmacy	D D R Pharmacy (Pvt) Ltd	0812 232 324	Market, No. 38, Central, Kandy	7.292077199999999	80.6345209	ChIJT9LsMItn4zoRrLctVbsgtBA
31	6	Pharmacy	Bogambara Pharmacy	011-000-0000	Kandy	7.2889424	80.6343945	ChIJNbVXRihm4zoRVfYxmygcqpU
32	6	Pharmacy	Tissa Pharmacy	077 231 4048	7JQM+C5F, Kandy	7.2885704	80.6329333	ChIJ2ySTdH1n4zoRsZ3blMJpCaU
33	6	Pharmacy	The Health Care Pharmacy	077 766 2299	CCC Chanelling Center, 63, Peradeniya Road, Kandy	7.292262399999999	80.6321778	ChIJ_WNoQy9p4zoR43gdQESlgAc
34	6	Pharmacy	Health 1st Pharmacy	0812 232 475	No.57 Peradeniya Road, Kandy	7.2923281	80.632178	ChIJjYBbPIJo4zoRUFALP3m7GxU
35	2	Police Station	Police Station - Galle	0912 233 333	26M8+5VR, Wakwella Road, Galle	6.0329832	80.2171401	ChIJ96I5Mbtz4ToROdxr_9VFR50
36	2	Police Station	Karapitiya Police Post	0912 232 267	368G+R3J, Hirimbura Road, Galle	6.067099799999999	80.22514939999999	ChIJl2jaSXxx4ToRduetG9ILWZs
37	2	Police Station	Deputy Inspector General of Police	011-000-0000	26H9+9PF, Baladaksha Mawatha, 	6.0284323	80.2192968	ChIJReR-NKRz4ToRxOSQVHnwZEo
38	2	Police Station	Police Crime Investigation Unit	011-000-0000	26G9+RPJ, Hospital Street, Matara	6.027077200000001	80.219278	ChIJ__8PdKZz4ToR8Ln-DKjuDQQ
39	2	Police Station	Southern Province Highway Patrol	011-000-0000	26G9+QPC, Hospital Road, Bentota	6.026936100000001	80.2192778	ChIJZwI3cqZz4ToRweLutCtdRDY
40	2	Police Station	Galle Tourist Police	0912 244 225	26G9+JPF, Hospital Street, 	6.0265537	80.219298	ChIJc3kMcqZz4ToRCxFUBqQlZVA
41	2	Police Station	Galle Fort Police Post	011-000-0000	26G9+F74, Galle	6.0261425	80.2182074	ChIJVRA8YKZz4ToRaG9Rhm4Du0Q
42	2	Police Station	Harbour Police Station Galle	0912 234 122	26MM+6PC, Galle Road, Galle	6.033060900000001	80.2342661	ChIJm3TXfE1y4ToR5MVh8n-K8D0
43	2	Police Station	Police Quarters - Wekunagoda	011-000-0000	25XX+QFG, Galle	6.049431	80.19870739999999	ChIJL0OE-65z4ToRDgVa-TnAsDM
44	2	Police Station	Police Post	0912 234 962	266V+5H4, Unawatuna	6.0103862	80.24396290000001	ChIJw_Njz-Fz4ToR6kEQFDl-IUc
45	2	Hospital	Bhikkhu Ward	0912 232 276	368G+88X, Road, Galle	6.0658672	80.2258488	ChIJO7zXxH1x4ToRLKF1tfDKQ4c
46	2	Hospital	Best 4 Pets Animal Clinic	071 430 3234	369M+XGQ, Galle	6.0699681	80.2338642	ChIJ179_JIJx4ToRksCuCWMJ34g
47	2	Hospital	National Hospital - Galle (previously Teaching Hospital - Karapitiya)	0912 232 267	Galle	6.0670728	80.22607359999999	ChIJy_OG2H1x4ToRNMq2DCqf9EU
48	2	Hospital	Arogya Ayurvedic Treatement Center	077 773 8792	9 Wakwella Road, Galle	6.033473400000001	80.2168734	ChIJJ3giOGZz4ToRy0kWcvvFoyg
49	2	Hospital	Dr.Sandaras Medical Center Galle Town	0912 244 088	26M9+P4M, 1st Cross Street, Galle	6.0343342	80.2178084	ChIJJ0MjDgBz4ToRl5_8XerdaLk
50	2	Hospital	MOHOffice Habaraduwa	011-000-0000	GMS Shopping Complex, Main Street, Galle	6.033815700000001	80.2183847	ChIJpwqmudNz4ToRpajHwl2gLzM
51	2	Hospital	Co-Operative hospital entrance 2	011-000-0000	26P8+27P, Sri Dewamiththa Mawatha, Galle	6.0350893	80.2157088	ChIJ3WkRQwBz4ToRixwwnQuZdZs
52	2	Hospital	Asiri medical center	011-000-0000	26P8+6P4, Wakwella Road, Galle	6.035504400000001	80.21683890000001	ChIJL1-CdQBz4ToREtBGA7D8Fzk
53	2	Hospital	Lanka Hospitals Laboratories	0917 223 723	57/1 Wakwella Road, Galle	6.035595	80.21621929999999	ChIJbT7wNVxz4ToRvyinAC1JL2Q
54	2	Hospital	Lanka Hospitals Medical Center	074 202 4611	57 Wakwella Road, Galle	6.0356288	80.2163791	ChIJc8MrCxVz4ToRdYVpxXsz0gI
55	2	Fire Station	Fire Brigade Galle	0912 244 445	26P9+27R, Galle	6.035123	80.2181366	ChIJ9Z1QVbpz4ToRhOnSej-tNqo
56	2	Pharmacy	Rajya Osusala Karapitiya	0912 226 947	368F+WJ8, Hirimbura Road, Galle	6.0672977	80.2240915	ChIJuRVghn5x4ToRtvQNFSMxPsw
57	2	Pharmacy	Ceylon City Mart (Hidayath Hypermarket )	0912 234 931	83 Morris Road, Galle	6.0467043	80.2249947	ChIJyeMmFMlz4ToR-y4_V34wuNM
58	2	Pharmacy	Rohan rasayanagaraya	011-000-0000	26M8+5P3, Galle	6.032894799999999	80.2167912	ChIJ9YtDQABz4ToR5Dlgkg6QXt8
59	2	Pharmacy	Dulana Pharmacy	071 135 9704	Dulana, Galle	6.032894799999999	80.2167912	ChIJwcMqywxz4ToRLItJSH-vwRo
60	2	Pharmacy	KK Pharmacy	0912 231 136	KLH Building, 06 Gamini Mawatha, Galle	6.033042900000001	80.21621669999999	ChIJaZCpKVFz4ToRrSFER4OkNI4
61	2	Pharmacy	Chamara Pharmacy	077 368 6646	12, 1st Cross St, Talbot Town, Galle	6.0342254	80.2178708	ChIJNfoFFQBz4ToRuWVIWihqYDE
62	2	Pharmacy	New Loyed Pharmacy - Selaka Building	077 221 5055	Pavilion, Gamini Mawatha, Galle	6.033441300000001	80.2150645	ChIJlzcxfMZz4ToRsMqGnHUesRI
63	2	Pharmacy	New Pharmacy	011-000-0000	24 1st Cross Street, Galle	6.0344268	80.2177736	ChIJwdM4G7tz4ToR7PWfYTLbzHM
64	2	Pharmacy	Southern Pharmacy	011-000-0000	Sri Lanka	6.033419	80.2147768	ChIJ1_K-pLxz4ToRrrjsD6HO45E
65	2	Pharmacy	United Pharmacy	0912 232 200	26M7+HWV, Galle	6.0339784	80.2148009	ChIJMw61mbxz4ToRlN5h-nrLz_E
66	4	Police Station	Bandarawela Police Station |   	0572 222 222	RXJP+JP7, Welimada Road, Bandarawela	6.8315263	80.9867836	ChIJNayD-wFw5DoRzVpiwVjfShg
67	4	Police Station	Police Station - Kandaketiya	0552 245 622	V2QV+567, Badulla Road, Badulla	6.887921700000001	81.0430506	ChIJFTaL2TmQ5DoREEv6ILkFPPI
68	4	Police Station	Liyangahawela Police Station	0572 287 170	R28M+7MJ, Liyangahawela police station, school lane, Liyangahawela, Bandarawela	6.8157239	81.03413669999999	ChIJ_eP0Ma1v5DoRgtyWrDpS9lw
69	4	Police Station	SSP Office	011-000-0000	RXMP+X3P, Water Board Road, Bandarawela	6.834959599999999	80.985218	ChIJFf8vaABw5DoRxGXIC6VmMOc
70	4	Hospital	Jayasuwa Herbals	071 172 7642	2nd Floor, B07, Commercial Centre, Bandarawela	6.829808899999999	80.9896818	ChIJfVBiNPxv5DoREzJKfn9Z5D4
71	4	Hospital	HEALTH AID ELLA - MEDICAL CENTER	076 390 2100	Wellawaya Road, Ella	6.87214	81.0490456	ChIJB_GS7Gxl5DoRnS1z92i5CKg
72	4	Hospital	Ella hospital	0573 553 954	V2FW+XV8, Ella	6.8749164	81.047198	ChIJ25NQQzpl5DoR0AXX9WEGv0s
73	4	Hospital	Public hospital	011-000-0000	V2FW+XVH, Ella	6.874948300000001	81.0472289	ChIJx_CJMtll5DoRWZMeaT5PLE4
74	4	Hospital	Miyuruma Medical Center	011-000-0000	V2FJ+66C, Kumbalwela	6.8730553	81.0305178	ChIJja7tBz5l5DoR124fzJCMPWM
75	4	Hospital	Neeroga Suwa Arana (Ayurvedic Spa)	076 662 4004	V2MP+5XH, Badulla Road, Kumbalwela	6.882941	81.037493	ChIJcayIM0Vl5DoR5jzRWPOEjDA
76	4	Hospital	Thasaraa Suwadeepani Ayurvedic Medical Center	071 821 1521	V2MP+23G, Kumbalwela	6.8825588	81.03520960000002	ChIJ-y1kWVRk5DoRJMvl1mfmuGM
77	4	Hospital	Wellassa Medicare	070 719 6647	494 , Badulla Road , Hewelwela, Bibile	6.868297699999999	81.0267078	ChIJvQo2qI5l5DoRr-MidQTyr0U
78	4	Hospital	Medi Care Medical Centre	072 477 4177	Udu kubalwela, A16, Bandarawela	6.8670757	81.0263341	ChIJg2iaHQxl5DoRnsaTLyHV_-Q
79	4	Hospital	halpe medical center	076 960 6685	Hela Halpe, Badulla Road, Bandarawela	6.8866927	81.0403862	ChIJ7-EJWgBl5DoRx-daIJGXoPs
80	4	Pharmacy	NEW LAKJANA PHARMACY AND GROCERY	011-000-0000	No 94 Wellawaya road, Ella	6.874594500000001	81.0474636	ChIJ86xoTJZl5DoR8l-cmVgsPP0
81	4	Pharmacy	Arctic Pharmacy	071 735 7500	12th Mile Post Junction, Badulla Road, Kumbalwela	6.873867299999999	81.0315402	ChIJO04p_Kll5DoRzOmiTfePzzw
82	4	Pharmacy	Lakjana Pharmacy and Grocery	077 222 4322	Badulla Road, Demodara	6.899885599999999	81.0580516	ChIJpdR9XRll5DoR2ugkgOIMaNE
83	4	Pharmacy	Sri Saai Medicals	077 980 7574	35/1 C,Nawalagama road, Ballaketuwa	6.8605154	81.0948532	ChIJ8aCn2Gpm5DoRXXfLMgGRqzg
84	4	Pharmacy	Ithesha Pharmacy & Grocery	076 269 5506	NO.21 4 Uduhulpotha, Bandarawela	6.8356708	81.0021177	ChIJFZ-ffABv5DoRc52IpdsJyNc
85	4	Pharmacy	WNP Building,4/A,Badulla Road ,Thanthiriya,BANDARAWELA	011-000-0000	4/A Beragala-Hali Ela Highway, Bandarawela	6.832732600000001	80.99851780000002	ChIJT_dyZwBv5DoRl2N2jztuo-U
86	4	Pharmacy	Helix Pharmacy	077 284 8433	4/A A16, Bandarawela	6.8327331	80.9985169	ChIJAUpOz7lv5DoR2a--N6DTRSc
87	4	Pharmacy	Friends Pharmacy	077 884 6596	No 460 1, 1 Badulla Road, Bandarawela	6.829468400000001	80.99745109999999	ChIJBcamG3Rv5DoRtuFW2Vn7elI
88	4	Pharmacy	Jeevaka Pharamacy	0572 223 750	232 Main Street, Bandarawela	6.825910099999999	80.9980956	ChIJp7G9Iqtv5DoRMnqO6o2C7dg
89	4	Pharmacy	New UVA Pharmacy & Traders	070 684 6844	46 Bandarawela By Pass Road, Bandarawela	6.830105699999999	80.9920716	ChIJWQygcTlv5DoR8l0RuDWXTmE
90	5	Police Station	assistant superintendent of police	011-000-0000	M29H+JQM, Chetty Street, Jaffna	9.669095800000001	80.029412	ChIJ_TdOuR9U_joRlXxX9JRaafo
91	5	Police Station	Superintendent of Police Office jaffna	0212 228 912	M277+CCF, Mahathma Gandhi Road, Jaffna	9.663555299999999	80.0135607	ChIJ7xDJzatW_joRP8tyKYJKg7Q
92	5	Police Station	Jaffna Police Station	0213 211 258	M256+X8H, AB21, Jaffna	9.6599443	80.0108722	ChIJ4T29jaxW_joR2dsW5LIgYbU
93	5	Police Station	Kopay Police Station	0212 224 022	Kopai Police Station, 197 Dutch road, Jaffna	9.6868838	80.0384833	ChIJGXn6SpFV_joRRmBnO14Uamo
94	5	Police Station	Battalion Srilanka National Guard	011-000-0000	P32C+VWP	9.7022122	80.0723197	ChIJV9X-WwBV_joR1ouV7g1469M
95	5	Police Station	Manipay Police Station	0212 255 160	PXGW+VQ6, Manipay	9.727164199999999	79.9968775	ChIJPS4mrmhT_joRLLWpAJWoPjM
96	5	Hospital	NRS Optical	077 029 6557	130 1st Cross Street, Jaffna	9.661687099999998	80.0151432	ChIJvVFhsRxU_joRTZ6dgcx4LHA
97	5	Hospital	Regional Blood Centre -Jaffna (Blood Bank)	0212 223 063	M288+M34, Victoria Road, Jaffna	9.666642399999997	80.0151889	ChIJoc0DCAJU_joRnNNRLYnAm5k
98	5	Hospital	Yarl Mother Care PVT Hospital	0212 229 521	514, 18 Hospital Road, Jaffna	9.665279	80.0133426	ChIJNxpgFqpW_joRwraURIDG_fc
99	5	Hospital	Suharni Medical Centre	0212 228 222	122/1 Palali Road, Jaffna	9.673113500000001	80.02035149999999	ChIJTTpqTRtU_joRbMK7eLbx2Gg
100	5	Hospital	Lava Hospital	0212 224 333	M2C8+54J, Road, Jaffna	9.6704714	80.0152731	ChIJGdxexANU_joRH9Rnm2VjocQ
101	5	Hospital	Maternity Home	011-000-0000	131 Carmel Road, Jaffna	9.658412100000001	80.0199023	ChIJ1QeXga9W_joRU_wOkj-rdIM
102	5	Hospital	District Ayurvedic Hospital	0212 212 809	372, Bankshall Street, Jaffna	9.6562182	80.02069399999999	ChIJff7dTaVW_joR7XD-Lzu7g6k
103	5	Hospital	Tellipalai Cooperative Hospital	077 070 1887	611 Hospital Road, Jaffna	9.663873599999999	80.0182868	ChIJA5A3dwBV_joRyUpBsNkHDNs
104	5	Hospital	IVF Clinic Jaffna Dr.G.Sujaharan	077 364 4154	15/3 1st Lane, Jaffna-Point Pedro Road, Jaffna	9.665661999999998	80.0184093	ChIJ_5yTGQBX_joRkN8fteDDn8Q
105	5	Hospital	Sri Ayush Ayurvedic Clinic	077 261 5765	206 c Temple Road, Jaffna	9.6699103	80.0277375	ChIJk4XvXmNV_joRk6vvxevbS7k
106	5	Fire Station	Municipal Fire Service	0213 207 777	M2FM+G7W, AB20, Jaffna	9.6738542	80.0332181	ChIJAQmqOSJU_joRH9a3TAxL43o
107	5	Embassy	Sangeetha Agent	0212 222 525	182c Ramanathan Road, Jaffna	9.6834515	80.0219297	ChIJZX8LfqpW_joRAAxGXZ4DCao
108	5	Embassy	Consulate General of India	0212 220 504	M28H+88M, Jaffna	9.665831899999999	80.02829779999999	ChIJ7cKRiqBW_joR3rW3rMwtz_g
109	5	Embassy	INDIA HOUSE - Residence of Consulate General Of India	011-000-0000	M27H+3P6, Jaffna	9.662651399999998	80.02926649999999	ChIJl7rNlqFW_joRwEcxaFAe96g
110	5	Embassy	Jaffna Forgin Ministry	0212 215 970	M26H+GVV, Jaffna	9.6613607	80.0296621	ChIJ4SrAIaJW_joR4O2K2ySQOL8
111	5	Embassy	The American Corner Jaffna	0212 220 665	23 Athiyadi New Road, 	9.668350199999999	80.02293449999999	ChIJMcqLox1U_joRPgyfjY5fz18
112	5	Pharmacy	City Medical Care, Jaffna	0212 217 661	558A Hospital Road, Jaffna	9.665216100000002	80.014546	ChIJN2NhkqlW_joRlCnaHbQ-EzA
113	5	Pharmacy	Navakumarans Ayurvedic Shop	077 711 1488	PXCW+8QQ, Manipay	9.7208439	79.996972	ChIJwbFfA3BT_joROdAN79ZELSA
114	5	Pharmacy	JDR Heath Care	011-000-0000	340 Pointpelro Road, Jaffna	9.6614981	80.02554649999999	ChIJieyrBABX_joRjKLDedg5dXs
115	5	Pharmacy	Aayush medicals	0212 215 250	M26H+55V, Jaffna	9.6604983	80.02790929999999	ChIJ97h-KuFX_joRda9Wby39SDQ
116	5	Pharmacy	Shanthi medicals	011-000-0000	M25F+6FQ, Jaffna	9.6580976	80.0237365	ChIJL-NKHW1X_joRUqyIJsj-vG8
117	5	Pharmacy	Ratnam Shop	011-000-0000	M279+6VM, Hospital Street, Jaffna	9.663084399999999	80.0196577	ChIJA4VpnKhW_joRjdMP6n3rV4Y
118	5	Pharmacy	JMJ Pharmacy & Grocery	077 969 0179	268 Main Street, Jaffna	9.658745999999999	80.0192272	ChIJ0Utafy4D_zoRS4Aj3Ps4UT4
119	5	Pharmacy	Mythily Medical and Grocery	077 774 3070	358 Navalar Road, Jaffna	9.6696633	80.0242664	ChIJ07rW1DpV_joR8RFpKT43nZw
120	5	Pharmacy	Xpert Pharmacy	077 703 3494	Jaffna-Point Pedro Road, Jaffna	9.665384399999997	80.0172367	ChIJJ63rX6dX_joRgeh7D0LqOn8
121	5	Pharmacy	E- Pharmacies	076 696 7294	M288+7V5, Jaffna-Point Pedro Road, Jaffna	9.6656278	80.0172472	ChIJhQ_A-pdX_joRk9uo5oxUeac
\.


--
-- Data for Name: api_place; Type: TABLE DATA; Schema: public; Owner: ceylon_user
--

COPY public.api_place (id, google_place_id, name, beautified_name, description, lat, lng, rating, num_reviews, types, photo_reference, created_at, destination_id, theme_id, visit_duration, image) FROM stdin;
410	ChIJ9ftJsS1m4zoRh-gVwQrXZYE	Sri Dalada Maligawa	Sri Dalada Maligawa	Explore this sacred Buddhist temple, home to the relic of the tooth of the Buddha.	7.293609	80.641325	4.7	28964	["tourist_attraction", "museum", "place_of_worship", "point_of_interest", "establishment"]	AeeoHcKeuTM2nIA8JGtCa1zh5ldKcXDB-JQqkwty3ga3x37lgw-McKstjI3-1_h8B8FgBY4sveqr0aQ8l5vt9fDdux7ED9vA36MPvARNGADrgcqwDUnWZKT2ecAQ4uMqeH4JfmqwlfaUb1becoe22isoEl8XVCNAyzOd0cnv5KZeK-0n1KG6pnqgRUzUMbEaCMX53axidfTXMBWyaisHadmqSfWJipFO0AH32-9sVzFJ8B7KEz385JTEwLxq_VBNnLZ-576XCXp-RVazUlNSFKY38VjjyeqPeKfIk-V_l0PoLN9oCxOwptqIIHBO7B6dDP15i2iwwgs2xipcmh0TRqHBVwzEcECfA7ZlBzzHv-mlmbR3Gi6MSbWruRn5MEEtb3MhOllrjvJ61IT8BnY7iOSEH-yov53KPL9-EE6ZYSJU2rVfURqOV7gW49oF2fvsIlDvsYiKuz0uwsG8ViF-nnLU1QI7DiZIum3RnIQnfqRbBRjT_dU92dq7x0APQVFhqcZKqySyBYy0pir-Rc1tb-roa-5Eg6ntKHFgZGVTNrnMroe88Vzv7jzGvV8emTeMcK7_ndT_5YXX6QGkETNo1C4TTfk4j4QJ0vCED5AhVj-eWxdtYsMEbomzyM_WxZ-wRMc6nee-DA	2025-04-25 05:51:49.855647+05:30	6	3	90	places/sri-dalada-maligawa.jpg
411	ChIJk7A1Cy5m4zoRp3KXEN1nb8c	Kandyan Cultural Centre	Kandyan Cultural Centre	Experience the vibrant traditional dance and drum performances showcasing the rich cultural heritage of the Kandy region.	7.2920019	80.6423871	4.5	1063	["tourist_attraction", "point_of_interest", "establishment"]	AeeoHcLfaRCbZO8JfkAOgyDStD2ZyRTbUMxldif7o9bjCiNABYXjK6xxKCIt9IbsPeRfbQTRGcuwnyit3INHgnchbiz8yyyhPLafuiOQ_wnhLW4rRkczN6eX_5unRn5L1u_wFLkJazpOPQ4VQ0Os5RPlpjRLB-cPyFLc6v4QT8f1Z83KG2TPQ4AFympJKLcch8I3hgdMiiutCllc4AEl3RJj30OuWIFGXkrOv1l1XflKBJ_QKJoUDFazvPjB1JFo89dCB6eEntlpiIkhjDd5eU-4fMcnPl8z6dFjs08aP-DALUVyyxwEj4LA0YeDxuyVqAepn_kEbbgfUk03VU35_uz0m3NVwCz3mrkSCzAuP1RCb4zrOtmR6-bZUY7hQ1-Sx4ixVn3fiDgs1w-poAn3YNkUVmazitpGk4JiMCFkGCwZbvhl-8FYk6Wn1pWVU5xtXxZ4ngMH-FjhCkS5xEd08H7E1ADB9Ia1HCb8PlFpFaugGPLytqwNMx2AT1vmZR5GBmtrz6ynT4N6oWyj9jpVZyfienMavJTTm8ArSngCM_HPVPcM7d7ogbjfOkkIFQx5fF2eturNLirE4Ua3u-xBa0J5dXLRjwXxmpVBhabdddJxvpYLwKw0IwOKcWwjFNNUYszrZh0LHQ	2025-04-25 05:51:58.86496+05:30	6	3	90	places/kandyan-cultural-centre.jpg
412	ChIJu-mgYs1n4zoRw-6JzVVr-jY	Udawatta Kele Sanctuary	Udawatta Kele Sanctuary	Explore this historic forest reserve nestled behind the Temple of the Tooth in Kandy, perfect for a peaceful nature walk or birdwatching.	7.2988782	80.6424033	4.4	3092	["zoo", "tourist_attraction", "park", "point_of_interest", "establishment"]	AeeoHcJjxY9erlzNgfBt2B5TN-gwaRCvEsTbl-cWe46HdpHxvVUE-kn3Bx6_RKRHR4divRw_KhdzuQYVCjZ-HVjSPxj3GZA2s170leDNL69dM9hurTmh9co--zUSUz-UOsEWASireO8bM9tG0yZW0UipyWDQ6kN1vM4wwVX77Tcrf8xFGH_itY14cBbs4kvkX00UhP-DHCkYYCEuK7aczhKbQEPHiRDwRhbNhkzyOYd8iLXMHMOVNQlNHmkvtS-qvwd6rHmu2W6wKVUhNLql2Ypr6eRaGS1eHxf791FXTov1U7EPUIuMjAQ1QdGuefiiMbSJaQAZRhoAMc2IHF6kkhkjrQJbMywNBMOX6P6iNvwWEDEpdp0MCO4R2m5plWZyWkuRmiklxDqNilo6xeA3VYb2Tvsg_tj4mRIlVw7K7kxMS1kn_HcG7lsIOHdAC7WNe0G3pulN7Vn3rqmMDldWevg65lJMEDqEwf0FaSjtBT3xhQRQ3IqgbJOkupdqlnzEJkrMGdtTnDuuY_B2oESpiFz7KfmtjpklmO4UpvC5cA-vIxDIDF5L9E4DdfkX1k_NdpxUQNJ8axAi178-7NpxoZ9Y-OPKHO5ogsMj1RuOSbol6vMBwdQGFmFEHgd0qckzzWAiSu1nRw	2025-04-25 05:52:07.05707+05:30	6	1	90	places/udawatta-kele-sanctuary.jpg
413	ChIJF5KmrS1m4zoR2TlKIBtqjoY	Museum of the Tusker Rajah	Museum of the Tusker Rajah	Discover the story of Rajah, Kandy's famous tusked elephant, through fascinating exhibits at this dedicated museum.	7.294336899999999	80.64118839999999	4.4	149	["museum", "tourist_attraction", "point_of_interest", "establishment"]	AeeoHcIpq_4NQOZ1hZeoUnLgCq2pooUJikYsjz7qSgdDGveKVYpJ-BlBjzxhstZaS7eM9Y9TOMukvszUj_GR0SRqbUiPW4vHdlakP772ghCKlrxu-CM1QjP6v1oe6NLs73UW2w1rPy5nHOmjlj20OgK7RV5T9dPPtkc0a7ILlz3U_6Y3AbgnGijnCRPDzeB_hF9Gl369KN0Ii8g0qQdsgusbfSRzA014W_hBcvz2qI5rMpjTqbDJcn5CxJdQ9ijXw8ARUbazaom0Ua41Q49UuHmxrwCwl6T4B6b4f5fxZ1QC3Um1k7MvqcPqZF7yhOx0QpdOZcaOUWODq8BbXc1qgxdbu58o-WgpQ2HDOJbdaJJ7SnB-5aSVwHqc6CYjrS4ArEPReI2isxi0z7r-D-358EVufUb8-5aElLRpx_Osbk28FSk3wBdaj7cQCzA7jZMUPK15BZUdlRQPUf3w-Z2lqqREdh4-2a6uWmr2cZSlLlu5yTiV7g0xPstAw4kvCRHeaBY4hjyYlE4nHyAiD0lASi2C57oRHTCgBWKwVXZFHibVxWVoudDiP8U_kMUbLixX0bxyQUKfXpolwWb0l4bfwn_gpndH7FO2ZwRPOdYKW3gdVaodcFk8ng03SkXMSIbyJTD92Z2rlg	2025-04-25 05:52:15.659443+05:30	6	3	90	places/museum-of-the-tusker-rajah.jpg
414	ChIJdUzJyS1m4zoRWNMpKf6FGA4	Sri Dalada Museum	Sri Dalada Museum	Explore the fascinating collection of artifacts and history related to the sacred Temple of the Tooth Relic.	7.293460899999999	80.64151059999999	4.5	534	["museum", "tourist_attraction", "point_of_interest", "establishment"]	AeeoHcJmhdJE2CFT1zwitMDlZ5ZCzJ43jSITfoKsWxxv3SlcCI1vNasKtqiVW8mJSUloKvxF8jHAX5iC7CboDzD84spPlR-Mm5jhWkqO2o3tARsjKY-XUyJ-iCq-DdxMgDtxvGfKrThFfWVTOdW1vKlapxm1l74Dj8SplKJ1HM4sJLqpOCfDzLjGRTDWUJDdBx__SF_YoNtPSnras8zE_xMuUNkhiv-nsgnLOVMJWyyt9az_AfU4ka_JUqzI6JC9oi_V--MoQHZp4lVWCTK6913yOZG3ndU8ICaX095b8sHwj8C0nuX3hK-9gQ0jbLpixPwYWzD2KssCLyP651GgRJJAj5x_CRA6s3yhjhBdQI8ariBnxJ1i4pG7rj4wzMuonXEwhSwb2kWfj8GmybvPyGAdfI6NZk2rw8W2njT7ritzphXwmWGiIa7iZMjSQwTXhQ8c26AKyapNA6GgrWCzMzrd5z2xDwzA0rymHdwqZGhVPvdl0a8pSY5Ce4AJcHxH6Fzjq3OBDvqprkg6WnhkezLuWvaXlPUvOc2ChTzQrZ2MkoENFohQ7pQBTQpSJnHc7b-8bWfTBT9GIL7uxExOwNJczUj-DTZhf_AyN2eEcBDidkeBVuOCTLfln__yyXVewdGspE6tfw	2025-04-25 05:52:24.055328+05:30	6	3	90	places/sri-dalada-museum.jpg
415	ChIJVai-qi1m4zoRxpuMm9CsRWQ	Old Royal Palace	Old Royal Palace	Explore the historical palace complex of the Kandyan Kingdom, offering insights into the region's rich past.	7.2947862	80.6410831	4.5	144	["museum", "tourist_attraction", "point_of_interest", "establishment"]	AeeoHcIrzZ6UEeqzLaJBu2QTwjn5L1Ig2u30MD-oeVL7X-u2zHAZeVdQmADYYoVB2VBrPxG-UHHeI0WZkq9ifrQ3vItEIzsW9GhrD39oheGfcv9NE19DP8qkluOCQ2-B6qRKmk0dWZzEDKfPONZndyMGy8dpx88Wtx5mW8v-Ckopf4k2dUzrh3SRQ-E9lmV2gbmSIYFEKszvZWpt7VIylyBpESHiw0rzFlG51Xd-QDczLkHAdNOxwiQTWW_8cQjdSp1_aZFeZocPiRG9dZAg_Uhb4u6f7dWGsdmT1B5GUNtn_gmkBma8x3DWSNacYPuITZ-ETkKbk7v0flUcYQNgBfKgqXQ9ylj9C2P_lGPqYE4G2LGtfZDVeZV-vk2_uaukpWGxOU1XC43cTx0U09GrLRTTs6gsTISACg9Vp7nop7Lzjo4sN7OjlyutvkZ6fBY8uoM2kZCSEjax4LV1s18_DT3neBgzSg1F_u7YRlBQcrtbAJJV0qJZ_hrBDEH8MjY4fpcmtP28ZUFk0E9AVCataywhj71WoAORJkDYja1EiB6Dov6RBBYY3bQyvm_2uZSf2ql8d9wDlqUo90sVmRPESc7nxcRu3IP-CT0a8QP1OKOzD5VMRr7nTjx0wSeFDeBe5jYKjoYTI-Zw	2025-04-25 05:52:32.657051+05:30	6	3	90	places/old-royal-palace.jpg
416	ChIJLVaouy1m4zoRn1G0Gcgric8	International Buddhist Museum	International Buddhist Museum	Discover the rich heritage of Buddhism with artifacts and displays from various countries.	7.294026299999998	80.6418502	4.6	253	["tourist_attraction", "museum", "point_of_interest", "establishment"]	AeeoHcLK7SvR4LnK2f5VMWY-cq3VGeqv68_YEJ0AKewm5wUD51eEL7oyziegeuXf5-bypFlIidoK8HnyDB_Bn9cSlPfRazoYTkco-MDrT4lje3ZZ5F_K8wtfPRmnsOPv2uqcO9H9BJe1cPKlCIWpwbkFyapxY06EpAqBBmunsVZdF6yHQtRjhjG-oJizXTQLf0Awh4i0vrXFnUovpzm4sVbWiSg1QdJ1Bqb2tjrgMkq3qnlGZHrzVoUIsGVSRvfqdBdOyvN0xqqjlsDHlaFvxX7xHLmGTVcB6Cf0yA7S78yh8BivpKXnZIX0qd867RJOiFhuDA2ezJEcowg	2025-04-25 05:52:40.030338+05:30	6	3	90	places/international-buddhist-museum.jpg
417	ChIJ98WqvStm4zoRYjELTTlNHPg	Ruhunu Maha Kataragama Devalaya - Kataragama	Ruhunu Maha Kataragama Devalaya	A highly revered shrine complex important to both Buddhists and Hindus, dedicated to the deity Kataragama. It's a major pilgrimage site attracting devotees from across Sri Lanka.	7.294042599999999	80.6368744	4.4	1504	["hindu_temple", "tourist_attraction", "place_of_worship", "point_of_interest", "establishment"]	AeeoHcLQh1RP0K82Dvs9L8-sL_NsZmVzVn1d0lCMbEdSOhgVLZUOH4YR_Tnjqh71iVn7wfdCtnZZQn_0i0GyPxpK3lP1htTCAzx8uwHZ8-QPDiSE_TApsz_RXhmNvoQlAK4ABuw4tN_W691AqqVdRduE_0WY8dS-MjbTwAV0bZoeAt_YJqZbshKXjP7_3GlMZPMEP6qX1U9a29A0XsaaSoicdap2L1-91JCBd0IxX6HPK7ptu6xE9U9ZYc-f9_yge9g8kkrRRCBJAP_WiOmAivEhterAZWnv-NkSnZ4Umq6Sc-hygELxjsxRaFCV79QJLI7PYXmF-Hx1qT5wDvuhjRFiHr4CUL-fZAjn5S_TCqq-FW6fF3BAUYMVlJCZQ8nvQm0BrKIWbyMw6cPYdjT266eAsEm3Synr6AQxaLgdZwvygpJEfrzZcUhhLMDuNEcfa3EJxZxdY064FLihiSAds1g4Wht8KyQc1dNCD66ZQVn47VYzLap47hTfLGT3uk8oQQ0dHAC-r0F5WoyuhXLCjt3hcflAmz6GzZiV8ARt65YAvr7VJywrFeLVHOBD5YG0hy379PdIQKC1vQqyXvXBZX0e0thg8XeCquG3ExPwU4vlRm_1OB8-ADMkXnXVrkuT3w1dP2Wl5eMX	2025-04-25 05:52:57.643177+05:30	6	3	90	places/ruhunu-maha-kataragama-devalaya-kataragama.jpg
418	ChIJj6MoW85n4zoRmOVdPl1j96E	Kandy Ismael Clock Tower	Kandy Clock Tower	A historic clock tower located in the heart of Kandy. It serves as a prominent landmark and a popular meeting point in the city.	7.293144599999998	80.6348178	4.3	78	["tourist_attraction", "point_of_interest", "establishment"]	AeeoHcKkVFELAQC4jGD0n0OJruwkq1YlQq4m2dQT_HrNEdv03b5bG5ysPpz_1hFKKQ6AULUWyWT_7yqwgjH-pOcWg5Ef6QtBe1woLrwoEDL8UH5Zy4KmVYCu6qqTXoELFoSjGrL_IWEoCqHIHRQYMYG-ha3MNqzFYb8HNH1LbMWEVsCGl3Q_218zmrYXsbDgaWqN4UPsKwmX-_M7ToFXWOeni4O63e6lVs-8acJE2z2_cWPGKEfJ2C2sIsXMCrcsJWftOegK83z0bvBHWrUDF0Hv5E5J5-yq9Rcndep5k3WQ996Kbr53V1des2oSwPuZh0pPZE_nDJrOflfQ8t94k917OmJ6GCOzGkz5yuaiOnIP_wNT33gW5tRml2w2FOXZ6L-M843qQpBPvKGRWo-iQcXFlO032rqpu5yHO_xKywwiu6rz7Sd4r9UQTVS3jipoFh04F0aHYwcdvscK0Qc4ALwEDreL3aWCf54nKWIA24dbyCZdY24OzJlfnaBZ4DRSseEJ43p8NjHbjk9iTDLmzVeNWEzCj6bbSP4aOdCfGRrZbRUrQgoziwMVfnrx9SrQ1mnQe-z-xFe1c7Kz6yQC3YoeP7I5kPPXwWWOrqN87oMI7SmQQAJDfWoCPjsykNbNc9An2TfiyWtX	2025-04-25 05:53:20.683713+05:30	6	3	45	places/kandy-ismael-clock-tower.jpg
419	ChIJgX8nsoVn4zoRYBBzqnrSUZg	Kandy Clock Tower View Point	Kandy Clock Tower Viewpoint	Enjoy accessible panoramic views of Kandy city and its surroundings from this convenient viewpoint near the iconic Clock Tower.	7.2929875	80.6352031	4.1	13	["tourist_attraction", "point_of_interest", "establishment"]	AeeoHcK0uePKUOBg3AiX2rt7Ma2ykoilAMSeTduvFwa014q0MAjdbp92vA7RrebG7ZHJ10t2fGMweL9dP4GulGfM5Yxect0UpCplgNtQxaIXX_oV--mn1zUBFUadJa3veARplfSrM1n6E3JwD9H9TZKLisrZtNbWPP5N7AV5bplFQM7t5kPZ--qU7UVK45R55etW4mr0HcDvRLPNrKreYo4lU-OcZXCWI7D-LfccJNoRDFaaPmXaM0cPieEFMOfrG0lMMfzbp_vMrA5XagTofSDXgOgGwn0Eua0WxlQuHZImCT6bCUyeT0mO3mo5Arb9vLygTon-CTKAyjjN_xjFmbmwiRZAS1pkzFJtq-2txgiF6o92-n744TLZsbXplc-FQRu8KY4kIwgDZC2TV0ozNrW7Nr75Y4-sdhMZAsMFbPHYa95ZFcXHrYpYhIp5Hp3SC9dg_C5TLqlBNYTGAoCj9r0NYKFOGjPfteeNzKZxgBx5tltF0DYKVBsrD16Emk46t_vjuD_0V4VyfquSY8rnhsJ2D4_eD-4jIW6sRd6lQG7NsKCCXMoH-iik0CFL8rFi1awo8mLx9hR9YhRAIPgkmObJ_D70EkKxGfYyzlmBLc590_-QDWHnAVd_o7zFfbVZo6Ek	2025-04-25 05:53:32.172881+05:30	6	2	60	places/kandy-clock-tower-view-point.jpg
420	ChIJVeVXdwBn4zoRbwwb16uzdOU	YMBA OFFICIAL SHOW	YMBA Official Show	Experience a traditional cultural show by the Young Men's Buddhist Association.	7.2908783	80.6368677	\N	0	["tourist_attraction", "point_of_interest", "establishment"]	AeeoHcI59NDKbGo_TlrPByO8ygiP8rETB-Op8JMRHXxD4gBIx8YQY-DumgO_BHezrz-mz-9Qk5gtke9ViXTGoAGqXcuOnNj-Nh0xAR22AzOrAHIRdNfnxTVhE7OjR3A_2uB0pvtg611a-xsAzVYN1puPwetjzaCz0XzORzsj7gQyQHCRQxZjnJyrLi9WEJmfPUmDwG7shEoh5nMnqtfNWSXGhXQom4TY21NEV9J9FqHJQQRpPgVTJ8WSpcSwqK6rZOW-2NkmKtvyJqhQltPCvtqX5ECQrZnn03Vl-542cENxhChxz3mtLfU8k3jTnq4Z3aIAd1kY3tVq0wUkQgT0BpKbp3zCnYqf9BdANk83VMZHwMHKlXETKVeCmWjnMMInbIDDBuMUnJqJdoTq7CYCAaoCd9VicCjT1C2ygrVya3r0umFYDTxW8aVYmtJ2x4pwYsx26rKjDIJ8N_By9GTSPwWPgBGDmALxLsnZIoJk2WuGem8NyIl2zhSs9hWrwZbvZbO_5LrH-fKrrsP6ecKzj4_-nr7UG0wA70DNqaMxKBiYCBYyZHA4X4xrv4Q6gaLLPwSG_Od-5Fk5NoFGulfnW2LlWCQELZN069xmLbObPylyUb9fx_v_DkOKIQc_NJjOXAhdR7JOJmpc2pGJdn_gOeZiUpYktTk	2025-04-25 05:53:41.368379+05:30	6	3	90	places/ymba-official-show.jpg
421	ChIJHzWdOylm4zoRIaogyFTQmFY	Royal Palace Park	Royal Palace Park	A peaceful park area near the Royal Palace in Kandy, offering a pleasant place for a stroll and relaxation.	7.290271	80.6373742	3.9	839	["tourist_attraction", "park", "point_of_interest", "establishment"]	AeeoHcLS7GVOadvzJINVPMk-jIYnW8rECqW-RYoGrZB4rNCNF3w6V_-PguSk_JimSPMVCplswDk1xU11WK8PWXmrf-Ds_393lJ62cKczAdBWxKCRGgItFKUX1rLvkjdJzNdJ55PPIWiVPC2kyZiQeEaKEK5ANxO7Rwy6QUcodhGSQQcWp2D-Etj1mRDIsgG5CeOGZ03Vj7ccRLOVrK2ISa0wElYULSQYOEI6v7X6y7lj-x7-NjllcH4wrZfe2Lik4A0k8G0ijEQtj6GAapRAWJibwOH59bSZ33qpDbqrtb8oy3mj2oBUxAYCte6MqeiVU0NlTrheWgpA0b5iWePUU6C6zk7qV-GMySPl0qYRuJQ_MfHEZDKNWfhxGSA5j6cB5DAZYDnmSVALIbWnDV11R8KqXgGJIpvBLafaoSP1fqFjFnzQNfZ8S8k1wVvuJcXABxWgPcrT0CoGZ9c7CI4uUfOdLpCdiBPbXh9GZpl5kmSxlS5d06EG__6z45m_1p43TMi3eoxVCsS7L3YwDP3286O-0ToWdO_TYVsDAtRlh2kipXhzn9Hyef0uZ-NpMeGp0vQtOjulq5tuJua5HYYElD3vSHLLtQWLjOY164ZRwBmHMAomve5aY_NYL_ZnjXJ6C6_C	2025-04-25 05:53:49.355441+05:30	6	2	90	places/royal-palace-park.jpg
422	ChIJcxmmMQBn4zoRUhwnrMxfYdE	Kandy Lake West-Side View	Kandy Lake Viewpoint	Enjoy a picturesque view of the serene Kandy Lake from its western side. It's a perfect spot for a relaxing pause and some photos.	7.291751299999999	80.6376016	4.8	13	["tourist_attraction", "point_of_interest", "establishment"]	AeeoHcKQK1oSA6tmsaFhzVBXF6wAm4tEE9nf8cwnsMpUr58312Yzh7MBiK4U8hLDOXAPsN66muWuiIGJbSsRb507d0HnDUCBL2NPKvGmdny5MAHkn3jeErmUWznZ_9k9l63HcIaqCN3cvAvLWF-5Tzs5g4YyIayFvWMd_5RSh3xQHMc4kMreKKxsgQlhjaHg51BZAo1RHWGtGjVmXB0Wi2QgjJU2ekp9XxXkLeQkg161PrT4Ssm5qcvflShE8ITSeWHpnBUyE7jvy-OStazC9z8q-RRL46_Dnq0nhSOvytiOM8zYPxpAPBsB7wwq8BupLjpDXR9MD3jHzmf1jLkEftkufxxcauaniJEzs3mA8OPJx5q9L-gQ7hmRrV1-n3wLC5G026WuNcwjfXBkzXw7zSwWed_WC78Y-2eAy5pKXKRa7Ou3n2202xdZ4u5szFQJwIzL6g6tfSkZGN6g35Zm2Q6NKGo9tGAZ76bLzqM7qsZ14Bix7XUUEFMfwu7b6FxRfsdImRnEiJGZM_cDd3maZpRd1TMBd4XANt4xKM8Tr7TSutRP1JSZl0q6FASbxnAi2A6Fz_2KNtArW9i6O4h-E_PhX1o7qzgAa_Ow2q1IJ42gXQTFraQn1VcBypudvYsoplz1hPaCcg	2025-04-25 05:53:59.391366+05:30	6	2	60	places/kandy-lake-west-side-view.jpg
423	ChIJCVwtqStm4zoR3p0JEQCf9Jo	Giragama Walawwa	Giragama Walawwa	Explore this traditional Sri Lankan manor house, offering a glimpse into the region's rich history and architecture.	7.294342599999999	80.6359624	4.4	36	["tourist_attraction", "point_of_interest", "establishment"]	AeeoHcIdpAGt94GUBIAW0-qIIMjbFHuXl0U-z6FAoBHgOE62OFO5k9SBsXtgqFqNyrW00aU7PoEg3D5MAcK50nVIQnhOErHKTbVUKdEnshTqlKGBpXIYACareaKDIu0z0wjscmFLSUBq_mItoCmH8eoVw_5Qh3-42MLipSEXIc_vmCIUynRu61Ylb2uKlt7zrTzwO7xNoAhGjmC_8P-tVuXO_wxf5TCJu8fWh9tnPq9_5E99XoZ_JCQrS-O8VEm1vCL1DeOHUuja-LBfTTY4YVDPZ4zUNmWKKetFQ708qAsKxQ6iFerzca3gA4wBP9lZIzqosBbF72TcCCOjLBEAYylUj3yRZ5TheZk_H-eic6UE3dxV_9YkMJyyPEjsWbt3Kpl_dWW2fomo3LOdMtLVhgcxwchDwCcG-P1SLRoZUrt-zm5maXYxWjSh0RXQoJBp5QP4aAMMdKlGQmt9dlyiI8YAres6Zsf6nduXiDLl0XamsA4IqVa5Z6eKziYbJpge8YSPAvG-PpQNQLl0JnSZ9JvuvKdoJU9bW61bukX8d0galeYdIZ9Ntg5dM7D_3hbI4SnzMlHPkaIHGN_eHCnb6pAMNs-K_17N6y7wzBXUJ7DToknbbloit150aRT34PWBfEm6	2025-04-25 05:54:11.064699+05:30	6	3	75	places/giragama-walawwa.jpg
424	ChIJc3O4FgBn4zoRGevT5jYX34U	Kandy Lake View Point	Kandy Lake View Point	Enjoy panoramic views of the scenic Kandy Lake and the city from this popular vantage point.	7.292890000000001	80.6378493	4.7	24	["tourist_attraction", "point_of_interest", "establishment"]	AeeoHcLZ0qGRRqCZvhy85DwegNWKqesUjQgAuBwp25C05u5yvNnoF1kP4FzdRrWusmf3sWExej79gXrE94oTgm1uvPgcMjepHQvIAeOf4VZFHWMueaVWbIExoLfTuhYf5LCfaFFymbKa5y1i6nqhPp67uGnuij-msoqTV8zvIvDnw8jhN7n4fi9t7y7OpJznQZSVsZ3lN_HAm2EIQChmnj5YgRor-M-HcHxapss_heSbch_l9C47kVNGVxmYy7fCychFZLiS2N7fDR0O8zLZdfLQOOF_0rAdd7jdgxeiiHZMrAsA7LNDjG8fZeN_L4vqASOH3sT8Vi_MHzYoMNaiefqwFrmUxR4Mm0sVTtlCxiT0R8UZB6urPxl8qZsGrRbvc4Ebh50UcIcJuvh26MrCeNs6vW-6EbZ7X347PVi6XocjgOk9bjeHGKxcbJ_z1JQURrJ_Pjsz9cGc7srkI9h6lLP-XsfzrEO8Kk0tl8Pwzm5daxKC2wxCzuKJiirJT_pY_KdZUyla7OFyXJ02lGsfFPkeMBJkQg-xtxaqqsgN-hmdQkFNpdvEDaH8d797GugWlo_qyqhPKW1lafZ3WLUPM8JwbFla6O5hWUwcGXpUu6dDh6xNFx2Q2gU572mG1LA3Z8pCUiecbXQN	2025-04-25 05:54:18.028508+05:30	6	2	90	places/kandy-lake-view-point.jpg
448	ChIJ5-APzaVz4ToRhZV4f-BlqXc	Maritime Museum	Maritime Museum	Discover the rich maritime history of Galle at this fascinating museum.	6.028025	80.2180559	4.2	1061	["tourist_attraction", "museum", "point_of_interest", "establishment"]	AeeoHcIJmySK4wz6-WF50p37Q6gqm-jfdEcp0trkoOQ5ZI8vI1LVWnVhuBJq796LQVZ8XU7aVVIDK6q-osexiT3gX2rJsuROqhUQPZ9cFczqyt08Ye9gZxwGiV0CdiVQaPcdIwSS-gwSYLbcOIMAmLfqPAU2CBqnawxwKxgq5tcTtGRyxeTErFHIXU71gMPSdOZD0y6MlqZSSlEwoSLl3Ln2M-5nYPMINmmVOzwKZDOLopnKgKgAG7EbQAHy5sC7kS8lXkZTqX3cV4nz9tzVA1pwxy6UcfTK9J1Bo0RHnnWNhHZlfqt0NCVpEsUlVOdpP6FL5cpkUu7Rd5EONvbwdOjjQHlrFPb8zYkhLle63PC8ikscvRWr-BLTawnWIRL9c6GAH4iGz6u_DlUNW11nA6Oxx_Q8sqiA9m_e2NqwBXoVKxMDKX8RSIf9ICFH2FJdVx-Zs1AeYgVo_gRZ8hUgzELnbZg2rQSqFrGJcYFC0lHLLbcfuu9tmJD1JpaltSB8UkV07v8YovYkMs_pLD1ZA7q3O_3vCh-P2HE3ua7gZM6oMh_d43O1kVnFGw9Zr8aMEfjWpXuEYgOa6nUJRKpvh3hkJFYsjpdkNp8viIexFy1ibBtX5BPaaSSZQzg-33EBbyXAQ-7FiA	2025-04-25 05:59:33.888053+05:30	2	3	90	places/maritime-museum.jpg
449	ChIJ53hQXKZz4ToREUf8yXTQJPQ	Sithuvili Gallery	Sithuvili Gallery	Explore a collection of contemporary Sri Lankan art and crafts in this small, inviting gallery located in the heart of Galle Fort.	6.0257719	80.21882459999999	4.7	27	["art_gallery", "tourist_attraction", "store", "point_of_interest", "establishment"]	AeeoHcLy7grro1WyAhAkpT16UqEEPRlQpl7cr2GnNpi8voLaKm_VggTCt9H2b-3J6SvuIP-4yFElUkdf44Y-qogQPLdLKD66rqCYka0obfDepz2r0zb_ehA_o6f5wittXVl0xeo2WPOqJglbC2TrmFedWC6MwBI5EqwqPKGc-dQkrti7jLHWg6o0Zi4k931GkI74qteo_4_g9bONmHmDVnCY6Yoke_AlplX9rtX1SgXlmPoJMNmYLh7HVeufsDFInbVb3WamC3oukFOiWzQo4KG2vyZkrfAsgrLBAawbAX3JyCU0k9zWMFN5J70_99fSe5QDeKyAQqMQp-FYb95q734e-2iuEdJOk9Wk3XzZlfqjBNd2OEjRzWI_Zj3rzdbr4iuDwFUuXMi3r6xCPCi0tnQTaA9jhHsURcFBzkhITezZKaUsCbKdE78dZ9uon82VedStS7KJqsveZCX_Mi18vOvABbadFKggxUlONcOjv8YFUpSFF0zpHqyG2cwxJ4ATgkk5VujC5wfs-v_TLL-mwgKujXvwpruL8RDrLvHH8s14-o1MLw510nd9Jd-3b74L_ahP-M_MyUyLoGZyEfHViMjch_v0MX88WMTEVPsoB2i49solZkpCJnRPg8JM4lJ65fuMPl3DGBAo	2025-04-25 05:59:39.88336+05:30	2	3	90	places/sithuvili-gallery.jpg
425	ChIJzygxPQBp4zoRDEhp_SBNgRY	Hanthana View Point	Hanthana View Point	Enjoy breathtaking panoramic views of Kandy city and the surrounding Hanthana mountain range from this scenic viewpoint.	7.2948571	80.6316427	5	5	["tourist_attraction", "point_of_interest", "establishment"]	AeeoHcI3mftwL5yldxnbdRiUxf0EtLDm2f-XiCb6ZpHxiTySSaHnlEX-AQRmeh2ifn6Zxrzln6xKgzc-_LACf4QZJV5pCce05wFZpepRHro7EhDiOMnjPbUxxJIVwKXDVxj_Zq_j0G79C2tj5jVmEg9_p5jFqsKrz1Mi7Cq_Mjnv4o0GReKOoayMNfMv6wSQVF39-2s9aaGka8YWafqRJj2rsw-9otPUkQUonJi05KAz8xc54Di1YQyHyPJg0rhDkfBor7Clv7TyK1NRFZYm_ItEv3jW7EGBLmVcbgx2gk8cKbsCWTElR9HnfnnJjndYtO7laHGG2Sw7spvjGZOvHBmh8vWyjf96Sf3RKEz41l_V8lB_bodbjeDTqvFj0wbUPaIlx2S5-MOOVii7Ldxo6aY5btctxVsVUyJQ1hDhc6BJgDxq-E8iccqbfuJypSVh_97aLvwG-aq9IKsOVKtucb8BIWwXMpXgi6Uf-Qqae_YFjNh_Np-t3kiQiFcVnl1oWIwhec75hldtrj2LAdI6pV_C6S2VMMKXmBXVSzYAszB8DVfMHismQ2eIQerBovho291_BiB3oQqvDej3YYE2EQ2YXK-weuiFxKx9ZiaUe0Df1tLw5UmAZYxKC6Lu9m15KxycmWIKbGOp	2025-04-25 05:54:26.130088+05:30	6	1	90	places/hanthana-view-point.jpg
426	ChIJzwiJnytm4zoRa50sEAWuyFE	Red Mosque of Kandy	Red Mosque	Discover this beautiful mosque in Kandy, known for its distinctive architecture and peaceful atmosphere.	7.2946502	80.636866	4.5	233	["mosque", "tourist_attraction", "place_of_worship", "point_of_interest", "establishment"]	AeeoHcLYDtz2_fZm3cewhiOBy9Yf1hxRieRibXEHqO2NVRAZ4C_Accv48z27JjnxdCOGrJZdsPGwKsk2qVDvKt5NYdiTrYpibo2bkg6MQOU78GDguLweDPqxVmqZjJe-ufJGiKcIU_vdLEfX3Gx2Ejn7_nq1svxOw-Gatd3BWf3Cb4-JHFflh65daeJqhXA45BLXXpKqbVmnmSEYN8c3x17wSIv5Ey5i9e2_LwNDirGv1a0gqVVcJQ3MFFEQbCbHgvGEEIabQ-l6_vApX8OAuJ16B0WGDhxg1MFaltz6AMq6q0wjeqkz1FQPr_tDkKPNxqhMuGZIivoCipKQKfWf6MjwOz0VF-2PCi49J3TUYS1ZZ8TDFTGHLmP9n7x-1gX82Ygdayp_XITRUe98GWZ3Ap8SfeNJtRsEQPQ0yoPuwBebJiirS6VRmWsJkCHoxuNGI5VfdqrnRUrQp-mZxMXFk9p-ZfKQ_e00aA6vDXHtz0QAp5-bVAElS_pamTuD9Pn8z3ln0gmROF9sTdbu4-f7OuoM9KzT-Jd1j_74ZlYNEsPjzgluKmR0FgdLkrNjVSoGFiEgiOl7ML_Hw7c_D7Hk4-7i919cvdFzXMgDrc9SY8RRP4fmpD0R7h92jp2NQwEIcI4K	2025-04-25 05:54:31.954737+05:30	6	3	90	places/red-mosque-of-kandy.jpg
427	ChIJWWjoritm4zoRhu-niEqOdVM	Earthbound Creations	Earthbound Creations	Discover unique local crafts and souvenirs at this highly-rated store, popular with visitors.	7.294172399999999	80.6375625	4.9	42	["tourist_attraction", "store", "point_of_interest", "establishment"]	AeeoHcJ6Xq0iNrKhFz9ru-bKZkMsA64jQ6ZatcOH4n3Aeih6frLWKPWfCQ85kjwW40gyvGh-GWpKSBXcQ39yKYkx6dkQS6_clKl3YvGTk-yXrXnZPjVXgpqgyZU-j1yHagVe185nr54KLI_7bA1Lo044OoNxiY0u8vysGzQGpytTukfeOgDs_mk10ysZEACD14v6ZUpHl-q0dSxjnZ_Hu6PgsiY7Qw_8vrUzsjWVxrGN4ktywtyxqr0b8jWH8pwQnswlKC5xwAmYFooXpKzTWsPoaGsF06INpeWLioze5DOfsVKn6VvHUaTX45b6xcBIuiFwXimqMEWzV_o	2025-04-25 05:54:40.55631+05:30	6	2	90	places/earthbound-creations.jpg
428	ChIJlZ2hJHpn4zoRKaP3vo4vL2A	Colombo Street, Kandy	Colombo Street	A major street in Kandy offering a glimpse into local life and atmosphere.	7.294291200000002	80.6374594	4.4	7	["tourist_attraction", "point_of_interest", "establishment"]	AeeoHcK5LKH0caGO7kXvnttbTK42hSGeKil0bX6rasa6Cgs4ZZDYZdfafHPm4QclDeCI_WwrVtN8iBa1oJ5syDlG2_3BH-ro0Sqs-1N4IOLVfpISyhPtBcZ1sEYgHT9LJWnImIAs5u0c4LZvNWyNkd7FGIeNsG1V9wwdmwzXO6QeJ8d_zaoUmHkYAO88cgPDc9M39JGvLUwtnCSBhxeNHyLaqgHAJnNUTyTKQGEnVtnSlKiAz7jNkIpOKBdug54VhuNnpYpZhmoyAkrAJq0o3G0CJICqGybFsG2b0fzHThHTsKRPQV-8vmA9DL1AVJ9_1jphfz2GYjCkw731YygmGQfi-rr5uRIzcvg7bEcbohw1GNp1pg0mA81MMFyCYt5D2bxUwvmAeV8OOajTLZbdcr_jjmOtBWA9A3btZftqYEPZMjzEd3qi8zEIF09TJA_mOi3Q9hoH5vwxY9Ywa9KpSZ_BjKP7_9mfdSxK6HpMjXnOo1ms903yGn9zgYSZgmsPGNupNLx8jZXdcKbqlq54gQG-AIUFQFMFZKUBIkRMMwHnkHQFwNeRI1RH8dC0aWAKWHrzKRQbgbmGF4LF23rlZuW2ynhPRLhxISQotfbYFQ7PbQqvGpR58yxjCRZxUBCCJKkbO63Beqzd	2025-04-25 05:54:51.001434+05:30	6	3	90	places/colombo-street-kandy.jpg
429	ChIJXagiQoBo4zoRxB_cFseRlr4	Sri Maha Bodhi Viharaya	Sri Maha Bodhi Viharaya	A significant Buddhist temple offering a serene and spiritual atmosphere. Explore its religious art and architecture.	7.295483599999999	80.63127089999999	4.6	2820	["tourist_attraction", "place_of_worship", "point_of_interest", "establishment"]	AeeoHcLCL2JEw4c51N6qiYt7U0xMhxkQ_KHTfz76iVTAZOiUZGGhir3zfJoBI4j1ZaUnDQBW_xNqz5PNxS7djFzy4IdodB11TFDXGLaE8jbZ0kke5iEiL159PfgPLR6seKeswWhKqnHFuoyY2B_d9EaqkgRM-6X13wKwjDJ5E938kwgdjPm2MmoHmYNUvBmW0kMHTScXI7FY7SMNmcM9W8tuvLaHj_C_R-zqpA_rm2yv9wgSrKPJ0JP_gMd8gGEi4xDi2DYSAOaQWeAvS71sSoJiafB7UsyK2jSVWHvF9hpud3LQcjCK9Ztc19ApzA2o0U_6oCttDSiPmWzEs_v1IYlND_iuoOokROrSYPpmyuZhh9uhq6V8sIx-ZJKbOKVnir4eYyFkFtlfuLHDzn6f5qOX8zsRTQuje1qpnISKho_turXeuPAg-XsFpAEmkazpUJyfsithdB_6u6chZv9Xs-x9_NaRZqntL3tJKC5S01GX_2uS2tfc6AdvyEYLRvDO-A9jmI_Qf9iRcc6nwjRvU0LmfrJbHC-8kzRcrT1Yy-8iVCUDClN9vKS9N41AxwsMdx3Wo_-Uzh8a8dktGUPALXwOXEVErpj5LCDAmknByBU_YxjnYRuVES1ptDWkzvyNra2I	2025-04-25 05:55:06.566666+05:30	6	3	90	places/sri-maha-bodhi-viharaya.jpg
430	ChIJ76xC7Lln4zoRV6PF6BaRFl8	G.S.S art space.	G.S.S Art Space	Explore local art and exhibitions at this unique space in Kandy. It offers a quiet corner for art enthusiasts to appreciate creative works.	7.2958062	80.636984	\N	0	["tourist_attraction", "point_of_interest", "establishment"]	AeeoHcIetCmrm5tlrKP9iMRv89w3sJADQ3KcssZi127A2FtgRZl7Rf3AJLjxbz9XMfOJTU9Pm9r6HUEuGnINrFZXSBc8RNTZinKK795s-YJi4_KKu1ePMTu2P5K9TuxlQNsIAd0X6NAJqAkz9kLcPq0VlnTGkw5_XwzCwNFOWjvbQaS4W1pp1sUCuBqGZ2eGm6SDvzRnBJSKDH0QnwpQ7bTAMOVuQSwsGLHsq171arReXVaeMhA7KHY-1ozajOhtluoZLe-ASrk38oo73tX6tTjgCl5tdd1HkWxJ3_RbXQzxuv4BqTZEGFdpD5pEmuQnIloHiN1TGOPMm8iWIQ3XC8l4ni66BwwbzPC0zN9r9YhnLhy2Ky2gUdg3AxFRLPrxxO5cjJ4CeUHHRpkk_mUtwyZpy4OJJ-vTbj6FmJRi0ETH8ucW2pmUfvidc9TBl6k8jyyAzwnMHutOXgYub3dCnYanjeLm45Miar-Lidp-xSlAf9WGA4OJGLCC5qBV1uDTRCFmduIP_zLVtbQZuC1Sh0f5kEvQJk6U1hrXLfSHEjlw7V6-8TzgqL-_pewQnyXcUooP7z3hvVjFjElNdcS1tHwyC5Adkaiws0hgv8luAVTqvJmWeZGXobjqF26PSDzpxFISHedtMA	2025-04-25 05:55:14.758067+05:30	6	3	60	places/gss-art-space.jpg
431	ChIJJ-Wr_9xn4zoRJH39_F5TIiI	Northern Kandy Lakeside View	Northern Kandy Lake View	Enjoy panoramic views of Kandy Lake from this scenic spot.	7.292975099999999	80.6394523	4.8	18	["tourist_attraction", "point_of_interest", "establishment"]	AeeoHcIxw_7lGYo1ugbyWup-bZSD1oUSycawnJcZzI1_BYOsbTArdqJfisS-9mg1aPbEZUSsMXfBYeV0efRlp--E93COuPX5CQdwQiM3iB2XzT0uQIHvSYRGIWCpihP30mR-zPeFRDqY53R9KaMt93ujT77eOuW8URuLRhZdPHR5AVWBmXC74UyOujl-Vl_Y2MFi_EZHjuwejdnpMpskWCmklwP_IIwYe61RLp-1qKEI0XyTtnMzZ_2r2A_X0wBzOEqvZ-n8PV5ZDGwowDJD7zBAlCMuPnVo1L0-7ZQ1BoY7uWKeNR89q-8u2AA0jgpcrDqpGSA8Q__s73iiRv8JocxlfggDyyhl32pV9sSz30oiZOEOwLmMKS0S-RxHFWpOtfTnvdrybs9sC8suhGmT3RGCw4c5_YlUlrjZS4nA7WPD6OrfcmWsJEQw9kMgIKnrXCyuczFJEfYOhUS8EjwbHMCzCbqLfO895jHoYeDFFNoILLcWqtlS8U-qciH3n7_xspRdrdRo2ZkpH7IHMsPjzRinYqFCBg7q51gn3s_LAEO8vvY0xM9TaZXBHrwyl91KfTQOQ4Q9lApA0bgLWpFO4IncRbZTVNbz9kFPYAQYV5j3viiIPG5c_jcKMR0vkEMI0lky	2025-04-25 05:55:22.335573+05:30	6	1	90	places/northern-kandy-lakeside-view.jpg
432	ChIJC04Qg1ln4zoRWo-nOesdp78	Kandy Viewpoint	Kandy Viewpoint	This popular spot offers stunning panoramic views of Kandy city, the lake, and the Temple of the Tooth Relic.	7.288958699999998	80.63980029999999	4.6	902	["tourist_attraction", "point_of_interest", "establishment"]	AeeoHcKZIfwrgJ2hNFfJWD2PR6rDUQgaPer-Prm5fafE_JtHUS_yf1OzyH024Qsr0R69QBXmYsHfKSdSS9UcsLXuTaCSAdYYoK45cXpuij06bYT_pZwlWjYdtrinfVKV5kZZ3JPaE_ykqxaz69b8kaLv9l5GBMWq2kJoVZJRQTKrzeTqKqUHmsEQco3lhWHb98ANKl7IHyfc2Sz3w473PT0WRpNEAqKWmJxMcWariyIvaqTY-gM3VSTYFkiM3JxJSQrfU-JMvbZ62HXiKIQZNwYFy6KE6itqzGo1ZQ3eyd5iKTc5pXpI41J23ECEuvhCkc7TxwLvn7YoruEXclOGKWsnchT6mSmt78WqiVsZ38p7Ea_Zz1SqCbGTaMbT79YhZGL43zoJ-tMxXZ7D_2a_LQ_wILRr1y34e7llHmriIBF7EldC6a6Q80j-DqaeXFlLkI4ZOml9cWYUKsdhaeYCqRhpLqTEiSA92MmSJbb7EJf9cYKuEi1BdPyhv8F8iZl875yQXm1jYrPf3eGlbI35wNd7DTyYTulEsZlv8puFe8Cgdh_QJfm6zmyUgHSWaS_RLgwNEzL2kYf0Q5Ksz4b46n4bkDiHoH1VjJCkGhjyL6x8eyMd55yg6rVbpGV1Hg1BKcxH4MjIEqU7y0eq6qNZDYJAc4gBu3k	2025-04-25 05:55:30.528156+05:30	6	2	90	places/kandy-viewpoint.jpg
433	ChIJ4wpuDwBp4zoRsqBrJHRgoHY	Bahirawakanda Junction	Bahirawakanda Viewpoint	This scenic viewpoint near the Bahirawakanda Vihara offers panoramic vistas of Kandy city.	7.295545099999999	80.6297477	5	3	["tourist_attraction", "point_of_interest", "establishment"]	AeeoHcIu6SreUtjWLRth1RJbdA59A39kCjIlnC8q2wIiyoZA7Uvya4-0eIAHyY2I5N_mGQDgBQ6vZ-pBB3mCUEkYfPWeVQl5ldRkusQQgXuDlo03Em6aCl5WZoWsmn-nbhgxWFShT8oCYBvy3hpSi9oFo5h52IKi5GMvlnjn_rEOQy4vrJKxfhxVW2oiCCdr7MxnB1VhVK3EurO9Zn5jzB-0w9PZvyOVRlCZubKOoqo2R7Gmzm4eWU8DaMl6QpsIhZ_u_Ycvx9RW8bVZp8yaHL7H4_7PqRBZ47iXb1cm92hAOuN-bGTSyNXOLBDgsegEqd2WXTxoMl55ZN3PQWS9k2h3_uVR_rMWWGAg3fOJ8eZytq_S3_-JxPbVlUXJhzUewesw-qTQzYUbGM1F-PtgeFHSpm32kQIfqhD1nA8S81HxhWDr2Sj9vCIV9mF_KXUoX9pmB86zoCWnPUzogeytLtlaKT1zTOIleY5gFhYCSUT0dnX3LDz-XzyOt-XOqk1C4Cm0J-YEwxEdInGTJwFYWevxkhu4spvi-n8fXUAIM66Kd9pF5doZjemMdomooESpUtcbTjXnmDvUPCbQ6onm5NZz1DapZ8g4bYi-nyOr5abhZOmWPTEgG23ovXpZAg9n7TWM3fYF4g	2025-04-25 05:55:47.731342+05:30	6	1	60	places/bahirawakanda-junction.jpg
434	ChIJW1OOQSxm4zoRDdqhZR74YWw	Sr Pattini (Kannaki) Shrine	Pattini (Kannaki) Shrine	A significant place of worship dedicated to Goddess Pattini (Kannaki) in Kandy. Experience its cultural and religious importance.	7.2937372	80.6397154	4.5	47	["place_of_worship", "tourist_attraction", "point_of_interest", "establishment"]	AeeoHcLaL_GLVa_SXjXvKQJBRPLMTS9eGYCSbfd8KAMLstK7ajE7KM4_W_UyHI4ez1KPhRiOg9OPGp3R-kwsLADPASdK839yQ0hSpF18B3C8vCYdUsYnfFijeSt3myx-ZpR4nDYSZfDHcr_B_uHB8hOMY-u-CUGRTQOFQH9lMl4gJVoC0sMs52JLbBwlPVcc3indD3xQQG5DmjtNMmqYegqG0yZyMWzgCVRun-i5IEvRH-_Qz9IJub84SfMgbqYcsCScJ1p6g7YQgsJygiQGCivOWgZm5lR_DYXApJemb67bVRjP46DED1XW-UEvqRn3TC0KCyKYSU8VFrsl24Wofzcqs8MctqWrlQCvELN1xolrZ1CfBkO1CX0O2QiMR1g3dXWAt_vcbT7AYKKDdhzlaqyZ5e7Twr0XSe59XTCDnOfHU_vRGwzrfA-QE0PPsS6x0O18rytHoq7mGDJcrGm3DAcngymd7qpKx6ULfv_q5eHHspuPrIIUi-10U7j9YpIEtn-vG7k_yjVLOzSpYpVj3c8Kcezj4wMxbF7fkecfS3Vto68obBTN99xXElW-566C718qnHu8TBADq5vIyytborB8X85XXudFQKULHSWSusOGSoN27rtKkOfPsmx-n7dz2tap	2025-04-25 05:55:55.309176+05:30	6	3	75	places/sri-pattini-kannaki-shrine.jpg
435	ChIJnVREgi5m4zoRIOcVSPstNrk	Diyathilaka Mandapa Island	Diyathilaka Mandapa Island	This historic island pavilion sits elegantly on Kandy Lake, offering a peaceful spot and scenic views.	7.292107099999999	80.64051110000001	4.7	47	["tourist_attraction", "point_of_interest", "establishment"]	AeeoHcJjr4dNj4x0Bo32SiWUfZtm3UCnGPsis1iQn79XWVGiBwIYdeclHe4OQ2NSh9Rjh5hxty44GhatmVVYw8VPUVLMi1J7iX2BiBmFO8bcNWDEAD3trxmqKMFZxEUqA0jJWrI2tbCUgpxa5gyciKXeRQDn4sAnreMkvZdBcoXCsPnsrLPadsLwUTOXchFuaRXkKzR4EVV1RwHZgkP6PUUn9T9u7y4TXuvIQLA-nkWTpjKTYEz1DzRfkrUE69UHFMacSK34URmZcNx2MWUZ2lHwjSM0pfUHJEA7EMakDN8t3uSaD1j5UWE0AiVXKQXR3TsBOh9QdXffUjmfE_sfwRiQTl7yjXcDgNE0pC9A1gvDK75y0PUm1yZeIS0I_tQkVoZ4xbC5vuD24MnSTxrIk7ophqxM7VMu61xR-4c3P4ZXk4E33Z6S6llkDAvSZoerbgCiHa2ibmkdMIDV61a9BR7tHcQBt5EskWkK5_yW6qnn0tXJWNK39iHMm3pOFNS9MQfElhC4ZuoGNeS_Z06GJYgvk-LeQ4aWI4ZKH99IqulbI8kz00bA_byhLfS43vJqrsaej4Di0LijAYrxkPOGXewNl5T8T-q305qzUSUbQev_n1taElS6Bzu1yD3Dx6Xu-IL7KeYQqA	2025-04-25 05:56:05.138964+05:30	6	3	75	places/diyathilaka-mandapa-island.jpg
481	ChIJScvlPQBz4ToR9ddUl044R3w	Cobra Snake Dance	Cobra Snake Dance	Watch a fascinating traditional cobra snake dance performance.	6.0240781	80.2178986	\N	0	["tourist_attraction", "point_of_interest", "establishment"]	\N	2025-04-25 06:05:10.220207+05:30	2	3	60	
436	ChIJ-VeaXABn4zoRMScXx-f1evw	Fish feeding at Royal Bath	Fish Feeding at Royal Bath	Enjoy a unique and peaceful moment feeding the friendly fish at the historic Royal Bath in Kandy.	7.2928753	80.6412608	4.5	2	["tourist_attraction", "point_of_interest", "establishment"]	AeeoHcIn4054Iuu659f0HkJ4Fqw52xTS3Bal-LwZ5aaKYYPRt1rgBVELTcE9rIQHwwZ30Mvoa_jmJkw_aBLc-g4w0BdfbOmmSrHd2a0E64uGlWRsh8hHuLwsd5rL7XdQU_KnV6oG2CXaWTqpSs1-SnuvvFktup8XYA2pQjH14E2Q75hAilnStPrGNzUTT7Q4YWdRDTzD61TB4FzRKUIutnd1CeE45bF_Z0TespPHg3p-SoAGQ11X6HheIqnCFvabcwmmcApW6RbmgxLm1Lh0_ual9nfJZ1GXxF4nqdytkhJOxf4Rt3YM9M6yTqTJqS-BC6nV30zQJ9yLXWtUHHZ4T3ESm2l7Fg4vN74krtSFD7nHmnOX7WtzZ6weMGWJ-PhxPSg1VBMUrQ8ym_lFvfGyltmX0oEIs7b1AV0dMulYDKn5MpTc_3Hr68rgjNhBL17OktcgWRBdfgUnImJQgtpyeYCYR1FYhGkpkJimnFVLCNFRauYgi-YQZA9x1HN-OyxO6IM4yoSdflpBWqcZ0-G9rtxpBEQfowzgvl6yXTF2KeB_doTSswXsm_aDEbevItT0JaU4o-VM4clGhzokEb8p2s91ofV1_wy3-nN98XPH0bpZ7oDaoLKqWKqFdCxRNJjbllya2h4jTA	2025-04-25 05:56:37.49864+05:30	6	2	60	places/fish-feeding-at-royal-bath.jpg
437	ChIJ3wUJ-yxm4zoRb2GXS6LZV5U	Sri Vishnu Devala	Sri Vishnu Devala	A significant Hindu temple dedicated to Lord Vishnu, offering a peaceful atmosphere for prayer and cultural appreciation in Kandy.	7.295137799999999	80.6402866	4.7	68	["hindu_temple", "tourist_attraction", "place_of_worship", "point_of_interest", "establishment"]	AeeoHcL1EE1s-AhSo1W1-s1qGJuMsMO0pg428XOJA33K37D0iYNnfaFEFcvaiMwEssk6PnEvQnwRcGoYknCMqnmv26Hf6zucoK_bgsROeIuCSoRtTM5HnGa1SF96bc_L0WT6_lAQ5v8i62B87oRwYM2WKyf1CIRLt8HA-j24zW_cj2q-ljJRHOnurSxFn1-aO9o0iWdGgQnfJJc6b-jUTy9Y5SHB4cFKa4vSOtFPwymzlix2AecJFzBmpHOhcs8Xz_DTtFJsBaYAQo6-jcvsWZIbX7-_412DZolojkYefj0zFM1H7mMWd4YElCf3pi3sHNTNGDTBUMQhhyHoWP8Q86id0DgqHQkBTDp1FOPY1BoK5e83qDg8AvnBdVeyEKmgCC8HscldqGVDrGWUfaXgiwsMhMT0J1VUOR5AGOH6rUpUXUWgfF_kVgTzmevvpP-GfYNaSBZDYHXfSUogfYPvbTZzkWs0-_frwjiel13y743zWl9QJ9zjVLKPYFPdZ70vmrQ-XsTuRqLqZHxXfjsEaUa7rfrPNkAVOvibGJrOeaVcfv1_hP__ONmJ9YZMVDeXRMIJvSqA5qOMlHUVEU85rh53BJe1ClxygD2xuogACQ2C9wBW2kLH4H28UfztJCidbG_Ha8L2pfah	2025-04-25 05:56:46.913719+05:30	6	3	90	places/sri-vishnu-devala.jpg
438	ChIJz15vj39o4zoRH8n1nbkFiz4	Asgiri Maha Vihara pirivena	Asgiri Maha Vihara	A significant Buddhist monastic institution in Kandy, known for its historical importance and serene atmosphere.	7.298695299999999	80.63336129999999	4.7	720	["tourist_attraction", "place_of_worship", "point_of_interest", "establishment"]	AeeoHcIHk8zgwWuyBBcdjfWf4A80c1le9c3ZXLRk091DCvMdAqr8-pfqwK73YDIZHgSxa2mI9z8i9i0M8sS5TZQ4-8LZ6lqJfIAGe4crLujTJgglddALOe3Um2yElEG7-6fG5YesX-_RwO-GaPZfxH1I4aclo5OBtpwB90ELYfEDFociIr8leL6ZA7gho-w2rcB0iWTSMPB3YW-uqSSWAMUGqeG8Nd9IvaJw1tAa6sZtfoFzMlYteJkBIejLkTm0XCe5jou6VGgqhuN_GPLW9Mb1_lkIXNtfnJAwSMZnFjfP4ZdWx3xzVbOIoM5S2NSyGjao_FJ4mkKRqzAWHmB_lsN_SEEUYCnOXdFvNvA-_u4tAsVr3Faens8OSlxBPfQIBs16xsgoBYB6Dhs001fY_ID8coxeyQAyPlA5pOYoJkRIQ14sPmEHxOnjIFQTPm2QOc1MzNZv1XLU9mMyP_q9pmMbwcycImyBffAkAZU1k92KUKMz0d_Q5dLeKCCVGdQ27uNxQq-Fyupz2QOOQ0EbX76o80BYgvkbhVdiVMCXoexlltI_tjA2ULFA5sM-K1Tedky_QPQzIT3CsDy-x6q5wWODr0lubfmi2a3p7sESnDIJBOAsA31Z_nh_A62eJo4buXYX77tC2A	2025-04-25 05:56:56.954775+05:30	6	3	90	places/asgiri-maha-vihara-pirivena.jpg
439	ChIJHR_swC1m4zoRV6TPwqwUh1Q	Kandy National Museum	Kandy National Museum	Explore the rich history and culture of the Kandyan Kingdom at this museum located within the Royal Palace complex. Discover artifacts showcasing the region's heritage.	7.293185900000001	80.64182939999999	4.3	192	["museum", "tourist_attraction", "point_of_interest", "establishment"]	AeeoHcI8i4uG4P2UfufgpUXOYwU9MPJKqqvu9xvrU7kOT-3FPFiWzNQpm0Weq22oq3f8D36efR7A8kFsi6TSSKdyWHNN2_pDfHiT7yewVB-JjeWBJAKSMot3R68hjoo9UJ_PhbKz3loFxxYoX2NBybKSHuWhswGozRN_IlyBjQ_qcCRYtpFNztbOit9gC62PC9CYvKjT6coiDQSGTLX_qIyC_92vyYveFOGJNxegq9PUBwGE29B1P4kp-2RR8vIEWaR-QO1erURd2TdWZ3iHsR59QcguXggGP_UjA2C0W464nERU5DXrKusA_8lKmFLMDPzfZ_U7Ql2laksTl2ozOLsTZMvyYpTpAHTYXfTfX9DhU6thsl_nU3A-M4QYut23OIF8tWHGwnusHgLgbBI8nvu-w7a-UvjeHWXf27xmhH5rzKM9vPuY3a8aHNba44oUrTx6BlJ-m1KZGa44-3LbPezJEN1kAr3iW5OIGt-g36UzbivfyZ2UYSNoI9fWwwI-aNwORGExy0e62wT5cCWbhIrd5GFh64zymqIX5RxDuhlphqsxLir4D7ajMcl7k3wNaCi3YOl64KAQ6r4hA9nfusUzrco8MsaUjy3NMSr2RxVoJ7uKMJ0zOdV-SoG7FjkQWzSXpYl9YA	2025-04-25 05:57:08.014005+05:30	6	3	90	places/kandy-national-museum.jpg
440	ChIJz7ek-S1m4zoRb7GXMhMKUWs	British Garrison Cemetery	British Garrison Cemetery	A historic cemetery in Kandy offering a glimpse into the city's colonial past and peaceful surroundings.	7.292928	80.642921	4.5	94	["cemetery", "tourist_attraction", "point_of_interest", "establishment"]	AeeoHcLEpfJGyrcqqNen86d6vArmyL2zpGkI1ZX0274YSC-KklIU5PeeKz9HBrqS1Wt4-B5-XbeAit4Mpl3vLpKdSLKNA6uoBme57vvT9nMFYniEnYpbNvZS5-M7SC9YFpXkNL4UAwwsIMK_zHEXOGFfquQIu1lDYg2nrjVp2VWrpRR7ET6--J2UO0aKDNe99iR3OhjACvu16NgzAJMTfyRoBi1bldxl3cZ7YR5vO39zwwDC-QsfGg588dQcsLOIiYN50PtVHbTQ9W2svHm6CaBzmPyAn6xMwgepAL7b7h8s-Xg08pCuueQczVLji5vE5VLz8hQ9V3hFd1OHpTqy-lhWRCstg6R7xp_8cRHX0JcWOS21aqJvOfCssQka2J_g3Zb7WUE7BoY4WKl-_5sdMhh6j4NkRnIzOS2-h-1qQQwdLFMxW8puHbQCLpSzXQ9vb13wqz2sKg4F08JCu_6UQgsrxxvQhgAcm7XByMHcrnK3T5HGa786kB0Y8zN_ywCOFEfFfyPauAhyB8A9WkxwsO0L1dZXpKzwc4BkPNE9PK_UfuL8xI80hgz5gTDNJ0osQ2Ymh9XjqL6Fp98bKb1TpXu24mCSaU_FMj77m7hkxUYs2fi81a20Uap70hgLo4NFH6egkktAWQ	2025-04-25 05:57:42.624726+05:30	6	3	60	places/british-garrison-cemetery.jpg
441	ChIJnwnlb4Vo4zoR2HUjzu623_Y	Anniewatta Tunnel	Anniewatta Tunnel	Discover this notable road tunnel, considered a local point of interest in Kandy.	7.2884235	80.6223384	4.4	157	["tourist_attraction", "point_of_interest", "establishment"]	AeeoHcJA1205U7RlpTXxTrjyaIFf1fNzV2yepVlFwzwHwuDYdirvZMQCIkr5a1BXQCmiYVXh6dpiDN2OJO4rpSsKLkvKlhHrGrJ755Epd_yxa2xswKV_kH_PWY2Ypg2pN1omwPT_VLzhkW_T-gqfrKSQmvmTviYDJAOaFEIlvHAAhq1TE2qN33hFHK9h9D4oh1teqXbjt7bSTlWmEA-x4UPqgGeO51ApZM12TaWUfMoLwV0YQiPIhDRUoCWwr4R7yv7xq5U9G98bPLafh4yhduVXegCpaG79tc5D40Haq9QxscT4SDlJYCIxW9h6ovTu8MJjMYQXb5Hutb-NpHUSh5eSzarVGSBJ-3Es1_Ccojh7Rffm9v2JrvizrV8kTB0pF_ik1Nzs8sVQGbfPFJvQxC4Ur_tr2JM3_opaqvsxAtqHaTM8gtVaF3oiTMOBq6sRNeun80Ny-OcjYVp72CXbYGvphRuPR5bFqdvmGu8Sgq2uvtNppSIunWkPQdp_sexpyU38yPErWbxzylc3eIMBGcCReb4_ebHcpXplqTPX6LVFwHbo_yxA6uh2TrY6wzbFW0Mdl-6BR3GZz4WXUIo8tNe5ieCIr1_sjuIhGdqE2J-q2yYKlnbrADaUO9lNf7QjvyLKAV6u6A4k	2025-04-25 05:58:00.648081+05:30	6	2	60	places/anniewatta-tunnel.jpg
442	ChIJr_jKXQBp4zoRJyq2G8FgLSY	Ayur Hanthana Spice & Herbal Garden	Hanthana Spice & Herbal Garden	Discover the fragrant world of spices and herbs at this serene garden near Kandy. Learn about their traditional uses and enjoy a peaceful stroll.	7.2801606	80.62735049999999	5	1	["tourist_attraction", "point_of_interest", "establishment"]	AeeoHcKgQZx2DmPqWegumgF279NOwMFBB4IWeuNF1MhdX6BoTO3AmiZXiYkbadv9Kymm-btGGcvFKl4ir9I9wL8x7cqTmpq6hpnkjDiB-pxSnCEmR0Zem3Ls-FyGzETLuRDqWqYO7bgJV18WEGIOCsPyhs9WQqr0KMwVvZ4fX2s4OdxA-dM_coHjTdvVAy9bHO5mb6ydRxYyrG28dZBhpvK-2dJdGQnGoqU1dtb3cQMAMPx_2m6IwugbG6Chqg0MEc_AIW3Vt5bL0DbfHP3t7UknMQh7-jPx2rrd1u4AdbeoIEw0oxlVi0Wx-atd9pvPuL__6ZTFObat1O881sK9ALdFH8zavbDMwJHV0LXupGXBXdeJKt1VIFXcN_H2DTK6eaFtsVAq4463S61aCLvvE5BFrDUUUh30utUggZdFtFVxMpI5OPx7AqAccyoRbsP0iX-cDWpyJdE3hlDbMXMWy30yRW3-k1_-7JDQH42I46yRzqgL73pCop4BO1Fa5im6h7CzOsthrMkh-UXl9aefarDRN46jCzG_v5X2hirfNSyzMlhlSbH2zQ0x-iODefdscjnofEaqow8lk5NgYxbFmxkdZGhYp2fCjMGnNPq5Vg5d0Cln0FCHejKkMcoCgdXi_d3OCLGVRQ	2025-04-25 05:58:18.869267+05:30	6	2	90	places/ayur-hanthana-spice-herbal-garden.jpg
443	ChIJIV4FJwBn4zoRqCz7jOS7vzM	Old viewpoint OLD MATALE Road	Old Viewpoint (Old Matale Road)	A scenic spot offering views, located near the historic Old Matale Road.	7.3031584	80.63638999999999	\N	0	["tourist_attraction", "point_of_interest", "establishment"]	\N	2025-04-25 05:58:27.784165+05:30	6	1	90	
444	ChIJGWctZiNm4zoRusol-cYR9Po	Dunumadalawa Forest Reserve	Dunumadalawa Forest Reserve	A serene natural escape near Kandy, offering peaceful trails and rich biodiversity. Explore the lush greenery and enjoy a refreshing walk.	7.280909599999998	80.64222389999999	4.7	107	["tourist_attraction", "park", "point_of_interest", "establishment"]	AeeoHcL6pFHcCAAWXS7iE0n-iJ1CqEcllVHfqbL5GYVUBTVvBe5cUFAgNWKHY2rUs2bipxKRMfuMRp0AYJuPXE0vygCbEMWQXrYc62-94wr8XP7lwlijF1TNVMSe-XHPu22iPpN54Yly7491zVMGvnckSUHv56hguJebkO044tXDdhwpy54uIfBS2yaC57EnTI-T-z5Xw3AQvM3xPB61Nhv3p64LkR1G1KV1HiHMfUoWN3-ozWeZEh0CqCTf2IiY87mQK_wK3gk39c_pgG1fbeXTld0fZKoEp0pPdhpfyzhv5vnehvkuIDmyHw4-lfmKtwbE2PygslcFFI0gXuVCb2p-qcuFG-MEesPsvxzTl85HolgwGNapSWR5-HRyBWdPa7p5kgZFytVv6WS8IoYpwtQ6pzUPjSJaf5XK3bsRkZW6GRcOviJ-hzar4mSPpyD0EOM5mQTxB5H4WAgiiysA4b0XQaotPGlQQYQ7vOIByhP6wxo6SxaLBHFP6ktbUZ2WCvekiH-SUXlT-uTiLKsrtEm6wMftDXr5qwazkP-Nf1lG4q828WGf2zMswT4BoyJDIN4PVS60wyVdACufh3yuWEQeOyHFskhvd8jp2R9_0D069JXjoy5s-7lY9sRxfPaghKNyYuuV3A	2025-04-25 05:58:35.314361+05:30	6	1	120	places/dunumadalawa-forest-reserve.jpg
445	ChIJ9Zr4WQBp4zoRm-GtuKgsFQA	Hidden Waterfall Tiny Ella	Hidden Waterfall Tiny Ella	Discover a beautiful hidden waterfall named Tiny Ella. It's a peaceful spot perfect for a quick nature escape.	7.278050999999999	80.630203	\N	0	["tourist_attraction", "point_of_interest", "establishment"]	\N	2025-04-25 05:58:44.373208+05:30	6	1	90	
446	ChIJbTkKCzpm4zoRr6mST53ZOdU	Canbuy Gem Museum	Canbuy Gem Museum	Explore the fascinating history and process of Sri Lankan gemstones at this educational museum.	7.2867594	80.6481185	4.7	67	["museum", "tourist_attraction", "point_of_interest", "establishment"]	AeeoHcJ_JdaiCOlIue8B31SKneaVVEe1Mx5wcJhmdSDum1xMn5AYi-vpmgKv_HjG19tLuzcvMBE3p29TduELXodTfpvI_GJAYXHRHALCR3rcsSOSeBa_aEJAXqDfxqpIWuQPNSywp0fr5_Ww4KWXxaTo_43Kuxb5V5UMbkDaEU2-MaDDcopiZwF2zIoG2Zjd4jqxvdLlkavPrC9NPrEWklmugLoeuM_BotPMNGI8hD3CYYwGT6Zli22tP8Qd_I5vbUTKdNVn6VscRoMbAhk4pXHgPbWBYN6qVfuzk_aOZn6SiALAgx4wkq3_EbDnh_uiqLNeJDUeCTmL4_wndFOLnw6UAhtsk8h_7i5DPpcjkC2GgZ4Yiwamz8cJzc0Z2Ppa0_EfhcFmKIPyKpLQavMmsfAdGDRpoNzB9CfDpeStGuBzfonrxxkfXxlVpQJdzzCs_NdGwMbmM4KLpKMeIqkdEw57Yta2WAl1D3xmNNg8bxljNf1TYQj6CJuSimD9X1dD-XNtUxt2xJMGoSs1KIEqaM58Ms7w_33Bf-d0FF7oVU-bH0dquBBNijiYFVCPV9cM7lnE3gbOBG9YTGVxwvzVAeAI1iXVGXK8kJFNRh-0EgWg_ibtGxwWhyFCA8aqHq-TTh1waPC9WA	2025-04-25 05:58:54.614284+05:30	6	3	90	places/canbuy-gem-museum.jpg
447	ChIJoQTaKgBn4zoRPqPmsic27C4	View point	Kandy Viewpoint	Offers panoramic views of Kandy city, Kandy Lake, and the surrounding hills.	7.2999147	80.6461887	4.6	74	["tourist_attraction", "point_of_interest", "establishment"]	AeeoHcK5nDQCkHQ-yI8k3Ue1yhF5VPSNtJSGTftgKwhCecLowg5GbbfHEgNffhhrNWDZRU73gOkn9NEuZLg7F6f6ktQW0NwNQPu2zhMIX-lcPNLNUZdCZ8SGXhakfuF_HPYbM1_1V9JR5SfNZHMOfPXm7iWG1DQ3jmxTEVS-Fx7OFuuQhDFZjxEH4Lwg1IeJCrkWrUQjJPAScx2nzjfp71djMwkmmXA-PcUge74C4JBuOxa28i7FGBsmJoiDKYbf30UCKiY27Fa5zdP8MtgTu2cvrcVIfJr9gOiJegBx8AWqcASAPkFJVlWtpZ34lxwwsobZwpSVuQSMzNsxRaWh5uOqwhrI3DKex6Y0-MfdGbWd8UFrz-0-lE00NajzKMU0MKAW1WK2f0NaQvGLR6q7IYpWpVvQRrfmLT1ZNafDDFryWfreuzRq3EiYV0BhkHeg9pcoWW09m7dqptL72ID2jTd-2-kOX5Sd7RGvwHr76cvn0iuVOrE66XfPHcnuBkiyGAcM2Jby-PgkySQ97UQHS0yr8NQBBPKykiauvydEVsOA1PcI4sczJ4K5uleA8TBPpzsOvwlrL52gmA8vQ7I2a69zIVG3wUu60lrL-mUGb13ln5NB9pbv3aQ7bCfATkVwGm56XiK4rQ	2025-04-25 05:59:04.648639+05:30	6	1	75	places/view-point.jpg
450	ChIJzdU6jf5y4ToRy59BmaUXtfE	Rumassala South Beach	Rumassala South Beach	Relax on the golden sands and swim in the clear waters of this lovely beach near Galle.	6.018462500000001	80.2354871	4.7	167	["tourist_attraction", "point_of_interest", "establishment"]	AeeoHcJdkXPkXudD-Kk8rj5k9nXMKJ-s4WSv4J_WKaGddESjfeCCnuXPfedwUl3ZDDE2l3pfPFtzwG-TGmTeu7UwePVLEryIo9IpLxTGFQKvVPb0n0-bumrqmyqqM7ryG8uY7DVtiB8hphLueQArJ4j5jmkZo6uNDrwyEBXGHJvH42JncURwiX78T1slIrZaBU7rgzB8LpX1PwCzjNO9rDdX9EB-MVtD1dEivGMa_V19gzhVdaAQUR_BsLxoYI8sNY4Ta3gj7YynDIFQl1dW3G7JSMoC0QpOhP4LKQg0p1UHTRDEUI2qAkOm3GMEj84mMZ2-ozsdB5DWSd6Cdr66kSVcIYiyVWDaKqNNr4uYRv3Sm2LGFXu4olktmV0CkhmBy_SjDh0Z2qtVH5pk_4amQXNTUdGkMOW2OApbKnGdOcFrQLKo33ETOiRd_NJ2N7Z3tstYmXynEOHfllpA3QVGkrCfmO2XmxXDveQ6u2fy9OObrXY6IKuvGRNZoFhgd2dkh_p2qQc0jFRYlXOHomS9bgT8wpPEA8usAIuvvZ22-UtVTCq9byoJmq4U_c7iSwhgy0wemOhmG6ui3noHT_9_Yua1BRVzFjO1Rik0TfjaS5Ak3zIQj3d6h8myt1AoJtVUOu9TE0KLWA	2025-04-25 05:59:58.511208+05:30	2	2	120	places/rumassala-south-beach.jpg
451	ChIJR0C9TQBz4ToRNoD3kV_wleI	Galle Fort	Galle Fort	Explore this historic Dutch-built fort, a UNESCO World Heritage site, known for its architecture, charming streets, and vibrant atmosphere with shops and cafes. Wander along the ramparts for scenic ocean views and discover hidden gems within its walls.	6.032894799999999	80.2167912	4.3	3	["tourist_attraction", "point_of_interest", "establishment"]	\N	2025-04-25 06:00:34.147717+05:30	2	3	150	
452	ChIJy_NNeABz4ToRNcYNwOu_HyQ	Rillamba Surf Point	Rillamba Surf Point	A popular and beautiful spot known for its waves, perfect for surfing enthusiasts of all levels. Enjoy catching some waves or simply relax by the ocean.	6.032894799999999	80.2167912	\N	0	["tourist_attraction", "point_of_interest", "establishment"]	\N	2025-04-25 06:00:39.57415+05:30	2	1	120	
453	ChIJC0cX3-dz4ToR2YQwNB6-ra0	rumassala	Rumassala	A scenic hill near Galle offering panoramic views of the coast and the iconic Japanese Peace Pagoda.	6.032894799999999	80.2167912	4.5	2	["tourist_attraction", "point_of_interest", "establishment"]	AeeoHcKSAg8mQL4SSB3AsqKrdvzY08t6GBi1sauUmBs4SlOgmXD3wNEKMLRSnYOrzLSDhGNfpwHgdTMZMcpIhWCdQP2ZZhJe_A2z8Fgx8xw-1DE3eIFhIxP4-xiaGIsY9C4_dK8ZL0XhQoGgpoA51AP9uQxHvdYciFVNU0zHKkC0T0qpGLFMb-OcnrUvuKp6VI3CxKzLjTUR913FbFJA2R9a0fgSnCwxOOToSMTxMmVDilqrfNBBeJfdjOPItoHavYPI5z34hZv6brGkUNf1P4kOxjwxJBDapGtPr-I9jrp8NHzbq1lek_63b9gcEp5tuGmi22SVdnGv3YR8vx0eOfXME_k5igZkUgHCxuFm1ZnwzhKNpvxaSf3zFqu4H9av0YJg6tOAbiW_7hWwahmWqCf74c8xX1Njs_D5ZJlhkWHyawWdVAFUbPfyZ-FDmghfC9NDsX6Yhhb58uLqtmHx6c6UvlFfAgg6q9kVHV5VuXKZLJZTBW22VD6YA7dfbsyzlm823KgtaNC5z3QaTY_Blf5gtd9VJFzlJRKvwzbyPujoGuKxBIUCtpvEmYafslQMK0IkBzHlo1xXIQqqX06c3iw3bmyLC4TlLe_1AREaynNNFKbk7ejJa8OgaPAwb_veLaos4oVvGNUvh0zc4Lbw-uOKwWZK57k	2025-04-25 06:00:43.874992+05:30	2	1	90	places/rumassala.jpg
454	ChIJJz7DLQBz4ToRm7AaTNJDZng	Orenda aquarium	Orenda Aquarium	Explore fascinating marine life and underwater ecosystems at this engaging aquarium.	6.0340898	80.2166285	\N	0	["tourist_attraction", "point_of_interest", "establishment"]	AeeoHcKNMyqUfXQVlm5_5M3-NzkunCpjyT1h5sGGKqc0leftPUc6Lw19Urb3shNFAtkVlcVRKDf89z-NauF8Q_GYQGZla55i1sc9EnypN-mmv7g4wLd9Oh0rT7NJ03NCpfnJ5-tj4JsTnXjnW3RrYpJD_duJgFlUtFYbTQlMQRBulu9tzRmu41vRkqy31o_rm63h-mLZ-vm5vHpXLPVbJZzZ4-KHNekNtIQm9SOALnsycwHoNyPwfQqHyItx0eOjKVlaNV3Pbzbg24V0c5M6733crKold8qOAwEjiO2W05ZgMSI4BLIudRvcY3sDTqe5OF5JmBa9pCZBF2c6OORCX8VmXLgG81b22muRv1uzBdxGnrecAs-ibjHjYpIWReWyPUChQNVUBbYRPer3KtmJbutJReCABE3FZ8UGnz6ayAWu0kRYxeYgb-s-N-QYbbemg7rV4PEHOoxaWVkoefYrEw4pH4ZBN0C-2n4duEHuv74l-7PnvCJFKJsOCkwzYJ-BfqRr_WvbMKk1LdfSkRb4jXbE-NgDopsk2saVc6h-ATu6y9iNG5TKasRNJsla1LhdNss2N8JntFzbL6laiFzTHidICnd9bvPFL9MAKBLllQYuX8FheB9O-Zo5lpgJnhJEsOUxkZU3ew	2025-04-25 06:00:52.681467+05:30	2	3	90	places/orenda-aquarium.jpg
455	ChIJyRw1NQBz4ToR2M-ARphKH2E	Boat beach	Boat Beach	A scenic beach perfect for relaxation and enjoying the coastal views near Galle.	6.0319579	80.2181993	5	1	["tourist_attraction", "point_of_interest", "establishment"]	AeeoHcIPeb6HefJ-6myvlqYnXho3WcVVZi_XeG4WjeMc_G2ZMRlelCXIVbDUFyQy7FsBLjtXHNVWUK4DvFMeFBXvmzsH40_x3UcFDgcyEWDwyWCrj-O9mBPhJnnzxMCAl1TrjYWLB3PMSKcgOYzB76lcIzYwUT5zKL8nwTSeuBEkryFYyfu1OkYWwuaHlpTyEsptoNn3nvk2fSOpbtqndXtihmRxarcMD-zuz0oBO4RvqoEtjictFhOixLbrjX12bzLgeLix1zsCjF4vXclN8r3cOnXz8jzOqsk3goYnHTJAATbvf77W8ysW6vy8qSm2QGM1X3D144jI2jPrS6MSWevgLVpy5ahXBgqELQYo6FH7wOl5Tix8v6Z9gOqhHNehg3aonxqEW7Mjm1yLUi0MndF-IqnBjXA-R2iFK1xhW79rjHMfZ0LuQ8ko__9etZg6pX6YjKPDObkc0_64WtuliWSOtvYN_63QGRxJTU_69VreYgL0umx6qRUkw2uw_J5mkL84Sqx6DHxdDxoVvcRiMlPScuDLtEKOwL0F8svhmQ9VG46nA9PajWlopSxjV-ViTfq4JpxXlLc7n0MnlLOeNKWOwwY7rKVQ025hBV59425ic4VlpwaRJa2kQJRKeZsamk2kINM8SP5o	2025-04-25 06:01:02.306597+05:30	2	2	90	places/boat-beach.jpg
456	ChIJj1YZxfpz4ToRLLFe8mmF2F0	Galle Sea View	Galle Sea View	Enjoy scenic panoramic views of the sea and coastline from this popular viewpoint near Galle.	6.032037099999999	80.218719	4.7	15	["tourist_attraction", "point_of_interest", "establishment"]	AeeoHcI9Kw3oNBju5djwdGtPJp2U2MR1BBaiIX8t2eyAY0Bqo76FOggcVCZIS6kTDA6gjVjMp4nSESPGaYG2tlShksDDdycP-BPw14mAI6qhu8lkSIGLq3QXD-_QUSdrywvVvBQXvWsnWrfzvefKT95l0Mx7TsKP9mZXUjA1PYchKDSB8GNzlfu-nnMh6JQw2rqG1vAAcXvZN64hc-TUFpV94sNUL2Wwo3koZ0nOB6513Fw_qWyqUs36EKwoyco2I3nAOnnI3uKx8bxVJXKl4T8f42wn0WweShD2Ag1Eemb15x__5nhL49L2qyJE5IPD6WrvP8lj_Mf54ScIzEsmLWb5Ki_dAEvsk9cCU2t5bDPNYPDnehvOM4exnj_awz0xpzTaEejVep88jJqBk--BD5p6_AptAUJ7L_Stkuc0Q0dmwigMS3U4yzrf6xdNDa-0vRr8eL6XtC2flqilM1aF-FcV-cXkYxXSZrPXDR3rRKo3kNqPssDnrBNsV_YRRDY4G5vzbHcVmTvk4J7Zh2FZeGeY_dDemU9L8dNODsGY4INpv_UerqYT04KTIrm3eEy7v2iPfCnYWJQeYvZzplNScDSPwPjs26zpEA75BbESSvJM21nQd5ZWtCKzFgvYuFQVeCNfxTtguw	2025-04-25 06:01:13.571567+05:30	2	1	60	places/galle-sea-view.jpg
457	ChIJqVXTYwBz4ToRLrNIaiE2j5k	Galle Dutch Fort	Galle Fort	Explore this historic Dutch fort, a UNESCO World Heritage site known for its colonial architecture and scenic ramparts.	6.030459199999999	80.2150207	4.4	5	["tourist_attraction", "point_of_interest", "establishment"]	AeeoHcK9B-gJf7fZEzrzpa0scEVeGFSaCrSFYhFvAuN1zVPvDvz5i6tRgU-_FWH1EyYmb7o-TvSq2edB23mxYms4H9IdujQ04kiJRS1cqkL01OVDzrGtYgL_TGuf_8Xlk2fFvHQcna0FJAdAPExyc4fMyKNrYH2iRTAA4xDcbKPdSGxsxXM8_FKGHl6hhM0oF2p0OvNMdAY_qDan94Gz_PdAqlfdGP-sdkHiruxozc9OFt-zlj9kP6bZmXlwcYLdcXnn9n12ejLWNHF67N49JFN3edwVxy4gHBqqS7aQHDnGvDjrPlag6-NHNovcBMvzNVEJ1z28PUxAoeJ-aihOAXc5SXkdGMsawk4Du-WAhiaVV-RxLT9DJrUSaz26jjzFL99lFMVyB8MKq_GTUOn7Ds4rfDnCvyikO1ZpLuszojmK5ECxDqC-6kHojBqUuTFys-_W5VKJYL1AlHdfMwfaUhwsDLKj1iujBHQWGjcaaafu3rahDj_mRsRGP2n4k0-ua1gXUkBUnJtBE8MOMmztSrMHE94Eu9BXpoLe2OXIhxPiKcElXEJu4PAj7z0r4XgqSLmB9t8ZNT3O-bT056ZboWPR7GTqlUKB_0Yw38dBUPmSnYhRj097fD_VQ45zN6QpSDmLlTucOA	2025-04-25 06:01:26.19534+05:30	2	3	90	places/galle-dutch-fort.jpg
458	ChIJJfLjLgBz4ToRAAggmqzuy-g	Fish boart yard	Galle Fishing Harbour	Experience the authentic atmosphere of Galle's fishing harbour. Watch local fishermen at work and see their colourful boats.	6.029905	80.21736709999999	5	2	["tourist_attraction", "point_of_interest", "establishment"]	AeeoHcIm7447TyaY45X-VQ5gzBdQ04Tq7sVu-s9q2kWLgeGPg3vKs_nT0myl-UC33pXclTLBMHLUlVpL1yHzmVq3L17xeX6WDnT-cWyLoM9M8DlvELYeZLiwZONh0cW49_UqwysyLRY-lvEQv_7q9Vhiq530MUn_Si5TTfXH0CxmGBSr1lSvwFTfiwNJzpJpMDtCnKe8UrKMw7JIN4Sema_5FfW2MDnI4zB9fTPvoqTV79MjnLyYHK9t-TVFp4c39SlTy3A6Sv7oJWs88biWdpeIWkw-n1TyZFCh2VmmQ06jW7U64Uflj1zoP8IOwlRLjeNdjFoHIRiYeCzA3t-N20fj55aUk_xozkBT4PODHxWmJ_q7HuOg5WBwGFf0nWJe_2iXDp1IGKMzQJL3kAU2Glpxi4paUQX6DQEz8O6Kp5mgW8kW0zAigM7wXSoC3VPCG7INfT6yJsIcxV7g1Z_fla9ZKYlstvkOeRFf9jzBCZv5fiuqibdbDV9PYLPyd4rUzEEEGlzc_DDvT6oLUl_aHLqjzEEzJnwufBlFnSSvVZ9xp2i7nC0qh3F553R9EJEsHsj1lStu2pADc2j6qvy63ZjJtwhq2zPPn849JGgolmJWPOyBub6RaqfRZoRWnkBJ6e1GoZNLOw	2025-04-25 06:01:36.099261+05:30	2	3	90	places/fish-boart-yard.jpg
459	ChIJty1st_Zz4ToRc5tkzHp0_QM	Galle Bay	Galle Bay	Enjoy the scenic beauty of Galle Bay, a picturesque coastal area perfect for leisurely strolls and taking in the ocean views.	6.0339424	80.21968989999999	4.4	8	["tourist_attraction", "point_of_interest", "establishment"]	AeeoHcIJaPKivl8DZ2sv-VKRmRlsw9uy7chmhEuYTHXriC_CvBy6DHoFGvdk2AWxa3tyc8v-wlJSSA1pf0bUYrCGYUjNFcTu_lwXfloUL1dqUqm7dLbpxzE-Dpd9_OnInvcsISSEeSRGTEfRQ_geKEXinPJGJR73YxIUMQtVwvi-6YR_AHfaHESp69C7wcu7HYkKX9zSiRvyJgBB5BAKVNb8eQrpeh9Tmo2EDQ7Oh8oD_CwY-dqDfz3zc5ab-kTQKNsBBY3pvgonjKcwBY8ow9BzML7CvUKZLe65VGDCPcgbodGHuBF5van04nMOyD155Z9jStjoeqQMyT4BCW1mxUgBOxPhu91DY95kvfAr8B6_I3uTMntKNVY5ouHAPDD7Cb6tO-x8VOLI08vfRHfD1dpeD_4-NwTZINkepSzElCu3lvhbhSuX_jHbN2kEwSleEXhXwM5hW-MaksDjq5cTIqf-pjFyt4E41FRWXAgbuPbnk__Tu2qc8f7985wEVyn8QPNGHDbYphCBzSQNiKreXpQBSWMQ8MTswf0A357ZztokvR-X701_pHlzjR7K7n43VbhzIkVnZjqYJPlYle-DabJSNK2e0NF_nDlaUKmk4e4CVlL4dAForQawcUStBrngY75VwqWfWSFW	2025-04-25 06:01:42.341264+05:30	2	2	75	places/galle-bay.jpg
460	ChIJpWojf6Nz4ToRDnCORP2x9Fo	Galle Fort Clock Tower	Galle Fort Clock Tower	A prominent and easily recognizable landmark within the historic Galle Fort, serving as a central point for visitors.	6.030027699999999	80.21512179999999	4.6	3272	["tourist_attraction", "point_of_interest", "establishment"]	AeeoHcJZaFvboqx-c_NtRGGfi8HtTGahZ03boxeL8PZg82SAVdV_2gD-IvbN8mDlpXo8U76CKSjoU67gdecEq8NDMpJf3bolVoYkIDidltW2aZu_nlKNdCRpo1fE8A6FvOrqBEjcOvcKp8IzXm_ku4yN_5I0dw57lUnNhH7yKKJrK6WpC5HZ-1k_nNyMUS9xuaB-IahzIDwJQzjFAn6mbOKnw7MWmNR6ldNuGjVi6WVIMQwmHhoFc92BwBvTl5RnBsAbLsmLvXKYeXxPQEwrpTGu3cX7AohW4len1v9bJIxIYBXjIzMBfQTVmOgJCYaGO1kJVvJhsqCQvTmgws_PNl9_r6ctM2kis99mXbhIH6xkjoyr5DEN7tscVYEdVKufl1HTfwqQ9mLRrNobCNzEtfGylj529NC7jEYloOLRZfgtSVsQ8QUwzIEcXUUDWP1-4DKWZJi9jlifi0U-0OU7fWkwLjLKHshm7BGuokUMCcGGfrz4G3UUcS3HCkD9FuRZUAvQ-HCixihVr6Tu1HIb-5dZ5mfog9zG09eiiSksAetiQoATj_J6KSrxQerYFYCzBaSaFU4LfFlkaRZZl7ckfTTG1CamJImy5hoMZmRwrQHsRpwIc1snLQEXe9EGhLLuTT4Z3DGTHg	2025-04-25 06:01:52.073944+05:30	2	3	60	places/galle-fort-clock-tower.jpg
461	ChIJhw1dbABz4ToRQ7PXNBf_vXY	Miniature Replica of Galle Fort	Miniature Replica of Galle Fort	Explore a charming small-scale model offering a detailed look at the historic Galle Fort and its architecture.	6.030018699999999	80.21387159999999	4.6	5	["tourist_attraction", "point_of_interest", "establishment"]	AeeoHcKj4ZEZAW9ZpP_YrVsvXlz0oe0LqIpj9_kAQhbQDN8VJ6R5AEarkC82nxjQ-qoOAw2nIUJkUj4LcbRVFExPIqBQdidvnDMfQzKlzUWOuRGwwAYYZBmYm-6oOhfVXueuTjltwO10AoOF3gf5XxxjYJcgEnghPcBFcE-39AtMtcVaPTvra4tOzrBMXVKVPlb8qYzg4mcJP4O8J6KaR0gD9yRDuwvQ8P05SBH3yZakE5Y7mkdySk6SA9Hk-gM1Y7iivVryd6huH83qayn7TupS3rii3gc0tPbqQkCyQSM69hCShTGHspLZq5qr0ToWm6Ju45757VKqmg2CwKf89kfm3QdEesIgxtUctLJD1MhHalAzw7Q-caPoJye_55Tbb2VabkOy9S7Snn6dc7J6saVeY9Kj738pdJTLd4K3XM7yOR3SKXbv6_DmLLyUC0CIyarcLW0YpN1uv8myRz36p8cw-of45-kow9lyKhNxcxxY6gaOhxEyQQ38PyhxukiQlLhprjsSHfmLrNyfo0FTxVQefvEjeno-JZnkHi6eyhbTrX_fDDqSZi_LZsBFpjmG0qtLDfltEQLXFXL8MY5qsOqZyVOrfRAZH9J7Z0RawudtRI37mAbDX-jRjMrf_-tuELmQdXWMhw	2025-04-25 06:02:02.928607+05:30	2	3	60	places/miniature-replica-of-galle-fort.jpg
462	ChIJV_U97qVz4ToRaahawFgGD2c	Sunset Observing Place	Sunset Point	Enjoy breathtaking views as the sun dips below the horizon. A perfect spot for stunning sunset photos and relaxation.	6.030230899999999	80.21355729999999	4.9	24	["tourist_attraction", "point_of_interest", "establishment"]	AeeoHcJiuaOxNDdMoBs0vjSz6Jn0sWrDA6vKEBGHyTS3NupcJBvjWTnJRyDl1Ummv1XDbTqy5DsUg4hEtcYcJ9o_TV0wx07CJ0DOWifbj3gUDFaMGSXGGHPL65O74GWrBECv8OwlBw_OsXDZm9Z49Cf1dND3ex5HE63FAh7mpLVPnMPAkCrLVpR1LNjC419GLi7dIVCEZkuUqwD_b5_wKipBSsGmeGsWtJvofqXdQw45A66DARRYqsf79H_UnNrMtyeJnx37bg8usPumDf_KoKFn6YB_G6qY5UFVTPmogJ66HB9av9m_GfOpyspX7ULp_4zWHEawN5ehlcXN5KMVVHykWcIykzkYp0PyPlvz5MVw4wZGea5CIpEpzFbSPiqG0HFqg9Mudx-wfxtimT61V6jl41-PBPfrKo1Cdxq05piorhVX7wixZOPJLU0sgkv8imvyTvR1P9KQITd9M-JWRp00iV2T41wxMVZtjLNQ2O7SsDYjNYc1V2Lx-h4zEPLOi1NCbbsRd-xjF66cmu_5Edmry5YhKGdHrjyiaLzopCjbPeZkC6q3NJ40eOHblzFkrt7qFzaNpqKWoXtkuK-MUA_61YBBlzy1ZC9uiCAZwiN9S0n_KM53HrElA66x4PNTC5AucWdvmw	2025-04-25 06:02:09.27774+05:30	2	2	75	places/sunset-observing-place.jpg
463	ChIJjebcvqVz4ToRRi1yvhmabzo	Zwart Bastion	Zwart Bastion	A historic bastion within the famous Galle Fort, offering insightful views of the ramparts and the sea.	6.0291295	80.21929229999999	4.5	128	["tourist_attraction", "point_of_interest", "establishment"]	AeeoHcIZaT3T9Zb6gQJCRyG6DmA5-zyPcwhI-JLNN0mDzZpjcOUVAt5t_M7erIJnn02TEMWTwHsLQEkTEtkJV24c6MMa891EWdt6cGLvmDTR15ay-o2UyjESeZ2MbTJharLwVxVNvd64nSpgTK39RCA7dfIhezHgBhYrwSP1huCRIxxsmSt6OjKccW2H4Rv9MwrSlyeOc62oX9QopxXu12hwwqOTsF7URaugqb3lhJMsImOjx5LzfSi9L8CYAZBIIGa74rKa8_TgnR3VOePnYwW1FLgbB14Bdj715jGkOJ4_3Ot5VcaGq14l0xWKxcMncA0Xld_CgSkfilCbQbE8ASOs__kV8VFo-UQuajmX2wVWH3OjCm9RHmPfvEZZWMfY9EdRSjgcD43kNZK8_Cw6GmWhYPrpKukSCCcHCSLkDs3HCbNXh13Q0jEnzjNaBjSJjpyHBfmGvmV94wULNoMa4DqqpxmhHYN5fWBiS-6NmZ95sbKLnYzbP9IyQlPXTgvWARyMAlFBMVzbnLp37bbDfvOF87LwL1yAESHG5yeDgVQ3LxBtpgiSYLGL11QbYKIzZguvJzFX-SLUlom1pGVHDVHy_22NOLs40TIu9bXOLFrQYB75Xw1TyEwQCUUtcdGeRp19EqQbyg	2025-04-25 06:02:16.855164+05:30	2	3	60	places/zwart-bastion.jpg
492	ChIJRd0BrLZl5DoRJDhdFoCX3gw	Ravana's Cave	Ravana's Cave	Explore the legendary Ravana's Cave, steeped in local mythology and history.	6.8644786	81.04864169999999	4	1549	["tourist_attraction", "point_of_interest", "establishment"]	AeeoHcJbjZbPyGOZe0ybSGM4wzcT28NGHl2BQJTlBff5EhLGvoPd0z9lisnE0URqKFAD1fE5bygoZaCtYKr5LRwcUlfED8grJn-rNSClDZI39ia4VN9c-mhUksEsfljFkRLdlX12VQa9O0Y2fGmHzKkGq3hXtEBWeFHtCeEPUsm1_-ASnNhXx3wDqxM2Npf5zumMDwvUVDHaL26ffTb62DpPhxVSaGGfaXAzQC9Hr8eTNmOJSzoyzL2ED5aqBkUpRR93sTbqcLT6cjMqR-hMp3wn2G-hJw9XRKMswAbha8_kZyVS60_C0y0ffQdPZbDR0AZ0Rj_CjfEA8OcqH5O09p2K0AIObXT17FKnPnX7Xddakz9lnh8CjQx3hAVzPgj_hIzJUXtQeIzNDOEE66HNTE8oBnAmAf1lW0CSy884CiH6rKKhAGqrpNWLfTugvwVUBLM4niiaJP2kU3BXDP1E_iSD9pekycjInyMLlniMrjLkVnYTmk5W7bVXn20fIVshVnHpxUnTvwfuDEccYMYaKQnz-qj5uNDvq_NgRqpjQeQ6Sju-tQkLrz-I0NqVlZvSY25JE60Hy_pi5h-NKWR8xiABiMStZzaox86kFHF8GY5uiJnAq1fAWlLHShdDFz4uLI-Lw1tNJohb	2025-04-25 06:07:13.409086+05:30	4	3	60	places/ravanas-cave.jpg
493	ChIJ_xb2dldk5DoRMN9Ol1xqHKw	Uva Halpewatte Tea Factory Tour	Uva Halpewatte Tea Factory	Discover the tea-making process from leaf to cup and enjoy a scenic tea tasting at this renowned factory.	6.8892883	81.0345068	4.6	1481	["tourist_attraction", "food", "point_of_interest", "store", "establishment"]	AeeoHcKWOcdhECF9NuHb683f6CFkRtKUqVrc8jjADaW822VQAf6K-4b9-Z4MvTzALiHD8ovWj__oOmDNxl1w5aEjzpH_FZzuk_xhtMPA2HfmeYC0xyBzpo9c5M3X85jwi35BixjhPeY0J7YNqvMTjSrTCbglcgRw7vqq0Q7dBjtPnD3azpdGvGAmtLqhhiSLa1c33Gs3ZS5pQMI38b6LaJlrOzado0qIrz9zKstTF41lHYXUUoyrb8bAwdAYWbb7C-HeCYokl0VAqSKV_PvYiJI0TuDpN-Rm47VSy_TzVJlosXeD8-wZD2RtEQsB9SnssCSqtSPxsuImVaXsya35qq0ivfcnNQIGKMwAIdWKklrfv-8r_PvI5DA1uWVV_LeDnIc91Vc4oiWQril9zpT1PKFHAEriErTQsMzTOmFia8Gyl9phrNM-uFj9FiT5DIGFXI9QA45Khk-v-20ST6HWDOdZ-25I5wsa4GZgv75S_pJ9p1cQ1dqnDLIEmuQMykTLoC1xKuSZWahlxA-zeGp3N3-XrHA18AnfILScdj_CzpEZTkx8cITRx8UibWd66BoPWE4Rjuj0saONy9lQbXgwlW9vKMPZHJaCXryaspD6W_1_pPnft8cdSnIB3sDknZVAIIr7mhmBo_3V	2025-04-25 06:07:24.672862+05:30	4	3	90	places/uva-halpewatte-tea-factory-tour.jpg
507	ChIJydCJfwBl5DoR_S5WZcsGuWI	Viewpoint Elko	Elko Viewpoint	Enjoy stunning panoramic views of the Ella landscape, including Ella Rock and Little Adam's Peak, from this scenic spot.	6.869763199999999	81.04411999999999	5	2	["tourist_attraction", "point_of_interest", "establishment"]	AeeoHcIKhQlqN_7zbgU4Lj4c0PQi9xnDwggakh6Xiqfu6Jzu8PuGHAD4I4PGs8QRcB3WWQmozLifeHNENIyqYXW1EMmlXprrGZ9TxVvJWPQUST7VSHpGQpgIHVUt39ZFaGIQVrnHmoenqJuG5BjYOu4xp2UEP1YL4s3UafZZ3RnSvHh73K0rdl4TFP_J6Zze0qbdNRLc7axKF5B44CirXttzipawH_t2zH1QO6KFaYH8KgU9_JQJ-7KzGEymD9vUvrpxr8d8EpBZdHKVk0GC5FeI-2wWGv9YgaTYVRZYiskvST2DyNjRS0oB0kKmbWe7ZSF34Hrf7qIy3H4SNC5T8_VFCbLIQbdu0_gXIneJXsaq3-a_WDBIjy-Xn33Oqa1L3uKM0LraaXt74XTxqHt6F64pGCNsHUHb3qOAWHfP1NtJPZFphLdGtPsRi7JFQmWGxZFgQu9Z-07I34rTQPa5FUSPMB4SZukaC8EBmeyz71wIP946L7qLpooRPHQzyzTdaiQKV3_mnpYTTt85e1XLddaJd2OWktHAY_dXgshdyEaeY_SNdAqroaZ_V4n94Tecb0xG0ISCg_xoDKGqIvvexZvjhToXVRqaRdhTQX5RihXnIytIIIsZ2tgzQZrcYjWjEn9u	2025-04-25 06:09:39.534845+05:30	4	1	75	places/viewpoint-elko.jpg
464	ChIJVVVVWrFz4ToRUHmxLiYNLmU	Dutch Reformed Church	Dutch Reformed Church	A historic church located within the Galle Fort, showcasing colonial Dutch architecture and history.	6.0282011	80.2171085	4.5	369	["tourist_attraction", "church", "place_of_worship", "point_of_interest", "establishment"]	AeeoHcKz1jQ34XumXv89lNxH8zT61qck8UZbnGnR3-zpzsit7mAcJBZLBL_QIpIuqG2TkIf4F_IOSC69ADYRAOHJ7l8kSoVPHdyHFZEsV21F-8NqcIvqG1S_Q6kWrVRnco8rlFPNa50qwHlFjBQUhGzv2x2ReFVmu2X4yi1M4_5HKDbbT0FGTQDQaNFtJM5oh2R-MgFXNSbe6kOvNoHpoYbQwXDj11DJbPC6OjgGo9Uf9__DFZxFoHfEE10SnCGugpj7KBEEZNlG0HZou2CZUfzJbAaQn9E7zqPxE64T5IKN3Fs7Q37TL4F8pJ_dh3fkjBg5xOkQsPkUTpQowD2KPgr_fUY_BBWmMN7-ZyWHkcwv8ZGHXGt8vhQQye4EgT1Kq6XK0yS9i4TB5bBpn8F-jxSVhrh_lvpqNgMm4oKfyMReUA2osFCRO7dFX4tL7cAMab4pG7zBK7utKovXFSB56OCNylY5C-spWNd9VgZn-0IZskuGp685g61XKHpAvC3dDszCTLEPpO9d1e5ZntikzN4TscGWPBvuwr__k7sQcbR4eBdcwnVLckATTC4BD6ucvtcf5TnlRhWg642-pyyHtjQzkH8iJNLdmn2O0jQa6YNfRNq73vTk1ed5xFtRvfbHbGDBEVB1tC62	2025-04-25 06:02:25.86649+05:30	2	3	90	places/dutch-reformed-church.jpg
465	ChIJi-cPPKRz4ToRUFA-pVY11AA	Christian Reformed Church	Christian Reformed Church	Explore this historic Dutch Reformed church located within the Galle Fort, showcasing beautiful colonial architecture and a serene atmosphere.	6.028126	80.2168028	4.7	3	["museum", "tourist_attraction", "point_of_interest", "establishment"]	AeeoHcKPAsZZuVZtC8hBOODX8DsWLPCsdysupy5k2JwUhzWXRom0RJRNvjBpobLP5OsP9VIIVyoOMl8MoIC0GPYcdVWp_V_bDHYXjDwzpOg3f6BhxGfJEemAa5Jc7npYlj_zI5kQ-wQ14khYBlX36-RrEykzueikTVTkGQ4w_GlAYG28hSRM5ZVZSKxdwzKn_iP5e2bdCXyH995heCn09xrGnOp8_EG0cRQl9U2cJcmjPgeWq_lv3vRuEHzB7bpk08GJqKCUPIED0ZCl_tV_KARKqrvaMXS_j3KO1JtgZpldb72za1J8R0NgwWyo2srA1QMeDbo9WxaBRAWz_OKEUW4xvJFdAVZNl76vfXO57zYSNmtz8hldK9FT5NelsltK3ciXCg1Irc5TTCLC-Qu6E7abPmid2bDOL6shE85_g_tiPNHy9dutzKJf7IogWOzzSAXnb3GZKgQq0wtRQuwR_bYaQXcE8EGRlV8rOS5MZm8wSb79fXNZBFRdXZS53wOcrf5VZSFnevRCoFIR82MQlqFUJs9S1lu0fClgsBTtpbZ8bqcC7IoVqVapzt9VbRLtiE-zB0G_ePj2szxq9GmkkfOF0TNz_IyiZcmQhvgaLArh1Fzbz2HgGWUeA0Z8dJyntpQEajLqGKWn	2025-04-25 06:02:32.625097+05:30	2	3	90	places/christian-reformed-church.jpg
466	ChIJz-wTzKVz4ToRWgRxGY0ExD0	Fort Entrance (Slvar Gate)	Fort Entrance (Slvar Gate)	A significant historical entrance providing access into the renowned Galle Fort, offering a glimpse of its ancient fortifications.	6.0281137	80.218447	4.4	111	["tourist_attraction", "point_of_interest", "establishment"]	AeeoHcKEWThEoRYuRKFQZWm7SbTie4gW6jBpVQD9TF7j9p6CpoC5NteWyvlf4FHtmbRkyNRuvweX2lJ4HzawFUpPqc8UENpo8H1Nj9NjYtVDLj1ryIq5NbPrzUjwUcBUilrQmANbW7CgjPJjL5lvbHkaadR4hnNIXWR8uE2DuQ6FupWW_sv6tGvfBqwKbP9f2Kf8nYtkUMYQ6yaTSEaqTJ8dADAqjLztBcOjNXCQNQqrfdE9HXsxyfpUpNHunczUeLcgetz77Swl-u2UN_0v-2Ajl3NvsGE949GwQq8LEYufYjg4dHmnMbVLdZgMQ_KgluQWxnISDQzpcISDgeb42uhhledzj7clRE_SFPQOeBr_NaA3Bt2NmCONZwIFPo9NbvTxWzg4cIvGKqEMImk9G33ZcOrCEJEX_UdavlcvwnGy3WWgpKdoHf_z86XbuPrtUNjIRRh0hslpPcXjZ1jQbWvFVltv60ylPWvC82UG5j3s5-X-CYoZMKcNuil9PpIX8NnQSiPaI7_7SBOaXB6rvd3om0zKP5dn3gtvoL4ebVCGzDqEZLjZM_ANSBNq6MEGqwibiY6BpEoT28NXgQcm2YVGg16Wf6pwY6uZZx7dIsuVkwU3bZGvuOqlRgYl8XYI-CMIuWewEQ	2025-04-25 06:02:44.913366+05:30	2	3	60	places/fort-entrance-slvar-gate.jpg
467	ChIJUc2UA8Nz4ToRPJOSZjRJRRc	Galle Unesco Signage	Galle UNESCO Sign	Locate the official signage identifying Galle Fort as a UNESCO World Heritage Site. It's a popular spot for visitors to take photos and mark their arrival at this historic location.	6.0280892	80.21838369999999	4.5	2	["tourist_attraction", "point_of_interest", "establishment"]	AeeoHcKsPlHkoJumb01DXOS4XDrTS_TGmVSbqttv7tJrPbdQW_wsLpJ2XsNhhv_K8atgYrjBOopRxh4vnMCkCxII6gYPNLJN25pxO4K37MEAB1J-FjWpNW59w00JJZpZU7vZp9VzAEJKnERfbek8WoGebPL3w-NCvB5w2WYiTgMWOMtrbQEIs3qlU5hpGuMhkE0HJYJFxoN3RBFzfk4KRCPLlRM6q-tXnZ1y2ft9edh1s7RiGE8GYehI1CGN5Tgvmn8Tmo4ZOrNM6OzZ_0c-1YKLlpu8A1yFGkNsZRAtQbpnRXEZw2tRTH4cDo4jqTdTVupZyeI-fdLsNj8wU44oMd-8z9Sj5lgY3AJuMcB6C-1J4ToZxrWbHRvWd3vp9HRAxLMKJ83XY8sHjpaimoFtb4RImJpCqmUlPlES16FJuP3rzGbBRXtjTpsSilpbXQnNzp9oqJd7IcBoT-SJ7khgke4Q-N2k0dJdjVClFJ-sGNJNgAcQbqCYVchPREZfJtYsyb8LsXRHTEOPdVyL3jyUJ85PfSjcEiTTaUvV-E7Su9IxxURex3Vijpnj_LEKxMc85f-IRTseKif4b3DMp3uiwUMgvKwfnSvH8xx9VLEshN5IVslAYthM5P_S0v_Nz4tieJLZRCJkXAzv	2025-04-25 06:03:11.332932+05:30	2	3	45	places/galle-unesco-signage.jpg
468	ChIJKQ7ATLxz4ToRxhgYXni2-yo	St. Mary's Cathedral	St. Mary's Cathedral, Galle	Discover the peaceful ambiance of St. Mary's Cathedral, a beautiful place of worship located in Galle. Admire its architecture and soak in the serene atmosphere.	6.0359972	80.2126917	4.7	294	["tourist_attraction", "church", "place_of_worship", "point_of_interest", "establishment"]	AeeoHcKvfIG7ZAVionb4_Pqk2Ul9AtbSI27Q76tIlvz7DcyfD55i0LAXkr44UkFo4H_X-hknDSgXk3CnppM5GmCH99hb7VaxfNU5kDdquc9PZrK6MDBP2MbWq9LnTLKNNaIsejl1FfEbdvJ9W4I7HP4-_DietMrog-UP0SBHotrDjFJpJ88M8QcxeVEcUGQ4eXWS64LvZyQwGS5rpUQ95uQMpMJv4c8dFhT8HHrI4Ro6nJY0gj5B9zu5Q1yitYYOPKb-JFWo08JSpXhbkjjc08-lMlhMEJUInPGCYkv4oe6rrpEsHO14jh2ul9mOy8ZZP3mHBg9mRbXTN3beafxNWwq9KVLaZ0s0EbnHWI1dfTFRO3Kb9-GFtiFZ_nDyUfqJsf4W1bVlM97ffy2lEpW3aHOhaUkJVBfUZHvJV05xnT3vVn2ASeN-gkbKB37u-YjtUVulVxuvANJR2X_ld4249p3sUcrDessBAaPccn2gMtQUYw198ixUdWRUy9lzNx2rgxrfYquc8ZAb7jC3wR_sFYBcMkyuPjogZdRnb6B1Y6HSzrB2eaLvQhuKfafD5EYW0qMBcr40JsJjeE-CJbT8mU528iFgXUNZ-yn2A3EJ49PdUbs6qV4y0_Ln6htfsifKUH4jDCCX2Q	2025-04-25 06:03:18.50076+05:30	2	3	90	places/st-marys-cathedral.jpg
469	ChIJmZDNJ6Rz4ToRACWFg6n4QBw	All Saints' Church	All Saints' Church	A beautiful historic church located within the Galle Fort, showcasing striking architecture and providing a serene atmosphere.	6.027533999999999	80.2174478	4.5	167	["tourist_attraction", "church", "place_of_worship", "point_of_interest", "establishment"]	AeeoHcJjDt_IIw6_VUA5J7IaeI95CuEGk8Qt4X_kX9P2gvbnrDSjCoEO3GjhGajCgQkb35IQiyk6tDO6BK0Ma-2sRpvplv3l7Ft1RZVencMxGFEpp4bTeEr1oTrITenflnoU9ct6hu6HP_pElwEfaUMU3YLBJVBcXzsJTCi0Ql60rAf_PwEO7Nh7-WZ98HF5KsHzZu1bVQFvmDh2XHnOOE2G2f7D9gOxqDrDJ58HPJvgY9DN9PvnikDCdTzg-qeSadLOGcEf0--PDdiXER3gTIJBr3Zs_JFzB2banbMUayGHDodcUvr8WLgUkWzDOQCgQ_sgriZviIt9Gg5DldUROqVjrE3Hre46x8D51qiIw5wFQVea9cgz1kh9krRZL_-YGkhytwjr0UdPQqs9CLZS6-A88064bd7RZulVjk2ZZQcd4eIMTwn3L31fr8CJl7f2JkmebMC_Njx-IeuAbm7L73X9g1HAejlcaDDii_FbQdxnjZdJIAyh_AcG_NuVPwkZXsFSp3F6ggAekDaP0lmfCle_FzL6JmvcQpuEGa1mL1odTs8Rpr9DT7o_j2Zjl0PWE6BvlKaZ6284a2nCYmpbCg71JQC6RrN-uBrR9oT-TeBRdtZevnhmXbV71exYZfVgXvBwS1M66g	2025-04-25 06:03:30.174595+05:30	2	3	90	places/all-saints-church.jpg
470	ChIJQx-UVKFz4ToR8o-jM0mZhWU	Sri Sudharmalaya Buddhist Temple	Sri Sudharmalaya Buddhist Temple	A serene Buddhist temple offering visitors a peaceful atmosphere and insights into local religious practices.	6.0270066	80.2153562	4.7	294	["tourist_attraction", "place_of_worship", "point_of_interest", "establishment"]	AeeoHcIcJeoCGZsZCXPt3eg09G_-6IGscSPGwzsffCCew97RK38Dyv2LdJV5cbDZtjgNa--g2lpTo3GAhVkr3rIl4n5BDB9FjcavmJJJCzm0tbuX0eHlTqpg86e1JN8dbV6b-ARhzm9kO2405hlTK9P4yy5MLzHQisnrgNZgPmDFMaLblMutkhpgfxlXYRtfaC0jC5JVt_XtUlV8cVoDK2dvuIhJpF4ieSQtJ1fG1RoBdxchi5Iwgbp1GO4HK-wVY_mX77eACBJjJi1SH8C9EbkUbF8lnH9IuoeXtSvbdbLdrurA_mJ8a7LhNkFd3GZSjJllZqccuA5GqCCWiN4YQlHOc2tyPgreK4-xr6q-uC6q15oDyzhJYF8PnAyipyR5g5n-UJSrw0773VWwLTw12DjerrIonng9cvH-pJxyGC-mjUKbjRBx0CcssHtIl6n2-ll1QWK4etnrxOBvUTOdKwdwTpWiBUnuS4zmk0nzyDPnAxzRPT7E3_Sez4F0KLqEaR38f6IlrswYxBTbDWYb1r3e4GJcQeM13Yk21HMtNe4HALQR61LykRIXJ1FKobQxsjbgBIM9uekIJQimp44UrVhAusxlgbggZyQCGovGVeTUgFJ2UyQDJe4HwALvOak7ZA	2025-04-25 06:03:37.342857+05:30	2	3	90	places/sri-sudharmalaya-buddhist-temple.jpg
471	ChIJU39H4KVz4ToRhwbu8gLy8E0	Akersloot Bastion	Akersloot Bastion	A historic bastion forming part of the iconic Galle Fort walls. It provides visitors with scenic views of the surroundings.	6.027501699999999	80.2198106	4.8	8	["tourist_attraction", "point_of_interest", "establishment"]	AeeoHcL5Cf8QmKzd7ybsZUfp_ROZnAulIup7XeJuzXUBkx7SVFQzp9ynA9VuAIv0NSLxvS0Duk2dXRT6YMOpe7otz-3jTrnR2OunS2npc67-MMIrfHblv1KSSSy305AIS47m9kr2kaFzV8RvQgz5o0jICZjhpmJ_E48v8nP5KOQvyjYPmQhqEmRFoiw07_GnsqhYpRejLSKaTWcaHIMjoDOOLSSBhX0_ouAtUKR1XKlc-V7rKt8E_72nBWimmcjTeOHjdnz7_hbSzgWbnULOQR-29NTlxz-R0cHPoKNkwuyuGuH1LEpU2G6slqw8-q7RukyMe-vLL3cOj3SsCGtDH1VKCxbVhLj-d8LGpxAQxqGW8QI9GpefvAmDIfyVRUizyJaXwc_2ajlE4z-yKBvowKmq4O36bGXhKr_fvd2uTMObTsE6Mz3KFtvDoDxPh0eS-SNIkfsrwGxosDVlGSNtbm_Y5FlvqeZDi1q4U_GDqUcqLakyU9efcgBypA1FEpkDnykTmY17_mc2IgDmSeicLlDAIwBqOSACD6n4mhuKkNfgZS3Beww5wS8RZZaT02l8_2ycW23YwhjSL5NoftBUEMmJmocyIvrCUMmbhIhp_lQ9l9Wg_AUlCzZXDYh7XRYBUvhbB8MtYyos	2025-04-25 06:03:44.715239+05:30	2	3	90	places/akersloot-bastion.jpg
472	ChIJO1FSZ6Fz4ToR4u09BoJ0TIk	Clippenberg Bastion	Clippenberg Bastion	Explore this historic bastion along the walls of Galle Fort, offering glimpses into the past and scenic views of the surroundings.	6.0269406	80.2139681	4.7	82	["tourist_attraction", "point_of_interest", "establishment"]	AeeoHcK6DbIgYuaPQthiSaNK6YfjIF_0eBth93h5btYcmdt9n_wAKdymMv7VMr-fHaYrodgstTV9OotMYbEvNslBy0KhR6SXTJ9c_9jlXjhw9XVPt5bzDlh6eR_AcWaaRVDYpymGd9SK0iCg7R67-Ztr7aUHC1PxwfrOWuBq78qm1G0hfs1krWjAOsjmjfylrwNieW5hccFfUlTgAAhUEgE2wM_7Sa90u-MduZk64xeNUIKPnTnSvcTNVSc9iS28KMWr2BlnwpTqRIfj2WKxqZXjSNrOTE87tAXtp-_i-qy-wZnjRpl8lb2oYPF0F812Q0cYCYCa2DeLsX6SCm4-QItCZsnTDUKrwqLehbnd81uy6IG9FmOLv-YbyBzgx2FTX6lDgN5j0I_1smT7ZHFFjPXV_aTuEtA33koDFJ3-3UiR6zOuiOzVy9HuHX9xPTZswQoar44duv49l2P_fm1LrQtNuDmgdRUp7ON0uhdsE7e3_oH3UZ4yCMf3_FJ3mYwwoiZvZqZ3evPTxXF2FMBanlV2LmbuWGWtfKDpKLOI1cHGFMwE2SeLPoNZ5XWxI1ZnX0A3pztXDeqz55VShW8qzsWrJDwi9tgaPbxB2Ko7vRwYj3urGXxEPCVhf77ZzWhEfb2hQopXN1K_	2025-04-25 06:03:50.450305+05:30	2	3	60	places/clippenberg-bastion.jpg
514	ChIJiyeduJdl5DoRkP8q4yA726A	Agala Waterfall Camping	Agala Waterfall	Discover the beautiful Agala Waterfall, a scenic cascade nestled in nature, popular among visitors and campers.	6.863018599999999	81.0432727	\N	0	["tourist_attraction", "point_of_interest", "establishment"]	AeeoHcJqN-GbMl8_xuyD0-vfIopbTNVBZILmUkqgH-8eAb3qmmXao11wt32U7xL4Apiw0LHVOTygAKiTtyMpScBkG8G1PeoqmMcM30snSYggLZY98sNAETTf3viFfYV5i7E4jH8vWPwItjiLGH3RjuPNw5lVU0xDqlva0Uiyri45y2aJjFhZvNIhwo1Za1BPfiWxfIJ-ewAINhOYQTl9MpCvjQWY6G9KLbCT-M1liw4_Tk-b7GUrCRDgI9KiAuA-FxdNEOj-ufkajjj_QXJdhhr1HZbKtHvUQ0uyqBCFycSN11tbdtt30vFe5p5zF7PzFbYr7-nqm1AzvWA	2025-04-25 06:10:40.360566+05:30	4	1	90	places/agala-waterfall-camping.jpg
547	ChIJ85ZAum1R_joRLGE7xjgeNtw	Pannai Walkway	Pannai Walkway	Enjoy a scenic stroll along the Pannai Walkway, a popular spot offering pleasant views.	9.660237899999998	80.0079798	4.5	13	["tourist_attraction", "point_of_interest", "establishment"]	AeeoHcKVxa63quKkX40rKPXMTOHSQOWysAVfiyDzU4WRUvrNekq142HKJTWe3Aubt62Jfvnmlv8r3-SF_fexesfiz7xrBMw9knINJ_zsiKVBjOM74Kt94Vb2TvTxUanskiEzZAy2-0npu0gY8pNc27TkbmzH7CflZlPWrtXHQLsq-XDrDUmw0U6ygNot3m_auiiG5les6iRAo0GzwxDeG9WgSxYRDh4KCQgylz_TXxUneleOGxRx4opLZsq7iMFmph-HhsyHb6OM9J3ddWFmN4AwyXXl3sxIF1ay-zSNO3PZIKbUq3gWepTaGeHXP443bsXMm-fLbnVpHEkSvb4DEvGk7i2h3Rmtk-kkoQfBjQpxV1eXfXtmmb5LnZkMrelfCDSySvJ9ypzlakib-wuLk02Av19NMlRMWAI5fTYR9XdZPPz1MWU_0sRf97X0bN9IriZK3V7JX1zLH6ku8xZvwG7MmnI3BP6AtG44R6R2VBFdsMGY7SOP7Ghu3xlgXATBSrp6LgTiqRH1XtyvC20I7J_Zl9MwBbZkfT6hqt8QH61sp-3DlwqmvBpolrsRaidwUsWyUEdoRQMHX8K5DVFobTa000CBjn8l5E6I5kBcydtyDlW-2dbfNTLa6v6fQYtT5kDZoe_kfQxa	2025-04-25 06:17:59.848488+05:30	5	2	75	places/pannai-walkway.jpg
473	ChIJKfU8XjNz4ToRdgKI2MQEBZo	Turtle Hotspot	Turtle Hotspot	Visit this special spot near Galle to witness fascinating sea turtles in their natural habitat, a memorable wildlife encounter.	6.0268406	80.2139201	4.5	45	["tourist_attraction", "point_of_interest", "establishment"]	AeeoHcLWWdXt-CV11yiR57990dRQbsQCm-sLGN9WoazYq8sqZf7m3Ybm1MmGpIKezP5Jn90D3XIR-xlGtg4ivDgikuVdpPKK4fJoUk4tgoSJNbJUc-2JO4o61Hj7j6My-oIipaZNtIUOgtKxqOznE5fMazrbe-CRouIXnjwOISIt_YKleLOITjKBxhS0hwHfhtsgY1ymvlQEfh_96GKE5032swnaVTBZVwaqLacoIb3V_LpAkqKbHobdATpR2N-sm5dR0V6sHl1YmC8s7i2w44eHP9g2ppds1_3-N_ak9gIAjNVvKXG7mMdAmO_mimIShwLL1s48cS6BcZdc_EEPXMkGWFAt5ObkLWTgIk7-2kfjNc7RROzPusp24u81GxlptDK0g1Q5fvCt2urPonsD1O7D8RqEPsbR2fgZWT-3G_74bYY1kLk2Oqqdj72N-DABxso06yRayVjLshOZfUpEQ7v-gbNIbgmbUi7XnS1rU4XhUiSqewOoR6CeeyX0RylylunJo-NODndrMix8UNqRvNLiygsrBavSrWNuIGA5JTdGoMMKG-DbnP7S_YHNVbbbx2QGAoMkPkoWFhm4DUzrAmKDDlNSkBhMVwLVFYbv9Rc1TWQneMG6hoy_5CmQcqunLlto	2025-04-25 06:03:58.846942+05:30	2	1	90	places/turtle-hotspot.jpg
474	ChIJzf4lzqVz4ToRUDlqJoKY3aU	Historical Mansion Museum	Historical Mansion Museum	Step back in time and explore the rich history and architecture within this beautiful mansion museum.	6.0264711	80.2188726	4.4	267	["museum", "tourist_attraction", "point_of_interest", "establishment"]	AeeoHcLA9IP3CNOTOu4mZsNV5KFoInCL5honKCRQKIasGYUs1j2AqbIsrow_8QIyaDYtdmCT2VOTtzGiUt9NUe8-WUSPOJL58novDeFqrS49wbmpeJl23LNuSfmlMD1H7Nk4W0nP5vZm2LWu0si2iILhqyLsvLJYvEz3ZWmXytCqoU9ENAAU4ac7yitwS7T7I5l5eJAgTfn_AXhrRpdBGGk6gXVZnN9YDgZKWUUcCYJ-0z01nLqpRQUjY8wJu0_QnETjd8NqyGnyiZICGixdn5DK8pzAfjTDK5sWipw8tU2T0FpJG8Z0EZgUOR2ASFv_kELGQV6gsZPn2-BkisOZPyP0DVt6w0un7msK5pdgM3SfC-yRFPs5uOU2bCdz0qBa71upotvk77Tp8YfTPo4TC3LFSxQdvpMEKGn880t1H_ustGrbRP138Y0azCcM8R7QI3HWJ0oCt6HAT8-rrzzfABy9vkYPkUMTB2aDlpvyfubhoOluCi21QxeTzMAiB0yh5BT18fSXsJB7dHR4MT2ILqTLASW1Xj3TY6_Z_GPvVZigCSok1NqUH_CuIFtP3i0V2nQ0axluTa604aBObnhBf8Yp7tV12-RatRIDj556tA2i14UtxZPH48IknIkruTGsI_c4xoXWSA	2025-04-25 06:04:07.858226+05:30	2	3	90	places/historical-mansion-museum.jpg
475	ChIJc-itxzdz4ToRcEg4BYC5qDo	Hidden Beach	Hidden Beach	Discover a secluded spot perfect for relaxing by the sea. Enjoy the tranquility and natural beauty of this quiet beach.	6.0266245	80.2197412	3.3	9	["tourist_attraction", "point_of_interest", "establishment"]	AeeoHcIGdkVchpRNKUXmlxocbY_0oIqURgP4_ZBqc4blBCF1lZd0n0sMu3Vp-u6E9w2lrUO4CaK61q3jfIjEUzHFrOHT2lx_IVL6sI3NU7btlktVRedjK6R3TUmuYFHZ2MiNOjnC80iSB1K-un4WCWG6_86NWzLdtSWQia3RWjfWCo499-4HzknObeEklfDEeZjm-uLMn0GsYByXkZhlCCbP97KaASqJGxDz70kAaotMobQsNjFrEOjQ9ziCrF7Y68db4t2sJguAzwccWlTqE_jjamXYEj0smLF-lO_z6NLFO0MFUGI9NwdFK4_T_WTa6Js8_V_1NWxubBc_rH9YnI3brdHK9ueDzAkBjMQScfj2rtoWiJvln4ECVpLM_gz5gjKpPOuRPmNQWh4oNUvp0w-KsMyLj6nOwLlfNi4wvHg5Ebh-lGJgqiSaIitil_8u8D3NB491oDI-h-LIxXMMcMCDYBJVnT8e-4cT6NUo9zemthACPqc5N19GRpvK3UGncQRKxmyv8NhW8lw0wQmC5tt0AuzPdrAwoAxTzqTJFEH6akeGYUNKp4aWQtCrFWhaEOC_Uul87gRBswCTaEnGBSsTesLELmCf6n0i4njdhF51_uPQx5hwFlQlo_4WJzWii48CPoZjKg	2025-04-25 06:04:23.322529+05:30	2	2	90	places/hidden-beach.jpg
476	ChIJx0_mqNJz4ToRhGL7AZHv4D8	View Point	View Point	Enjoy panoramic views of Galle and the surrounding landscape from this popular viewpoint.	6.0262857	80.2146534	4.6	14	["tourist_attraction", "point_of_interest", "establishment"]	AeeoHcLIjx0O55zC5v0fEHfOmqDLUE1ALKLSuShNmkY7TlPHaoy0b-Vm5VBvqJ_eSppDvP3BpbNK1e48ViFDpa3Af7etuNIP478xQkhvBxX0NX1zGSvRQkUcY-h8nWx--i79IfS4bVfQoD42vqhDyaFHgJIbkkddpL6IaPI5QWKOaGrrnZBDIEpOQnzLiRYO_d_BcpYUrA6iNUEzU1WxtugiGv7BoTNiriPB714EO06EgCZNSpxx7Zqf0tJQUBv5TOn9beJs4JWtR8FH91kih1H2uULzKS7FCyUTI_pJr4FB2V_gbrkqrAoAsEkufSs9SJH7nD252nJ28cxrQY-Pc4W8GWime3U_uU_UrwjxGVb4lQ6h3_M4GKNfzoVJXhlOunfVhO5kBllz0LEVY5gDlSY1iMk9-0SAPHJMgfbQRSKDUj9s9TG_2SOwGp_AHqLWuU74F3_O28DYXb1gJ0Iys-PFaxbu6vKLOe59Dd7m8xvnbCg2zim4L5a5hyqoW3-WVBTP0LxJ5taWuTWRbiU8CKY7E4xuLJyPg1VStCEOCqIoXKDpGVbVmATDlPaaJKeWMwhtbUGZRSSYK9We_wtOeF_RYPmQN2FxcNOaiE4FzclmpWiqgtJ78pjgdoiBFPz4APRlYT6xOFAh	2025-04-25 06:04:30.693927+05:30	2	2	90	places/view-point_xNiw9hy.jpg
477	ChIJBzb_bq1z4ToRhyj1StZd-c0	Pedlar Street - Dutch Hospital End	Pedlar Street (near Dutch Hospital)	Explore the charming shops, cafes, and historic atmosphere along Pedlar Street within Galle Fort, starting near the iconic Dutch Hospital.	6.0262704	80.21936099999999	4.8	4	["tourist_attraction", "point_of_interest", "establishment"]	AeeoHcLVzONbH9xwQ0VRkwZwegmQopOsDviv04hUgx9KfGFROIrb48CIisSlCToG5vzaxGqTsjGeZAw48HnRUmRkCbErp6D4sc-EMtENlnVrmhuH1tyXG_g9ypZPvXufuUD8mUd6_HghN1f7mn3uGTfIFMqE-ha9QkF_2Fp5m2Ob9-P-u-ZuIEJ2bx0rrJWRBLoUWE8KRcXjridNT32ZfzK440kFZfEgwn20jwW-MxjDQa10sismUSWHmoO8g7DPYfmrSZHa3Lzi5vIr8-EtGDRlrIG6Xrmj_f7YrWQN6WLeiS6p2IAIIA4weesYKAMfiAiDpt8nRuHo0MhseZ6Itb0L1G5l78qNLLD81E5WqSB6YzOp74DFni3uYlMyK2QXH7Vylj5EIJPgHtqEGWPQ-C8SI16-5ousVymiwB5mLXXhTBnFvIPQSAWWIqmSzRRanY6XXVgX7xDkYLmD8XC0zE9jlwWolA_Ot2d6OLlFidjshA0mlRT9QLmA6GNhUnIlc6zWzGvOzegRhUdAkoeeroGlaqKRNZsX09VvKf4SCyHpn8T0Jz-HjtboelOIRMGukfJthjuY_xkTuXEjuFJAysdS0RmyR3ehPNlrLDvh0obYBlSDIgi42q17s8bvfyMy_dOYe-8sbA	2025-04-25 06:04:39.69881+05:30	2	3	90	places/pedlar-street-dutch-hospital-end.jpg
478	ChIJ_wANradz4ToR6ZyAYU0Hq_A	Meeran Mosque	Meeran Mosque	A historic mosque located within the iconic Galle Fort, known for its beautiful architecture.	6.024664899999999	80.2188031	4.7	472	["mosque", "tourist_attraction", "place_of_worship", "point_of_interest", "establishment"]	AeeoHcJ85yFHbGYYij14m4H7fywDiRqRoxAdLdfTEkjW4XNBePGjH-jw3YSXEb9-T9kiALNlyWVZqYfg9WByfcWrT75MRiP0CS4QzHHmiaUtHkX-JZAEp6A1mBYGygCULJOfSbbPHJgvJkGvCKbVr1qcEi4dzY88uKQcw8lms8VtF5oTTfHwRZToEpWAuYrzKLpp7Rx174TdgV3iMy0jruJaOFle92I2Xq5smRfrTWolGnnc8FCYlx9JHbOpOK-1h_1QwBYdixT4AEySz0FKby9OX5MFWFxENTY_8TiriMDGrL_1l9eyWKvI7ZUBIQVC2TXMB-XYOvwou2LqX6Q8T9Gg-L0PhOCF1cSGItJq84zu9twUUyhFMItxQC3Yga_x4sRk4Zc4k-YcaNDB92H0KpVTAaa4W0agj9yRXciPszowNlQZQz9vVMoAIU_0ztyYYpRRqh8jfAslGoZgO6wtY3zIJPiAFqkUVyAKvnMqnhfmnOeoJEkABg-KFc4yaiGGhuilxX0aatXxMbZWw8fnIH3xwkwbkKrq1_Vp78YbkOht37FjVDopguqqr-Pleb2-e74c5UrIQQcD8ef-PE19QbUExTuEv2xas7fggbaeS6EbbRQc7uP0T6MzbvSFD8XVKt7Mlg0jFw	2025-04-25 06:04:48.716186+05:30	2	3	60	places/meeran-mosque.jpg
479	ChIJvRyxtadz4ToRr00BDS936P0	Galle Lighthouse	Galle Lighthouse	A historic landmark within the Galle Fort, offering scenic views of the Indian Ocean.	6.024714299999999	80.2194526	4.6	5773	["tourist_attraction", "point_of_interest", "establishment"]	AeeoHcIgMfrCH-IJOotL3S6AdLk0TNjczMuKMaL4ALrZTvPTNPXgFJlZ_XAorRW2m49SU_kRM5rpq3FsD-_msg0Y2rFgZFaoQAu6VNxZ7Tf-DHHvkgoZna8F4Mu7-Cw47usSEi-pYrT45YObJPcrk-K9aF-N_Gm5C86-bP3SVeIRLur04mz7k5m_vtt1kARZ8gU7sXJGg0c9A-omRWB42FGbw7d65QRUXgPATOA8NnK_VeNl6v7ZSa6uw7CKgte8Urnr_jprKWvbNfI_V1-KcWVBuqIZGm2aioLwRgRdhrPIGqG4V-deK3hLWxKERvL_q5AQWy-G5XAiMUgJEMXGuKD-Dt2Azf4DJEhPrZlZh4xBmeSgRCG9nhfnvhTHahKwI_xX39rV-UxiM9Ia-7ePJjq9nDLmmFctfrDcZzHuMCfvKntviBJO_UTUOxmYbCTAuSHt-lPd9yo84f9TN3SjlTYe3de_mge3EkijPsDOK6iVy9NQ76k7piJ3016501EdtMje5NlmWxK7RWB3bRPCiZmKZTYHGNibpShSq6ciFrlhg7-E0XAG9N7j_mfeLGDTIefl-NL0tajj7vJeBacQp8SzmYXKh420MTU9vIgdhewKUKoywoFtlWYlof4enn2Jkk7NUB5muA	2025-04-25 06:04:56.089102+05:30	2	3	60	places/galle-lighthouse.jpg
480	ChIJVVreJldz4ToRHScf66JdmLQ	Sand Beach	Sand Beach	A relaxing sandy beach perfect for sunbathing, swimming, and enjoying the coastal scenery near Galle.	6.0245246	80.21968729999999	4.3	7	["tourist_attraction", "point_of_interest", "establishment"]	AeeoHcIC9-8yYiS4oQtdh7ld2XBsC7o0l87q5CJU_PemTKpN8YNJqVaUayoBb-o8FBOsqYYmhg-l8E2XqIrVkJotaRc9Na1zZZqJo3qnkpwVWeIf-gPjTqrvpLOtYTFVH65ZTpGc3KUYJGQIUOi-q9QO_XKyHSt08GDEOu7gNocyOTUk-jUMYKj4SRRn7P9yhI-EiiGZLTKiIS-JGhTH_LWLNVJ9ByluYsl2q7vvhmOoHsy48Kr86brYJNvgRWG8QB_arVE-49eJKYKYVQDXCl5SbrPgjmz_nry22AHEJlDh5DGpHsLO5Rx-KyfyI8fKWkxVx3R-fKpFv1-TuG6fHXCkq901KLVkhhgsYsQQCCaLSnWmnn065ZoG9mNkmw1a9RFWcn_0QA26ux9F_pDlDQSXcG9nLZPD0K3Id1gVFSWqFRVY-kQyC6xujjymEvkvyUcEbQLwkjxsm4J44EBJHgAhma88FTPsGt0EoRO8OyS4iRLevDWJyHRicu0WwW8ilYCkUhSwcBbn7DgYUQj0TJ6UhOnu6ujn_aLEI7OuTbP7PAEQzDBJGe0jtdOBnJyjiDzZQNm9wwyBh8RRufQ2n1_1nT--Din8yhFdIkTcjGpqMYRApxNh9yhaUjS-HReO0ToW4U8syA	2025-04-25 06:05:03.154601+05:30	2	2	90	places/sand-beach.jpg
482	ChIJa0FSIwBz4ToR1kAznbERypA	Crazy Jumpers at Galle Fort	Crazy Jumpers at Galle Fort	Witness the famous 'crazy jumpers' diving spectacularly from the ancient walls of Galle Fort into the Indian Ocean. It's a popular and thrilling performance.	6.0237694	80.2174801	3.5	2	["tourist_attraction", "point_of_interest", "establishment"]	AeeoHcKTc31foXwahnNy5EwK-JWxi22ppZFVvCTNrAUO4q_ivhsSw6ozipkYTggddiB5-eI1tovnjUhMl6MGy5iQ2rE-xPm7icCvuGINtJz4-h2z_PvhNc3XnTPiaUA84EveEz8fzISQL0dXq3lrzSJAteEuXBXJW8zc7e2WUWjISxEXVNHftT0zKzx3uuBgKO831NF2XEn8NHXDXSUu6bHNrvNz6z-ex4-eRkCreRt-GuckZVvEh1WZWM0D_BzNvn9wx4_nXPnau2ZJMn5t5DpJGCsMcBaIhWTBQVgcm4Piex7-nDki7_ho_Aibr7XQPUwIv49vRMeD9FIwC6CRFUnaN3FBSKuGvXBj5XeyV5vGkgUBLeJKx4WH0DhskRIE0rCKiCt4yCuN8edVcoHQN3FwqA6gZIURECI-CZorEaSTmuP_tsAFEqNnpXXhlsWK6TMenisQiP_2PyHvJCk6txktHld4w0H37t-9ulLcB6gzv-VGFV-3-6f01w7nfILFtYUa7DMcOZUxCAM7ukFG7Eb-WUxEznKGIP9gUiEbd5SPIoivSohdbXhn3R7mZfy7D28IxAk2xBgyK4o2jUJLJa3ZVo0j9FbmFsxvE3IOYlvF9GJbal01kn_HL443ROr035lv	2025-04-25 06:05:17.797548+05:30	2	1	60	places/crazy-jumpers-at-galle-fort.jpg
483	ChIJ3ecfEwBz4ToRQ3wvVXQ8HEk	Sunset Watching Point	Sunset Watching Point	Enjoy panoramic views and witness the beautiful sunset over the ocean from this popular spot.	6.023749799999998	80.2175266	4.6	12	["tourist_attraction", "point_of_interest", "establishment"]	AeeoHcLEDv-xsURiIZhPibV5kXsA5NeMdNKrz62ySPbjbmvhR_DvPflESfbIWcsdTsW8AGrsC2We058IqI6daA6edMrhWkn5ihirJceoSg1ajalsAK63Wud7k35RTqi1t1Hm28U-adSzWROjwubA9IeBYoeanrKpQpsO9iRQOdJjdftaPztZYmeFIGwBN3Ua-kFvOhyItyYzWowuAu-32Wyu-C0Arlq-u13g2NMS3TOJvSEaTFNK2SLmWQLUa3xYsQ11I5-3GZPzTc-6dnN5e41iAEAQ6p8skgNfdF2XU8qgfbIOgZnWH__0JeglXrb5Z4VlEkE7kgpuoZSEeiJqUu0hTRKTkIBo4rz5W1F0_jA7-3gpsqmlKRBw3-4c13no6A7PU9Vj-jF8PS2y5qmOKUDuaEzui57ALb6DAJjgO4K-a6i-vwkibrJZYk_z6Ck57J3JBhtu8sR5hIHpDWogJE0DwQsKxqRO3CeRcDeljeQHpqpBdEp_n1eNrQaaLQwg6Cpixvx5er7fYeKpHIaGG2oCale2MXiBscat8nydrv1XdGEZWfkBTrLeAjoiI521fPpcVJN2EX3i10j_x3hatKp7vaP_DFE2t7I2lZdIuC7nHTv5HnUQJktUx7o9HkezHIpRMy6FT5gV	2025-04-25 06:05:25.990077+05:30	2	2	75	places/sunset-watching-point.jpg
484	ChIJz74XYqNz4ToRmACxLGhpxfs	Galle Fort End View	Galle Fort End Viewpoint	Enjoy panoramic views from the southern tip of the historic Galle Fort, overlooking the ocean.	6.0339217	80.22793	4.8	5	["tourist_attraction", "point_of_interest", "establishment"]	AeeoHcL-jALkSnPjXNdDTiEwa9NJZk9J7vdlp7z44LR1urmRSA77-ecckKPtjL0GodrQmHpL0cWe72yP6iF73-6QUMGSPlIJ4wFxFS87gVGWcKC1uZWb9dXtcRfNYwjS2wZKyAtUHTFO0X7p9EGT7KM3JGsftekXynQsAt6HRhYaEpG2TP7_VB2LPc2tCpMomFYAAV3lmHqBAohD6mZX2yY59bJdt8zTBdNxn8ExFMaASrFU7SghFv38h-EbsT_nLLAFt9kZAiA2wjbXm8oZQxs5o5bt6Q0PquD_temqf46rxgFPxWxem6Od8rJ6PQ-g3wnZYBN69PgCd07IQud52ehON_beVQYn7awhypn1KbD8Wey5QTkklNKpSCm28FZS6RvKzHwD_9MXHRMtsoSr-ROEz4j2CBfK4P2jAt5senOCdxIwyX41IJsJ813FgDnlRUcRpgDpxzx7vJx7WrLTytf5dtqC02JPk4n_D_4EOfUq9nLACNGAwVp44ZEFeYsEWV0i2ui-e58QT5wsh0olLXCu3InSq-3_vRdiLUr3gawzXmynrUT77huyefTxHMR5So5UQ1mgwo_AXOQs5Yakpy2c5UXKLYYHUAzsEcwQVKWFzqt0XksHbpNljjq7bGjQ2ncnhDDHPtBF	2025-04-25 06:05:39.710834+05:30	2	2	90	places/galle-fort-end-view.jpg
485	ChIJwQasKABz4ToR8mw_no69ITE	Galwadugoda	Galwadugoda Temple	A serene Buddhist temple located near Galle, offering a peaceful atmosphere for reflection.	6.0441972	80.2112164	\N	0	["tourist_attraction", "point_of_interest", "establishment"]	\N	2025-04-25 06:06:02.649525+05:30	2	3	90	
486	ChIJ84hRWABz4ToRjz_LupKYp0E	Vinoya aquarium	Vinoya Aquarium	A small aquarium offering a glimpse into local marine life.	6.0396318	80.2340133	\N	0	["tourist_attraction", "point_of_interest", "establishment"]	\N	2025-04-25 06:06:06.131045+05:30	2	2	90	
487	ChIJKYO1zphz4ToRtFLxjPZQObw	View Point - Mahamodara	Mahamodara View Point	A scenic spot offering panoramic views of the coast near Mahamodara, Galle. Perfect for enjoying the ocean breeze and taking photos.	6.038837500000001	80.19857809999999	4.6	24	["tourist_attraction", "point_of_interest", "establishment"]	AeeoHcL9dkDn3u9LNdpX_UWzol-N6UgLht9Yuu-K4pFRDf3YhNNzB265kMXnyOpGjtnyPRFEvkmwW39WYMcPeMAVJwPGsHtchj3NawF9M81Z0PFw9gIf_XSrocsP8qYdAmNE2RCvkd7Y_S8OGx_PAm3VtQL64ixibPDHmbaECSkVjanlXYJjULFVRWI3EfWGFvRl6cTRz3F6th4c-Zdd5qck-BhAiI18OwadBgHRDvrYF6RaqpLkcdyPFW_kfiSNdmypL4X0w0mU0wq2s6WyrTBc-ZhXM-MMEM1vfbTd_tCsS_Mq1ebKNJqPVacOXoXfg4sZqYLryzaOCkUep3fGNkZvd-oFiZ5-y4zy-rEgzHjXfFfpan5G50jRSpFP4Ze4dexMaj1S_Emw_xpZgQrbhs3dfT-bqLS4fHV6XnCK0_iY5V6U41uY20USs4plPUrJba7xnvtviGSLI-vOvO4sj9oqi_4zET6ZAICyVxtrHprN027b5OXzv_CCqmT_lauqqBoMSRwjXtGy4fGaRhpgrlDGP-vPM-cDL948XNv1FqZauq1_G9163Z9imVv_AR8cAPIKwRzJ_MnBu1WYLl9sL1hn3lsdhWcNMSomkjdxqM0RzJiv_1iPtutgcNwDx2BnEZ52	2025-04-25 06:06:10.432522+05:30	2	2	90	places/view-point-mahamodara.jpg
488	ChIJgxjFdQBz4ToRQL4uI5x7Hro	Beekke Reservoir	Beekke Reservoir	A tranquil reservoir offering peaceful water views and a serene natural setting.	6.051698300000001	80.21250970000001	\N	0	["tourist_attraction", "point_of_interest", "establishment"]	\N	2025-04-25 06:06:25.689594+05:30	2	1	90	
489	ChIJXc7TPABz4ToRuAqZZ0A2YN4	chenu wood carvings	Chenu Wood Carvings	Discover local craftsmanship at Chenu Wood Carvings, featuring intricate wooden artwork.	6.046876200000001	80.2029823	\N	0	["tourist_attraction", "point_of_interest", "establishment"]	\N	2025-04-25 06:06:30.810061+05:30	2	3	75	
490	ChIJI86XkH5z4ToRoSEH2h9hvTQ	SS Orestes Ship Wreck Dive Site	SS Orestes Shipwreck Dive Site	Explore the underwater world at the SS Orestes Shipwreck Dive Site, a popular spot for divers to discover marine life and history.	6.0146064	80.20801089999999	4.2	13	["tourist_attraction", "point_of_interest", "establishment"]	AeeoHcIG8Su2YxRT_F0jHWkYCLxelTEszfDf2nWHo45v5SHMScZyFV1FLO504QxHOsctH0B5ImhKnQqQQCDt8_Awp6G0hHfVpIdheD76pwQ3zalHqkmhBQY097negRfGLh7DJgn8gtfxtF2Xo_c4blKwu1WJaL4GJuBphO4rpH4f7wBJRCI7QgpK7c4Va5UHNQBuvENzvRVGaTk_5ln-gi1dediVLfc1RMwHL1qibAYnbXrS21EFBVdrVX5y4kzb1kACJ6D94jSeOEf3iD3bmvqUzcQYKrhtrhaEPKo0nSGtw0nKV2m-vDK7-9qv6QCcKQsVAdil7FDFVSYl0aIJ550I9fhsPiffQuW_4x5zc67oHX3dunUQKnN2-MNlbOa8ntEPrwYcSKx08f_AzM4aKScnh7j1WTHwZhhmaDcBldC2nJI63tG4W9x3cQIXgUjulSzYzL-klfrBFkKTx8AsSoMCQhJ6PH_o31nH5vu9dUqQnrLEHsx3RgeOQb6lxXdWahtZ7ttIvJbgk3kCTJkJlTSR0YcXjNsIqWvUMmF0HsIJBYnSiYFckMn_7KgveHfqAEBnyfKfa-rqDgta3ttYpeeTjeZXoLbmQXU1qrXVU17viiJlSyjT4iUcYnjQpUPbNfexpPBB5w	2025-04-25 06:06:40.230765+05:30	2	1	180	places/ss-orestes-ship-wreck-dive-site.jpg
491	ChIJQXxAVgBz4ToR_aKhzYnIm0c	Natural well	Natural Well	Discover this unique natural geological formation, a fascinating point of interest.	6.0463961	80.1990007	\N	0	["tourist_attraction", "point_of_interest", "establishment"]	\N	2025-04-25 06:06:51.49478+05:30	2	1	60	
494	ChIJNWM7aIxv5DoRnEMd5xvdob4	Porawagala Viewpoint	Porawagala Viewpoint	Discover breathtaking panoramic vistas from this popular viewpoint near Ella, offering stunning scenery of the surrounding mountains and valleys.	6.8301766	81.0127674	4.4	365	["tourist_attraction", "point_of_interest", "establishment"]	AeeoHcJkHZdj3nyTBtr5ttw04F54uGyo3uJT5GvVCcwSGPIDbjGB5q-15jJEH07VEfcbsGWdEuRnR7uROt4iT1raIoAI-9u1o2zMSY9T0jVAREMo7cByqKyGY-kSHm6azdpWC6Zay89UifY_GeWzXrP-L7Lpx7oowKTeZ6R8CHqE31EUDnL3btDtJFuMJGPbPf3vYwbmWDnPvYAWWu4EEvZUnAzbXUns3BY03o5sLOvhkrAGtItBYD6s3rV37LkkPnNK39VnzvmOZC98Tqw3pOn6OEc3YhY-fkIrp57REj5t_4or4wAspfm3VG1SMeOg68QF6-scR9g7tXhMyFSbxnaZYT0ojzASks5UubttASEcpeIaYvcVYnuuQ2QdHi_B7ZkCoMfX7cnEz6kyLMa_EnexKinb44PtFw82xZsCxCZI3i7MERy3uG_smGrsrn_mIfQnEud7AO7478MDUC-6qHPu95-jV4fUsd3z6cvcofiM80TCcVu9Nfi8FbDfsZNWQdvIVLfRquu-dtYvcJlKzX1Y3P9tbJU5p1sAHPJmKUBI3UQ9k0JZJN_eB0sBm-raEeXf73yGOo5DD_GoucUqykrx_NieO-WdA2y2gO6tXNiSoF432ZtO8TTCvXwoIVM6UtqwKXeA0gDD	2025-04-25 06:07:31.534065+05:30	4	1	90	places/porawagala-viewpoint.jpg
495	ChIJE39TCQBl5DoRSd6KiMvL84Q	Pahala Ella River View	Pahala Ella River View	Enjoy scenic views of the river and surrounding landscape from this natural viewpoint.	6.866698799999998	81.046553	\N	0	["tourist_attraction", "point_of_interest", "establishment"]	\N	2025-04-25 06:07:41.364208+05:30	4	1	60	
496	ChIJ5YHyFwBl5DoRxd9We-At708	Ella	Ella Town	Ella is a popular hill station known for its stunning natural beauty, including waterfalls, tea plantations, and scenic viewpoints. It's a perfect base for exploring the surrounding mountains and valleys.	6.866698799999998	81.046553	\N	0	["tourist_attraction", "point_of_interest", "establishment"]	\N	2025-04-25 06:07:52.21865+05:30	4	1	90	
497	ChIJpTyC4gxl5DoRt-0tU2OnMs0	Ridibedi Ella Anicut and Bathing Point	Ridibedi Ella Anicut & Bathing Point	A pleasant bathing spot near a small weir (anicut), perfect for a refreshing dip and relaxing by the water.	6.866698799999998	81.046553	5	1	["tourist_attraction", "point_of_interest", "establishment"]	AeeoHcLxxOhxF6pAoFRpkruLV5T7MZxx2OGn_TOuuHChRm5ptYC86wHSl3tnVPoaHUobsErXjHcRN2lRIc5baIWgdk1MoxXXPepRJDACkW8VnNdWQS-1pxCO0A3CPDnugoLhyWIuESvRsEjGk_SR0ROZ4yTfPOayxGhhs6SrvzuXVUlTmpNXtxXy3_BsTNaO2iLZBeHTJUNHJpRuY0c3jlNOZLK6TLIqN7vWcfLlik1MDL6eEI2ysL2fo4WsJphVlfzLu4ta8gpTjBzfew7Pf0R2KZeI7f7E8OLI32A-nDcLfF96LFQS8-Cp82Eo3QRgpeMnru_cb51afsr5AujwzXj_kO8wdkOFV2DgNnMI0YCj1JVmG55mKu_I93AnOAGFzwT0SYtPwz_fXs7aASaxBqFOeb52QBDau_g-y-Hl5AcNpLbmVNXJvBHfR0hitvVQpiDwUdl4vxD-MFrE1U03rOldFE47T7u4Wo2Z3sh_b3tTywOx9Gj-aSr3FTQVUI0S8Su2WG4idD0LtUxkX_j_JiYr7Lm6khtYDq1ZMc4vPYKS3iRa8SsEjQBj4GrzqOjZRunt3ITNQCGeepn-uUChwSML96k2K-PXziU3-natUS7qHH0sMqywqt5IsfmlmlDhus7aKQI8QAuS	2025-04-25 06:08:05.121315+05:30	4	2	90	places/ridibedi-ella-anicut-and-bathing-point.jpg
498	ChIJuTJriExl5DoRRaezWdr69-o	Rawana	Rawana Falls	Visit the scenic Rawana Falls, a popular natural attraction near Ella town.	6.866698799999998	81.046553	3.5	4	["tourist_attraction", "point_of_interest", "establishment"]	AeeoHcKZcmSqlTioBSB0ytZWflo1h7xco4ltL9dMEiQIBVL_0saV7prX4GLQXdzVTbbKWGTYaL8KJqRVR4IojDiF6QXhynxwxAM-dngjTZZAkLcUj5s_RqH_w4UQ0tSBXHvw9K6sqh83YjzccQEhra0-bjgs_7Gumz-wNi7eUQEqe9N4DRsowIwTKfHNQxk4FIcou5nrwwfKU6BmZLcNk1376wIRDMMSTGHx-Xfv-jJN7hQs1wFlUGxoWwM5nMI4LcRXFRu_h9mfRnbV9NPFleijCOuPhEKK8fV4jgjPT5-OM3Iw2oRM2QYyKqvE2hucXL6g8sOiHEfRlE8BFutl28SZ_65h_paA-cPEBOsn_4hrQiFV-ZCKdjOSVZoSdUsBdRhtmOv7Vtw4o5TTVjNHMroa97RaJt0iJyBeaAhTI9KR5tFdeYVMtj3DTPdGWPn7NCMXBvGn96lTf-wySRBbssA3h8s6WpgyXFPPbZ6CFxVlrcWrfD4U1zKJ-867xvt1DJc_5K_R3wlT_xSWUifbRLi-29aOKIIfaTEdV3YvsnxkLw3Vavm1GJ_H9-vUv3usO7Zzn6OkFtiQ8p0lGBV8a0hH5LDm4j1-DhnUPgXEjPANKihjH-DhJMniMZwzTveWExXnGjEI3dCE	2025-04-25 06:08:12.701784+05:30	4	1	90	places/rawana.jpg
499	ChIJn33gk7xl5DoR6jgM0a9p6dw	Kital Ella Waterfall	Kital Ella Waterfall	Discover the scenic beauty of Kital Ella Waterfall, a refreshing stop near Ella.	6.866698799999998	81.046553	4.2	131	["tourist_attraction", "point_of_interest", "establishment"]	AeeoHcIhmHQ4ThKzXkKpHPDMX70JZrUWJjcfns7powUB2SFT1d6SwazpZb5U5Y8yP1xFj-3ifWr-h1M28khdL9A8vW3KJwMtvfBSlY3ldOJOhqBPvfgnK-uxYiE1LaeKOdvrn9LYyIp8ugJTuobddfjPWP6k-15-rlS6hbWPSwqNzN_G804GbXcCA9e2eqLnolLo1itznpUAVNp8pPZGx87XBHE3FNgo_lWZk-1-9W5RjzNvyUrp3fs8PCRE6pOjVbIBQqThooVo1ZC4Sj5aa5exyGBEYjABc5d8ANP2gsFGwi7EqhaxwZpV0HYbeWUnhhJ9MIxMw26omH5B4XYIQo5VX6NnYHE5z2rFyEFjcCqUEY1huPm6iU9o03xcS8BZsEAjgStSW6sAltOO3Qc3xNej6WIUG0PNJZJ02DfZ-liG39WBxU8l9uILI8N8MyVdUXVKN8hn6IfDIWTpaq-kJLMuS7xqqSk9qSQot1Dn2gcxTH-g2-cp1pLoBLz6iW4paEeWZB1Fo8Uz9sD1KvdHqFxMnZ3KjUvJdq3lF9qMIPoGdwN5RGYY3c_UuwAQx9ajOi264TrJ6raU7TAxxtgYX3rbWwsEAS0aRi0RK8jYqzXq7qbPy19M7ddFr4IFWTDFRlhLDLyE_Q	2025-04-25 06:08:20.481274+05:30	4	1	90	places/kital-ella-waterfall.jpg
500	ChIJE77dfqJl5DoRD5c_XPJKCDA	Ella treehouse Zipline	Ella Treehouse & Zipline	Experience the thrill of a zipline ride through the trees, offering stunning views of Ella's landscape. Enjoy the unique perspective from the treehouse.	6.8671739	81.0472607	5	4	["tourist_attraction", "point_of_interest", "establishment"]	AeeoHcJCK10WA3FjVwUBOz8KPF_9GqKV7tbamuERyFq16jZoKI5vWxrLT1qegUqwmEj0NbcuzJFMPy9O2Skw1IId5QKWh9rdaE2yeGmwa2FQyYfFNHihrdy59pg2qjHNnf3_5mdah9rHGpRiuutj7WHDWwBPhW7r4kydRnEq47m_rGsdVRMIYTeDgMvbbCjVM1qNYdRDmcCnEsNpqxvAXn2mEzcyt67_M4WccgS0bvRv3h9xTLDNpaILrSNnZ87cgB27qYa_rN2Qgxlh-apRustCd5tsca5LkwFJky019Gu4CwO7e9auq7nk4QCajtTyIKwYTDv__N39__rqRAkkb6HPwymV9yjdnGPVYtLaDsrNzLHog7S8WxE35aKfkcnKNMBrfflHS1H1aJ_VETjwtZCMqnJmMH8SZzV7RGMA4lp_CRiLZUx0DTTyp4Q-1n9U_bXih43yDM-upkUDOpO6J6MRaPU0LmvIHlsUsjtT0fnze_v7KIEg5lFV6SXJShN92_yINMvfI30HknqLdR2-saFp7xqYD0X_pYRsgpSbp4smdCbDa6n2A4fqSAVp3d6cRP1MAbPZQz74jp5x4bbRmleXRD6WMTUTaHk3fEnxtOXGKq4CeswlwcEKJ7DWkRmaLMuDlbAh5A	2025-04-25 06:08:29.493266+05:30	4	1	120	places/ella-treehouse-zipline.jpg
501	ChIJoW7LbQBl5DoRnW7_cL6vJ3E	Ella rock start	Ella Rock Trail Start	This marks the beginning of the popular trail leading up to the iconic Ella Rock, known for its rewarding panoramic views at the summit.	6.867193499999998	81.0477368	3.1	7	["tourist_attraction", "point_of_interest", "establishment"]	AeeoHcLgsvuGRFHhSbXDdD7WjDgZVR42Kuf9uPasxszfk3fSld3-DZI-8yEHo1jZQUhDJTxBkeUDKuwtRgkdmjTNfLkUYJJvf9UQq8-pP65yU6hEAtrJls93wrNbHqCqdrlNMPPMTZaT5TCT6NLW9m-Kt2-A77O7EdAHa1NW8U-wUUvOLprAhYqCu4HeeH-s_XhTzRkmKIl_AvjZRw-i-CWX8GooHEcJjd9CBGTE08h7kpn5AgkpPNSiNW6bHoYx1Zt_4m7bqkcVLnwVhbvrdfIrkX7xUjVAh6XEq9OCt3eXAmX-W6Pd_boBehVliB8Asn-dHEt8gdeb1SLvjJ57LxvuUCV5PBy64jYS-0lqxblC-5hZuv738G8RVMCAqCll_zckn1LKw9q7iJWNj28CZtZCNkI6pffTw9cELE-lQ8N6IGk2njTsP3d_W4bXNO1QRlUF90ujjqFwTCtoOdCEvi7s8R1sc7ZBNJ1-pEdsxnqhH2cIy3Ay4Kp0N2G83bCB6HBAFwQHMHPyFNwbSh5dbF030-ohOLDgr2_hR0J7AqV6-4oMz-tsk-8qCgdGNT7FyXqZQ4ClBjQQYd7TxGZGGBmouScI_vSuLgLn75OZE9PZ_Icvq7LyRSr79NrSiO-rzJBBhZVanA	2025-04-25 06:08:43.419695+05:30	4	1	180	places/ella-rock-start.jpg
502	ChIJjbAHLQBl5DoRNn5V-YGIwSg	Little Rawana waterfall and natural swimming pool	Little Rawana Waterfall & Natural Pool	Discover a charming small waterfall with a natural pool perfect for a refreshing dip after exploring the area.	6.867014099999998	81.0452524	3.9	9	["tourist_attraction", "point_of_interest", "establishment"]	AeeoHcJrbXTVUvRo-OoLBe0H66mkgNBrY1CF2z2hs3RmpKTRWfiqKAH0ueSTVkYsDpte4gm-TR0Uh-zKEChWXtuF7R66PZmDMn3H8lF9xTGvy4IpnE61nXfBbyJA546cElm4Bw6TzmugYVQphP6z_flinUwT459Qu0fDYJEgsAgKWCzmLjXdMts4QdpVqm-9vXY4as6WLoUs-vDuwWfjAjp-uenrzKSzxo7EhlIBMdBRr1rmgDVqMiLcJkw_gWisErQNQvtcoVy6rPxLIL5lcR1BKdb2u1_8u-Qni_kCCtWx6ZedzqHDMoYq29k4omL3FQop_cz-vioFlAPGkjlKN2yP9OtQVeHfNQc0nbO0GAB2wLjP-r_39iuydXZ6-iZ865xkvPlFE_FpPx9qsnBSagj4RHxjTlbL5xSFXhy2dTZmgOYLM2swT8NspWDIBM4ich1qOz95HCOOIgI85PeU54Kx5O9fLQXWTVnHdrOpCUbZiqcc137w9rD5mO7aE7Kx0yXbvvOMCg3X6QgNU4aqf8AyEIdaZLIWRejke551fSI3cktfckOSR0cIfIsPqhhx4BLh1T08hvAgSAE4WJqOD66eg8BK3T0ZQOfhkFa0prQVKiXnXa54_GROpakm5xU8zlMAbA4lrF9bsDAiTfcfS-ur7bxLGZA	2025-04-25 06:08:54.478728+05:30	4	2	90	places/little-rawana-waterfall-and-natural-swimming-pool.jpg
503	ChIJOZ7O69pl5DoRp8713WPtppU	Riversplendor waterfall and spicy garden	Riversplendor Waterfall & Spice Garden	Discover this scenic spot featuring a beautiful waterfall and a fragrant spice garden. A perfect place to enjoy nature's beauty in Ella.	6.868158999999999	81.046667	3.5	6	["tourist_attraction", "point_of_interest", "establishment"]	AeeoHcKXeNUoGfbFRnXxYoHDu8cwJkjDNdrWFfAFXYK8JQdoUF34Rvz_MRr7ATbRIi0nEFzAQhlRL3-sHdyWNRIaGreMNOvRUGpocqCuEVlxYX6Ocj-tNfdpVMMQpSKV4Yc5ZoUF7rmjR-GzqalWLwsacvX_bwa7isofFu3W8caactP-TdbizJBBdmnNVX0N-G6xS3KVfFFOo3hjPtqV4jltGehOOLQV4lbChsT20csNhe-KVwuD0KEL4fK6IMt621t2HEwPUnlZA5v0SLijKqD5o8eAXR_JuTf53nqt4BV2tploTxVzfrNABIc3R3UuGB6vf4pmwnu-QL5iOCaxtciuJfPxGU8x6Wo6SerMv7CdEB8d7y1fMEQIdgSCqI6UMnT8_nB3SwkGL505MEyOLjBJJ0ucf0U1ZdpXdCJsBJudMGjBddccl2n0M8LLVk8UIag6n925UxaQ46v27QytCb3uebD7im58GA-MDdNtBl48RCRszmIs6hFoAxRBVR3pleVnP40jFOiuoAglEcWWwSuTfpINI2p1ze4bErrAlpvT5BdlqrJPKSN3fYN8l334Nf8nri7CM7VxzmyDcf_O2UJTplj-Mdcx8dGclgwLsXNhqz3B4O56si0qHGCWvh1fFgUrNTMyX1Ci	2025-04-25 06:09:04.513886+05:30	4	1	90	places/riversplendor-waterfall-and-spicy-garden.jpg
504	ChIJC6f_zd1l5DoRQbmRT7LXUjk	Ella mount heaven view	Mount Heaven Viewpoint	This viewpoint offers stunning panoramic vistas of the lush landscape and rolling hills surrounding Ella.	6.867532000000002	81.0490028	\N	0	["tourist_attraction", "point_of_interest", "establishment"]	\N	2025-04-25 06:09:12.911033+05:30	4	1	75	
505	ChIJW8tWPwBl5DoRfhM1DcBQBtg	Viewpoint Elma	Elma Viewpoint	A scenic spot offering panoramic views of the surrounding landscape near Ella.	6.868264	81.0442288	5	2	["tourist_attraction", "point_of_interest", "establishment"]	AeeoHcIjuT6OUkcxXny5hB6qgH9V8MFp84iF3z_4niqQy14wEuc0GyyLLbRigcZcMTAaM8Ube8W6LOWHubLXTk3LP0WzolL5VhCTrflUGVcnTqz07bZ8nbYtktN3zeyvhaA0lUS3vXigd6SFCIw8KnGoxk__OFnZXIGQbdNxEsGszpP1ZhsZ6f78WQpEsX3sbbnuuq64_WxLM37tzT4B68xVu0FSbQIK3LInxB_6dddd6ClcjZAIdvyVeD5T45denueKEJxu4MbiJ7tDf60LwcsJPskKbvaNQ0STZgDZLdpw55gZCKyxEyZ2wMh88YnVRGgv4BW7Y1gXDJpmQ3jTt_QdJqh12kJYM_U4jPCLqLnGwSAjfSF5ewm0WtxsViJN3zZ4WlL6-EEoDWKwOJAko4qtss90IBdKflUZ_KcfofEjIjgJS6Z43IqJtwoC_W6cdFZzzgCtldBn0ytl9ejOSJcfXTHbx56m6pYmn_rLeEdMraLyeHOhBTOHjdsa1ZQbbchQWQn8xW-BODmvJ8EyDmZQnyZ1Wb7K91nbxXI7sgA2hVbRgPI4xs3qWW_JSybbfgVo3W374xegexiubrLJIQxqHLfFv4yPCc8_ASeRPIv9dqkBP-WSkttfWDjQgAxRtdh7qOTHiC_n	2025-04-25 06:09:18.844169+05:30	4	1	60	places/viewpoint-elma.jpg
506	ChIJhwMb3yhl5DoRumwZOkxjWvA	Little's Adams Peak View Point	Little Adam's Peak Viewpoint	Enjoy a relatively easy hike to this famous peak for breathtaking panoramic views of the Ella valley and surrounding mountains.	6.8652165	81.0494547	4.6	42	["tourist_attraction", "point_of_interest", "establishment"]	AeeoHcJFSNUcgWGKNlHf_ygNv3b7gKs-XoB30JSQTGStJbMIJLji8c4t8Tf-Py0RPLKCmVEPt0KdPslF2kfr_o2j5GFzP6oF99yGwb9ag9wZvhtQO1ONYm8VrXo2QR0UuGb5zcBffx89-5BKuCsdEJqg1-cbwYlmof_16wCQLYFkOiT9mBLjv6q-Az9OsfpYRGFilgWwaIxz0ZPIkJtJw1gP96Vu4QaVOKjVLi-_TwGfsO-N6DMy8FMZn4Xm4uAfYg90siL0kwZZy5YW_WmuIg7nADjN8x_toU41Ykwi5OWy29lUBs172wbxQ4_INozmi2lILvGHva6aymDdJp_MXfGZMQbr206pw4zZUQD73MiyeHjaga8Q8EPP2lfFBNWIZvUFHWTv8_uteln19xL6UcZOLkDqN4adDZ6sv9f_KfDKhD9ecV7duGFuD4FRFaG5b-hH3eYw2Sw0KfJ_S3t2zzjS9QDp47eyDFAs2QsvUXoM5_Tuu0vzJcf1mg9Pc7_Zm4rCOZN3koYjbUD7DkOgn8lmvVHMW3qCU09dltoqmMJPoiLVfCJ8Co_6wvGpzDnBZRvJrz6QQGMTwOegFirtfjH_VJJjArY7pq89L9-SYBzrSP0ivYLMJTb84yvuW9oQXL7DKLuxr-ob	2025-04-25 06:09:30.728479+05:30	4	1	90	places/littles-adams-peak-view-point.jpg
552	ChIJ-yWeaQlU_joRmXQBrubzZ0E	Muniappar Kovil	Muniappar Kovil	A significant Hindu temple in Jaffna, known for its spiritual atmosphere and religious importance.	9.682234299999998	80.0127557	4.2	5	["hindu_temple", "tourist_attraction", "place_of_worship", "point_of_interest", "establishment"]	\N	2025-04-25 06:18:56.174857+05:30	5	3	90	
553	ChIJc529HgBX_joRmd6Cq2ocPmg	Jaffna Obelisk Lighthouse	Jaffna Lighthouse	A prominent coastal landmark in Jaffna, this obelisk-like structure offers historical significance and scenic views of the surroundings.	9.626926	80.03284	\N	0	["tourist_attraction", "point_of_interest", "establishment"]	\N	2025-04-25 06:19:17.166769+05:30	5	3	60	
508	ChIJrf6kNvJl5DoRrV2VQOFnvvU	waterfall pool	Waterfall Pool	Enjoy a refreshing dip in this natural pool, a popular spot near a beautiful waterfall.	6.863494999999999	81.0443056	4	8	["tourist_attraction", "point_of_interest", "establishment"]	AeeoHcLyw6e9vZt-t-Zos_rDWXdrqR0ZRY1ZLdJTNFFW6wU-g0jjtsh3xLjK30OXSDTAqlQLhtSCv3mm1yvJqjznhMvi119RHvKFFYJyxsVys8bGczIO_axOO6xsPuwDLWDH-YDGyc7Z7Sq6jC3Js8ps599lez98AKM4VTGB9rUnmEnoUPu9wHPKKA2tEXjDQfMvfX6PuRaamGE1FU_mdEgUYrpQBNiPhHzd5tysd1NgATZf2AsJhFna5AaGj0KUaEqc24VFmfHbixOuuBfJcd8ZT7oeIBIus8UP094LAqcOPDuJRC3ZJyjYImRq5FDI22SgB0Yw9AyTMv6gyZ3qqMSJ66d8fZqv6MZZgC9B-OOGfu7CePKGME4CFHuv0Lg0qFdeiIl4ObsuTqrNT7qaek6wAlRvUvdMnpJllIgdV4E0Dx0RQuz1XBldYS1Aa7BpKyTJRIv05TzL7eojEvxxqpBJ3Sf8nBGztnDuRM8189ccpSyMWZu-HrKtowCbZYH89pOcQqJl2FNftk-WBuE5Rv-1CjE6p8JIJyMoiNoc2HsRxgQZBDeJ61mL3r5LA0-XtMiz82KNydtLlT5jSmolJbhutT117934sPLj3muzHDnO3m7GU9H-IVt3g22Rp1D0kVdiW-5wCFX0	2025-04-25 06:09:50.389644+05:30	4	1	90	places/waterfall-pool.jpg
509	ChIJv83LdwBl5DoRE6y6o-rPTbM	Hidden Waterfall	Hidden Waterfall	Discover this beautiful natural waterfall, offering a refreshing escape.	6.869275999999999	81.049616	4	4	["tourist_attraction", "point_of_interest", "establishment"]	AeeoHcLzz5D9E8hUTOCBcYFL82ajj9NU7kRBOrRrjZwMbWKKrBy1a1P-iidL1tTgjoFJnc0o4oLz4o7lW0_7Ohz-K0PCZCZ0IegJ-Cd3XVcX-5EEW7MV2XBTZWo0aWWZZrSnUQ887SparV_fIarda3VwYBO3T402gogYKon9z-MMRTM41_gCmxO2y499VmWZmRfx49e5Nr04VFRG44TP9_hoivyPr13ADY-vmwdzksHXnJSoRGLeOCyK5wc2uw_98sLYeW8I8H7O_q6oHiwNV_HFTUKrEHB91VQSHjgJHNHAKi0_jRlfLMA57ms3yW5fclUdKpkxgbr_MnuUNS8Phlp7bCGdpHP2lwNvhsracGQqif1W5NRGI3z26WxMHKvPWsANu9WwnHr_Td5P87vnZwn38-lTvZ3F47PdZ6DItO8z2gfV9iKPoRJqcI3osE-LmtasfCZi3ezo1FwzRuQsObMem75Cb2VXPvZvoNHm83hFRs2pjuhJWBTsrsbddnNSddYQDZbE-Fqk4UvyE_fMc80uUn8KCwiSPBHeFAdMcRAfWbxOKOeYnJctlpqfssLEAg-DsSHS6FdqLitkE4HKJh6_vSza1TnzDPz_NCTXPegbVVTyAnBMauY3DCaC3RPxOjtm8OXkCg	2025-04-25 06:09:58.786488+05:30	4	1	90	places/hidden-waterfall.jpg
510	ChIJz0InGABl5DoR7uP2TSbkZtQ	Ella foggy road view point	Ella Foggy Road Viewpoint	Take in the scenic views of the misty road and surrounding landscapes from this viewpoint in Ella.	6.869265299999999	81.0499004	\N	0	["tourist_attraction", "point_of_interest", "establishment"]	\N	2025-04-25 06:10:08.616957+05:30	4	1	90	
511	ChIJnR1iCQBl5DoRMMB2nlEAgD8	The wonder view swing ella	Ella Wonder View Swing	Capture unforgettable moments and enjoy stunning panoramic views from this popular swing high above the Ella gap.	6.868939999999999	81.042638	4	4	["tourist_attraction", "point_of_interest", "establishment"]	AeeoHcK2Xo6Z7u6KayBZvSjVCOlod7iRaJNDIFSsWSgoAaBNfg-csIchSihVNbO-iRU5Uh5GPDDAEmfvwZpbia5dk8TsvvBMaQxSwRi_gsvMWohtvaBfQs4wZXr5xvDekLRt_2OVeIEC7dIUp8mpeLvSOnfNVxf1Tgc_jNU0oI4ITzJm96KWNECLYa57x-H-D82PubPvsi2fBQ13SigNVevAr97h6EBINU25esbDbsAvJk9M3pjZlaehLfLMCphUjXwVp_ZF_u9uUJqhxrXvvpD0gWj1N44olBepUg4IziKBKMjh1jbcExByTNHfBNl4jwyVSqM1Fgoif0B8tayX6L1t779DDw70hb1VaBcDQ8J2q5wrgBoZvGbaTTPZyxCHEiAj94M173Lytk8IGOplS_SfdzwmYiQfADga2GoQDTThkGXZH-T1whxejheC6Gt9sIPxWvcq6XaVJHOv0c0rb-9_oZqfVBg6wsC76C4MSmGiyA1gYXul-BaY5oTRY_77twEH88WozDFbZTO01VwB6KFe1sMqeuW9bvMVPjHhwZR6rc6-AdS2w2TlzpKiDIi8osO5arsgjJ1hUOcYOx6kq7J0PA-hDLHz_8Fkbuk0Jj5Kqpj5OQAFEcr1fJh8JX7M-GhofePGoXlM	2025-04-25 06:10:14.357084+05:30	4	1	90	places/the-wonder-view-swing-ella.jpg
512	ChIJo_Ebe1tl5DoRiqw5w3rdOaM	Small rawana waterfall	Small Ravana Waterfall	A picturesque smaller waterfall offering a lovely spot for a quick stop and photos near Ella. Enjoy the natural beauty and sound of cascading water.	6.862608499999999	81.04411379999999	4.3	68	["tourist_attraction", "point_of_interest", "establishment"]	AeeoHcLJidrTZj-6ETNxRY8b1lZPHLngXQ-HLvaoGUKmzpzToLizgsIYA2EkCmNV-mweXxHJsU-DSZVd9b4zu0Y9xt_Rg7HlGKrLju4ctAuUws4rTYQc6MWp-P0wZTY_4PkYwT3MT7sNCvr1WMO9a_6cj_mFQe6U48nyvlY6g73wS0bGQ-Is86EQnGsZ5EARi4VXm6EuaASqVhhTbDylflGMVnDI7pWwSdm7p-WNdas2qUahO5ITYYW2IVlLd2SOR-uOTs076UWW_pYSDhrO9vvJDKhcOjrGj7eSYCsxGboIt0_WMsB7kqFQP1VO8t5Prwngey41hjTh_qRzWA4fEUfGxwBqxbPGwNENUlI2ykO6U1IFaHa76v9o25_4BQfBuPcFCOtsGM1pEXxaWVWC5sf4P7yRVrnoL9wQ3up10f8zJ9mFdQDDvmryCWWO5RxvD9wv3kBmInEj6GXWAZTWaUJRMad8dYPcfA4D2bTFhuDG7euRW-OznH0IukydobAs-UUwDHtMrfy568ZaLXeFWy0MwA7mk1KBDkDQiDwLo8p1HZs_NgjSKSSUGRH1C1FpQ6eKWHbCkzf2X0RuuQQcOeGT0wBNHlL-qmHe-sqgnxEBLAMfqPr5JAUpMuzL87wLwNYUKFs_7Qtu	2025-04-25 06:10:23.356195+05:30	4	1	60	places/small-rawana-waterfall.jpg
513	ChIJk6Socrtl5DoR4NnxYbPPr6c	Kuda Ravana Ella waterfall	Kuda Ravana Ella Waterfall	A smaller, charming waterfall near Ella, offering a peaceful natural escape and photo opportunity.	6.862482099999998	81.04409869999999	4.3	296	["tourist_attraction", "point_of_interest", "establishment"]	AeeoHcJTTbEF6KkqbTkA0sElyC_4bhzhbUOo3EVLEaCi0ATZ_zflPg1sNyZ5QAmt0BgH01pco4vAYkTtoox17SiSCbxBQvBxSO6iqTLCvXVC1RxvzVIrUHJG2Lr1MXtXUWK_uermNNvrgVezz37GQhu-POlGZeI3xPSxiSKN_f8HFkolxp9z6XLcPKmaybUQhCQSD2PgFHOeAOcA4BFt7-vvAnypTbQI74euzgxDAQYqTCFV-vZ-6j-A67W1O0WV8FYdfgJPfha6AZMiLROXwcLtc0wZNRMC3zW4wkIf-xVqkUMFixIYRXXjmK2pjW-QHjIIqiWIPTRLSFonfiF9jT_UkiGKPcOkU3mV1QNYwdJOPpH8M8ceGjx6a4FxElkzEfd4QgtOUKIqqp9AvgoiyKmR1Q5ky17ZXYhpD8Bc1ycQg3fGSLf4bBjfFKeZg8Gr3YwgWz1vmKlc3DVZPr6tVD1C0k3jNnSvbab5VlN7hzAhoKx9r3E9lSgaIXqA7-XI1u4iHm_ICBYN1vLsznx6gv4GJW5l9TSVSbJFKccBxjPqZbe0O-_ypzY6aPA7LTl8Ek9zxCx1Xlho0uSd1oZKWlnD_T3D6hUc0gMSg8TUDQJFx-i8upSWis7B0AspTgYvVjKArmViY_CW	2025-04-25 06:10:30.325453+05:30	4	1	75	places/kuda-ravana-ella-waterfall.jpg
564	ChIJ4-cs_M75_joRq4jtQWwEUXw	Neithal Liberty Statue	Neithal Liberty Statue	A prominent landmark in Jaffna, the Neithal Liberty Statue symbolizes freedom and stands as a significant point of interest.	9.643689199999999	80.1009512	\N	0	["tourist_attraction", "point_of_interest", "establishment"]	\N	2025-04-25 06:21:29.364173+05:30	5	3	60	
565	ChIJG2B2sKH5_joR_TWO9i7bUXY	Neithal Taj Mahal	Neithal Taj Mahal	A unique attraction in Jaffna inspired by the famous Taj Mahal, offering a distinct sight for visitors.	9.6457336	80.1020147	4	5	["tourist_attraction", "point_of_interest", "establishment"]	AeeoHcLkN7k0_cVZSw7al3zfdRBH6didhUJDdQ6iTfXLOFfUTs9Ywg_LAGEVTpfHWkzpE0JnK2133Q2rE1aRXw72fNilqt5_-f16J8sur9RBxdtfdloa263zJDsrle_Hsral76mbkH9tTQlx1PUOoqjSgBKD96Tp-a-_VauO3aH5rpt7woA2gvzsh2cjdcOAfFm7F1rUov3aX7fNSXCLC3Sxr81yCjSBH9r1ZiXhEuhiT53yowvAFL3lQbBuNNj_tXNML2mrdnoCpWaE0PFrLwO8VwBtYWdOye3CMSWYGryyo91jb0S9a03KEA12ulp6cNL4yR9N1-EJZ900VBO5xeuCw6_qBLe7xZbn8lk0RNW0tewziPkPzZeqzmw21wyLqW8Vm2RFVSF7-SG3baZ9HnhBVWeCBsCjOys1T4JIx_WCWamNOChbPihpSMOlTAIpFcEbF3LEjdkwcsiixy_kBlA6be9uVl5xDbuCkTMU7SfZUbMG2XM86NiXXcYCIaLfcByeffhl4PysuxkUMoDNCcHumvbdtMFBw2yx7_rVl22WDrOvDrNp8rvPu4S1EDg91P1hg3aYJ8OH7gHuU7P80NFa4aJB9kmOVwMwTeQCOw03NAcwTPas-AkZeocuE4rZiXDc	2025-04-25 06:21:35.918045+05:30	5	3	90	places/neithal-taj-mahal.jpg
515	ChIJ_VhrnHll5DoRcTxJNUgAvPw	Agro Tourism Farm	Agro Tourism Farm	Explore local agriculture and experience farm life in Ella. A great way to connect with nature and learn about farming practices.	6.862408500000001	81.04372459999999	5	1	["tourist_attraction", "point_of_interest", "establishment"]	AeeoHcKQnKSGwmEOm3yu14FWBgSe8yNJgKD3DtAj1l6WMnL8uyuyLPwJb5ecELcB5LDMwF7F88YBfkL4YI1m5z2SYopS6W0s-cCp8AqkooewIUJwFp3TIpMuCNEOS3CMbhV-a9U9QzxE_4otBqqWoDcKao7HjHSxjN15-AykmCnzjjoKv_WcWlE7in1Pm8-zP9vwf9a4P6XRUACLS-43aNgPJGi9pjDFX1daP9yZTV0xMjxuvkyuj06d-etDqveN_rwBaTpdAZ8jeTv30dYLsbRXygqKwsolZuyUUFL3araMwq8zE1BvPOeyfytyYvP904zuHW1dd_d_OE45XyNXBsTKX0buel7SJGQ_tZE4qmYYwOP5lpCL5hO8kfvEoRhGjYk2DNZcONkeS6CcETF0bwL8y6h5ZJ0TMvU1fKhJzY-EEYWEzgrE3WjNSIAaYgzIQ61IwgCrHCysbMMEA6hn2TxsWCAl6lvGecJaxyi2lhWBiQMzGzShuuHgWhDILd7uQTsZ_E3uFx79ndX27AyCs2TWrTxLWI5hrFID1Bwav8PV1DDGj14vP9dY1UwodfqA1NsXJqpR54Rjqv5yL8fKhMmGJAaSiZFu2xJl-B-ECoInbNb8k5TYeI93YqcjDrb-b78QeYnQtg	2025-04-25 06:10:48.961636+05:30	4	1	120	places/agro-tourism-farm.jpg
516	ChIJCRLeq95l5DoRSlUC1Wz_xSI	Cozy view point	Cozy View Point	Enjoy a relaxing moment and admire the scenic views from this cozy viewpoint.	6.8621805	81.0429635	\N	0	["tourist_attraction", "point_of_interest", "establishment"]	AeeoHcIq20RbDKXit0xAfPC-kaF-IPWect2qIDCuQSFvoNpNDHNXXCp_6hq9qp01cLDedHtW5pO1Jbbg1n2Ml77nLOvHTpgRiVCvaWuswlBWidaZHs2hBQMaBBGs3nHqNpaBgROPkOkGnuFu63jyAVx0S8hcUJ3tBo-wwxBgt829yURW3e2Caq0r8EJ56vG1fxxf5xaxfzsFOZjAoW_0z-gWU6_Twf71YdLX-AE9okxf_eEiwdCg3HyCDzA4SXL6SWcU3jbKcGcm9dt_hKivLZ7CmsBiSQSSRAl0FCAkWlf8VlPVz4ksI_5Swk9zgasKmuy0jUn0aFvSTCTByUjl1kix7xgT0AVgKk_1fsgIofw1CDrgV_Nk1WzDoeMx_9uzFKIfLR4HLYaiHBQoTWScXF142xOXqGwDafy4eb7OWg2X4P03EIVMti6CjYl4ZqY6zzPXWY7-q9a8ad5RmDam3t2lsqyHV6bC4w31_oDEEoWnnMNhTVVSO7E2j1F5lXsAVHdhLRnYA37jVZ5LAUdL-7Zz_QRj_WxP3ySCZZ1Omh5KSMhcCLBtEX0hnzQUn5R06P3tZOM1BZcj6crnevXU4p_4EXYbldGJtplrYcmPAon7uj8Pas-KUqIb_4c4clVXTPPLwlUih3Mq	2025-04-25 06:11:05.55093+05:30	4	1	75	places/cozy-view-point.jpg
517	ChIJb1H1UIZl5DoRxA-YvrygD5Q	Brother's Waterfall	Brother's Waterfall	A picturesque waterfall near Ella, offering a refreshing stop and beautiful views amidst lush greenery.	6.865574800000001	81.05248259999999	4	5	["tourist_attraction", "point_of_interest", "establishment"]	AeeoHcInfBqkWSSV07K4mOyeZd9iD5lvKS3cm99Xf06img4YRlJf2P9oakfxFc-MOaQjVvh89w0Q8_LjuzWWwfqnohVXyCTxT8HXWCisGSKQcvW-NwrP-LwwDIWU0xCaVXaOKKH0_lx_UrN1OAoBTdz-nzGAxatTPV0JzTHmj0EUXxNOXauh8TGLF3kYCkqvZ6VF_7KQ6JhCMSJDoDZ1Ko_BpaDAOxqUB6Xos6MJTvIlnd5GYhxL41X57GbDHRisXVwvkA6nmAwRj1vG1CrP1Ddi9BgCGJ6Xukn0SEDHuy5WokWbL6FF_l6q4jznUlBb6u86UJ0vXA5zojKUfQ7j6a-HZhTokbth1wQ7mKTVuEzm30PAU8eGV-oHEobydL-pQy_XcQy5LsYDBxHDS9qv2AMOh-IHj24BBBCbrr9HoSFfMyvE52nD1yOssHh7Muki23ZOESoKcBv1SjQ-x9IgqDU7L1kf-TkChbAV9xkgF-nSFJu1kZUqh4NKlQrr0KGvlga7qLAi4wOcuvAvS13xR_x31o7qJXXRqBRkFqcTk_mU5hCm8tjYlkp4335Kw6a6dCspXafCxLZfValLzMCvMc-_OJCtu_RBFizqZnJZJlewlwWjFO1A8s_czgkTqCxNmqoaLCtU7A	2025-04-25 06:11:12.922812+05:30	4	1	60	places/brothers-waterfall.jpg
518	ChIJn5v2bABl5DoRBJsXqrFkXAQ	Kithalella swimming bath	Kithalella Swimming Bath	Enjoy a refreshing swim and relax in the natural waters of Kithalella Swimming Bath.	6.8612098	81.04368099999999	5	3	["tourist_attraction", "point_of_interest", "establishment"]	AeeoHcLXrzR4B1GTyvNuGtKM36FluV6RKcQvede74x4SmSNOhhef9leX5WQvTNpu4Q409QMaG6kAejZM-Yd5SYuv78C36k7mwVDQIlCXREKFvNPMNgCKaHo5VZf5Dv8BhP3YBBzIVJ3wpx_eTONm-9q-_UTM47k8aJTTCBzsbMT0Bn-QNXAhEbuQaMBwQ0LVXRxt2VuzItIenX8zYkoCzJTfiUi81gaQCJf4Wm6YXY8PX42rCPyLhtI0XHozwP4iP8EY1NFJRbraxBbJ9vv7js_xPIuDploiEMQfZTI-g9GsEPgnkBpY_AAYOI5zO9QDtRoL5MI6C9jbm1ydRcRrtGE7306V3EwbcXomYsbxm3GOWpjfYlUWoudiAINlTlpD4qA6auAMk3vvkjnWtTjV0D3xtZ4uohhmOZkmyjZbhvgm8ZoLAvu2CdxlKNIPfEOpGUqqX9_Hoxn3RDD7PYBSH54_E_-EVTeV8Pq6vDp4o59bbHMAwDVQzOrBmKND5kM-8jV2NV9cgF-rgYDHL2DcKvF5AMDAkiPxi__-p5zkN4uZST7RJ5fdakser_ACZNYsN8Z0TdvGXiTvkQ03rcwvyAxFD9F_g0WWesSjUzPD_mS6m5plqVO_PS8R_5kmlzgFnF3Q0XCWj0x4P0HA0eS_0Ck22zjPn6Y	2025-04-25 06:11:21.934049+05:30	4	2	90	places/kithalella-swimming-bath.jpg
519	ChIJ55yFWgBl5DoRT6y5tW-Ce1I	Kuda Ravana Ella Waterfall View Point	Kuda Ravana Ella Waterfall Viewpoint	Enjoy panoramic views of the beautiful Kuda Ravana Ella waterfall and the surrounding landscape from this scenic viewpoint.	6.8687097	81.0401224	5	1	["tourist_attraction", "point_of_interest", "establishment"]	AeeoHcKg6oWHxV6f606KBWldGGDJwTxSa5PNwXZXCJbmF_qK_3oota8IAXjZwW7pWMEUAnw3XqP8MeRIkUsbiyWEWbZ4j9FequsKJHNFCR-T34gPikwUeBvWUzKy14oC_QfJQQGZuOdeniXb4jG04qp4Hj1BvYxSt4Nqu0QcreHYF2dJVR9_0N3tBLNRcYiQaQJGt0c5kNxyZVky4mbaYSnNjdUnhYVYKLhP4Q69WxeCUq4Ch9hLWTT8CBw_ZIh6SlVI81JgtSUhHQBaOe5xR9OrSyBqb1tye263V6SVGpciB8P089WhBC6Or5PRazpaPZYBkaQSnCvnY5z7qHqJrDVx_nVC4vLIoxJLTXNKrCYBBYPdUvWOenhpETh4nkLu3-Q6h2XQtWIG3vfFgFG2KdmbKX_xN_Il_Tf9C2X2gUiTGTo3VAMd-Y4DVYisuDUh5V4slCy03-TQgiWnkj-4gA3tnFRe6gP6QIy03efg-Er68-1T9BBF6uZvet6ztSpJy9P4TC0JMWNy2HluI4HlNpm4D4Db1YGLkMwVfbTmZWcqqTVhmI8i4n_1Qmuo0PS9OVFTnYVvNNic9UAVdKgzL-LIitUNw3EsZjSj_KJlyFnFh3AG3bEjGclf50r9N1LyCmDNjadq0w	2025-04-25 06:11:31.968819+05:30	4	1	90	places/kuda-ravana-ella-waterfall-view-point.jpg
566	ChIJz8zKCRr5_joRhRpD40GAb_Y	Neithal Boating	Neithal Boating	Enjoy a relaxing boating experience on the waters around Neithal.	9.645230499999998	80.1021257	\N	0	["tourist_attraction", "point_of_interest", "establishment"]	\N	2025-04-25 06:21:42.676114+05:30	5	1	90	
567	ChIJ9YvHrx75_joRIJU3iT16d7k	Neithal Archery	Neithal Archery	Try your hand at archery at Neithal Archery. Enjoy a fun and active experience.	9.645667499999998	80.10252640000002	\N	0	["tourist_attraction", "point_of_interest", "establishment"]	\N	2025-04-25 06:21:48.206099+05:30	5	1	60	
520	ChIJ358tTwBl5DoRCK7ytcUTUTw	Viewpoint Elva	Viewpoint Elva	Enjoy breathtaking panoramic views of Ella's stunning landscapes from this elevated viewpoint.	6.870798199999999	81.0529299	\N	0	["tourist_attraction", "point_of_interest", "establishment"]	AeeoHcJ8_sWaugpvNtFjUe0K_KznyMWoRwjwDrd-IKpQUJP2D1uVJtNbNdiwfLTe8_0ozWdxc_kE7-j_mIQazEwt7thr6XYTXlYCdhpYL9j8xTut7RH2yX0tNCfqBTUq3Qob93dkXB4KJKYJPwE5g9MPzrNDYSUHop6e8SpJrsJTddgshe7dB8kSjDu0HtIc_yQUP8sbttN0K0gCYEaBZ4HQlnB_uVbztGPJXP85GliU0XsfgOITyqv8hWELZnlqShnlffUwKXv3Sfxk9jzIQBZaE1q_MJVzBQ03R8ntm4yyXD81EwL9cBuOiaElJu60R-NlYNsbd4-VIZnrpShFl8vnrz7iFSXO8BVoAj9Q4WiktHhntAefkwfbBw91qnx6vi975uzOvGdzZPBG3bdT3v6Xu60_fk0cgmQ24E5TyT1jG_sNxUBSiHDp7IQs69EArNmeHn6JY_rLhWZpokKM4KTUnoWKAgAKi_KHB7Ay1fdUtVYp6uJ0DQpKTk3FMdfgQm9eE_ziefIs2a5YmBI3RWj5cUvyGLY80buX8ElTIdXiSD2mJSyz7n5z-C_XYYkxYbRvG7d4lxIeXxNDP2HtkMRTTo0iLQ2S_XTSKZDz6Qy3IBM-NP_0Y3TRyzoNLyLnu4jG3yvAzuSN	2025-04-25 06:11:58.797036+05:30	4	1	90	places/viewpoint-elva.jpg
521	ChIJk_y_agBl5DoRjMhVEPaDRxg	Hills view point	Hills Viewpoint	Enjoy panoramic views of the lush green hills surrounding Ella from this scenic viewpoint.	6.864700999999999	81.0538831	\N	0	["tourist_attraction", "point_of_interest", "establishment"]	\N	2025-04-25 06:12:07.603383+05:30	4	1	60	
522	ChIJf_0Lropl5DoR4UeBSdpJeGE	Ella Viewpoint and Camping	Ella Viewpoint	Enjoy panoramic views of Ella's stunning landscapes from this popular viewpoint, which also offers camping facilities.	6.8590524	81.0499926	5	5	["tourist_attraction", "point_of_interest", "establishment"]	AeeoHcJVG63ywVQet9Nty1EARCaHzzGRiMqCy7llmHGRR4Ecaz3scgJL3B5YQkR-iWzSXu0oWXWvdrxgz613eAQS3FMoStpwH3YjhmoYRbuKvQ76pt3qCXMJ6xd8fG1P4Gce_rOWisSZfRALkaZHHwWn5o7hFNh9a1tA3RIqmeZPOi8we_UYliuF3hRfxncBSxSES9-AbWQvlw53b73yC0_Yw7Dbd56ve5yeTvIU3ISpmUDa3fQbFp63vKVGJ5tnJFwTppap6UqT97mUj5GnTlZGmM4iN6AN1iyKiep36IMvxcDwKVzaVYGp0nmvu0L17ue5qimzvkRXPWnQ5TMlrmfOjMqYz4E5MKPxzG0FlVY3ME9RBECAtrI4lFy3baoK9eZPc6PhUGgI_MmPca2DGY86whaxVBb_1eTcwJKDZ4-Zqs93ewZPRkz8gQfRkGpj049EIOnaStY2J-lnkzqZrc8kI2rnwHxs6o8Vk3ciA2B1_IIgi_hUFu7k-eXPQo_ZQX5NzsG9sBgkA0Src-S77JK20YmrGBux6t4_FbpRJ1eU2zGyVw0u1mCWkNwuOpiu4ylQMYq5CVMaAbMYR7wFptDOUnLYgm6oKHXQqmDH8B2h-mjt7v_-V6OeuXLSiZlgaGh-pMP8aw	2025-04-25 06:12:26.448848+05:30	4	1	90	places/ella-viewpoint-and-camping.jpg
523	ChIJnWx4AZhl5DoRrzo0tVTuyJw	Ella Rock Trailhead	Ella Rock Trailhead	This is the starting point for the popular and scenic hike up to Ella Rock, offering incredible panoramic views of the surrounding landscape.	6.8578491	81.04402259999999	4.6	440	["tourist_attraction", "park", "point_of_interest", "establishment"]	AeeoHcJSn0zypVM9m25xQ3ktlpP5EkXreRk42J1tm52ARk2KoJUhXGtm4ND4ClgG4dYSGZ7m3AV76uwKY3gL1smq57EoLOC1ARVqKpLuOBmLA8oVNvHcdJxyJJYgx7jt8Z2S13E-Kl6p_uswiCa3AbIxc5DDhsFlZuceVj2qgOp4Igm8DYyzTzchcq6xfBS1W-7zl0RS9GUag2VroX9TBtibKV5s-uMvscY7k9WjsbAczyANTuXU5zqnWU5BI7NG0Tyr47ltRsEXMTrCM5LRXFroPDH_5ZXm23A1ogN_KMA8C6vWcEn2mVnvHenT7usj-xgCwekcTGVOP6LqWPFWiBgAkZ1JCM1Q7bStTZrBPzb6cWgH4WJdPSPKA8ZIuf7hEE3gOwHIiHR32HVdA3aO7-EISO1wfBhNhvVFI-n8iwOOaTT78KGy3V0M8-XFRpRX7kVOAYkUCZ9LOml1Yac2yzwmsfX8ICALvK8dmkG-hYzyMsehTPcNWgWJ2ED8RHjNqsv7UCqgOSNIKvPvxwiHDc55nbmxiovHfJBuk6fNaxAF8z92i0jJoLlgQ1mhHWsRGr4mQcuk53CSj7Df-oXw31YrTIxQY680qrGRwbWg4f38cD92-S7NMtJBsoJKnq5-ehlO2Ri9vw	2025-04-25 06:12:44.050898+05:30	4	1	180	places/ella-rock-trailhead.jpg
524	ChIJaSOsTrll5DoR6uicpNVNL8Y	View point (tea land)	Tea Land View Point	Enjoy breathtaking panoramic views of the lush green tea plantations and surrounding landscapes from this stunning vantage point.	6.8762875	81.04597930000001	4.9	14	["tourist_attraction", "point_of_interest", "establishment"]	AeeoHcKUStRIMVFm0S3P068AiAnhb2CqMWm3m_MHYymsUA39lpnMDmbKtNy75wPtL42DNpJxCn7CWQgb0RuW04VxdE4RBR2Vy1bq5FR8mflNUFlMnll7ZVd2hMyiBPysJilGGlYatskSDL3LBU-xYKgO0kVPMKBSoj7QYHFx5DgAvOng_RpLfWEo8esTpIKc7liebwzfwMEXxZ3jxEuj7QquNu_vJV-W_sUDG7qlmstcBsp_jmEWE9O8qa-llDToVgfaqnKGyBWan_QNBYZ4MqVR_7cb1iQxBgs89iB6mdRNswjbblKx_Yn4-YtmVKURF1w5Z8551JTKmekS6VF37gh09TmtocV791QA9Us7iUqvd-YMOBiRjoxn7KbIorT50-HT9U5sb7N94ilZw3TouIH9DPwx7v6IguqwGmOZZLZwmCpOYIgRZpp-8-ofQSuBjMHzlCPMKCcTqTeEB1kOyABvDuTwmxD8tg-yVWybvBfKbq7Rsn-4Peh4rE3Ws54gaZykGIjWj74Pd8SxjFf_XUnBJL7nLxmVT9CUOQAUd1yy-EuzTbhXyJ0qgvba86ZsgTdBDl8EnJt5dbKPXSjPpCq1s693IbnV3_e2M2r8ufJsBSTaQ5ivgm0ojikwXNYpO91OIZJpQA	2025-04-25 06:12:52.248691+05:30	4	2	90	places/view-point-tea-land.jpg
525	ChIJG-V0cwBl5DoR2eWrcIuI94g	Ella signal	Ella Signal Viewpoint	A viewpoint offering glimpses of the famous railway and surrounding landscapes near Ella.	6.873537	81.0537879	\N	0	["tourist_attraction", "point_of_interest", "establishment"]	\N	2025-04-25 06:13:04.946626+05:30	4	1	60	
526	ChIJExGNRUFl5DoRdEx3wvYJu_I	Nine Arches Bridge Path	Nine Arches Bridge Path	Follow this scenic path to reach viewpoints offering stunning perspectives of the famous Nine Arches Bridge nestled amongst lush greenery.	6.872510799999999	81.056343	4.7	1297	["tourist_attraction", "park", "point_of_interest", "establishment"]	AeeoHcKfqZ8ZQhfr6CklTmV1vFFxTTUyeSH1aAAouGeKunFNygJwHDu-Mtn-02kxmISJuF9_nFcSlbUqkmylJTOl6FZP4FVL0LOMkGSAjJlSFh0QSD1pUj-gPcTBhfFE3CWxRmPFYc6vKRctYPydt_iglmzN-565a_qbOtTcv7hDqPFSyY-xPUHccNiQywmd7Mk071unPKU5k6jHskGMohtKgAxhMcMupsTHNrWREi3T77nTkqvQ-WiKAL_alaXFnu6aagcL4fmY6HhYxx-OvMZTR2SZFy92ia7N3WQhKPjjjUwEF1Sw-BrsRaFmTqQh_o1f_3dBSKCwJ5-YiSU8jkgb5lHrY9W4cPlEl2xDmPgtjYHG5_cgInbbTOH9YhxtxbYKq5TTqyp-ZoqQ-OypxovuVgxb4UGJwk2tbkb8J593n5LtFsAmBftLEOw4zhwEuJ50SP6TEiSDjDC0lX4WEoMYBoXyLR9imSNTISLIavm7x0osxgY6Z_Vq4yAKMZnVacxfVjRygbtWvq8RUeFZXNYMo90ASQymTHfR5Suw_820n0X-v8kkdc5gMBhgXvPGgkdEqUXfQ7RK0hMxSIe7MCYzqd8fPFsULa3RGGT2iRtqO92EmWHiWo9QGn1Y7wr2bIAs5PsBjFZ4	2025-04-25 06:13:14.124751+05:30	4	1	90	places/nine-arches-bridge-path.jpg
527	ChIJCb85fuVl5DoR6OTTRESp1Bc	Ravana View Point	Ravana View Point	Enjoy breathtaking panoramic views of the Ella Gap, Ella Rock, and surrounding valleys from this popular vantage point.	6.8657349	81.0582129	4.2	10	["tourist_attraction", "point_of_interest", "establishment"]	AeeoHcJSv2pgFKQnlmfoHJfwcpzbNFpvoessG-dBAbTurQHMW5dkwVqT4sSwpyYFGWcjfW4doJxenHFU1JrUUVwHIB4w1HkevQWRY-LStLbdkYk8HVJCsmFitYE1ESboty-ZOXFMXT46XbCPD6UURK8xvFuiT5Kk9EIFeyaJtEh7uGGHSpgJjyC0qyif_psN3UGV29eO7oFywfGMklGkbDnXo5RoYvKiS7F1EBy5nvro5c1edJDLCnR4h9m5sJbw9z6TDLxwrfP2Ccnlnub8XAqDvZZF1ZoOPwFvFZ1HvP7EfOOchacbuWPEDWp7-REqNnNBDbHss2iy7a_rkw2yXMGfmbyEQDrC9J52bkecYYbINQwsUHub4rZVbO6WhAUtFNsn2qHGdqL0QRYJI3B8FhGUfaUSILvlL1ghrZXXdlMnTh4zZTHmhBdL-9suWtWKPd2MoMtId3sbVJb5XA8fqMgKYaJUxGN2PtB06yuSGRwjaRSFON-9N82sR9LZsal_c1KPMvjVCaOZZy2hf2ghicYRzkJovmngEXNAmQxY-AvKXYJeRDCzjYSljq3mbomRW6VHVHKymq66vuUZzKNw3b9YDB8svdZegvB0DkLJe6w92yurZOtbLGuEje3-6q5JQTeAFGQC-28E	2025-04-25 06:13:19.96703+05:30	4	1	75	places/ravana-view-point.jpg
528	ChIJB9-D1uhl5DoRKKzVDr616js	Stump of Good Faith	Stump of Good Faith	Enjoy panoramic views of the surrounding mountains and landscapes from this unique viewpoint.	6.8559057	81.0512103	4.3	13	["tourist_attraction", "point_of_interest", "establishment"]	AeeoHcLgXMwDH1lfKi4MrcwPyHihmlf2yhP3nIy26IIrHuaBG-aG5FCWRbrf2o-08EQmeLNva4MwZmiYB-FwKKZKpiF2sdq438D_qe7PgxZm4PCwpmwMDIFHr7vDYDW_dREmWe9zv06AM2GiJkI-8rydsEV-3kcBI6c-H9EDirpMvfhmvJyHvh8WtQfBRHwhngq-rqhJ8UeTrkP_DCToGvTBxV0hKkaPPWBJZrMxL3XUQAw-AmkQkaMfHBxQUqdzr7OW_ByuTJDjRcbv3iBXUqRLE6UbQHcCnFMhOS1cYKlGkhA0UUtayYzZmTjj1DOrdXV2Jy7Tgdslchf1-GBkM4EA1G5Pcn7-iaVRGMA46nqcYzjN-ob3E2Zm1ed0UMZdpBZtAzgdmD-uUIrBwAzJQrZSDbwftpUgR33BBH70kgMlphyJSn5OSEAtp8t2o15l7cUlW-MZG4xi1P26EXVBspKa4Gn81eNnjmdkaGzUylg80bQnd_w7fX2BN90nrUQdd234tAOCaOAOpzwcWtZZ6zsr3FCyx727bTx0scYdtIYSSkj9jS8BcTGZRcD5EaCfBPhQVJ7YUogOAR-tSrfqDgpBRKWnRCXDhjcjlbEoIPGLs9M-mTxgWKQvJPxRYQErwAxP	2025-04-25 06:13:27.270089+05:30	4	1	60	places/stump-of-good-faith.jpg
543	ChIJk15UMS9X_joRyhqbVx-y7KE	Beach Road Jaffna	Jaffna Beach Road	A scenic road in Jaffna providing access to the beach and coastal views.	9.657697200000001	80.0135638	\N	0	["tourist_attraction", "point_of_interest", "establishment"]	AeeoHcIgOa3b_RLWGOn1E35bCvwz9t7DGgvEoL150s_4dRrxGqjChmITCJTRwBWJnhy_qtL_bt5njsAqylhK0PzWxs0dEEZHDzHLjWghIPBMYC3Fx7YfKr3J0Gpp8NrM8DiA-nU6eoVYNjtTtO_1YboAIq8nhJ9oT_bGJ0wjEEHKghpBPn6895qPGJ1xw-aYrFwv2rw7yAcp4_5hAqOjWql6noEQbTPALSvo2dActVLG3FwTbs6ifplib9NL8WHWVyRdWo2YN_YjKBesjAdHZxv5bMIi0NHLJPS3q-MV9bkyUUB2-eQf2nesxp4U3mlcti1jPwFYkpVylqddBpz-qCwYPa9U51BlCkrWWudJnVgrxZ6sthdLgCu8fp6sJiAczoCPXCmHTLyFYyY02P0n4dSEMys5JjAyGRcxldo-xneQueQyTqDIhw09wI3igbzIWKlgqaBVA39BkN_8oDIp8Ck7EH7d8_MLfizY1uJwurlPLOJlxmBN158GvXYrv-YILVhqeKsrgmsf-DJ6dHMWp7Un67JUu64Lq1il4DUgxok_5aURlhvbinSae73pwueWblp4mk4H8Jxvaxz64QwOHs4qkcfOciSOSPbRwXbtNi1GyMtOYKtM-XRirGwxWqr6pZLr	2025-04-25 06:17:03.945167+05:30	5	2	60	places/beach-road-jaffna.jpg
544	ChIJ34Eh1c1X_joRmvAy0Rz9KNg	Indian caltural center	Indian Cultural Center	Explore the rich tapestry of Indian culture through exhibitions and events at this local center.	9.6627631	80.0123086	4	2	["tourist_attraction", "point_of_interest", "establishment"]	AeeoHcKy_AznXTmLgVEW4pSBVrhyWV5Fr-_DEeXvb5rdtDNUXljKtZk2H5WwiSHXfommTKRe73iMfDW9j6FCfvD4fbzg4OGPIgdLqHeOxq8IKq-aHl0EkyhJtj1hRtbiTkKMicRWtRhAIThXY4nuvOcRPqa4rGqZ67yN_z-eeKL6Mg1X6zKq9Ze4hm4Mb9pL7Q9i3lfRH4_60WViW7ioWVoJjyXkfCRteDuyUay5ANuZUQIxgNj-ktVb5qe1rCLtRikCmGpPvymgjWDWqViSCgbe8PnMspLOy3p_bMEIYMKVU8Hnpp6TrsB7rhPseozWsibcsWfU5t2L0JsUszDjyxXPW1H8_sjWkmmkkppVObQi8UwQisngtiRPobNn4YxxkDwENPJu7RjpXgCwAJT67dHO1WxDsBLdy4SrlXBOdeyTwOtnpJ61nk8Iz4vXeuWDjWgR8yFM6gptJcgRYbl6nX0KQcQK5p3-6lT8Np31_yGyCQeGQB2HQwUoxyBUVmqQhS3-XO_yLDTM9qddY80NM8xq32Q8npRzV2fd0YwXA7PlWPD4mXhSCyWyObI0FVQp_WvKDDfAH5flym99TspUXnOks5B5v4_pSASFTgBh1jGd6ixtsJ9dI95h8bui9puky8tm	2025-04-25 06:17:09.673432+05:30	5	3	90	places/indian-caltural-center.jpg
545	ChIJPwNT7FlV_joRmbVsuxZE5A4	Selfie Point	Selfie Point	A popular spot perfect for capturing memorable photos with a scenic backdrop in Jaffna.	9.667305700000002	80.01071569999999	4.7	3	["tourist_attraction", "point_of_interest", "establishment"]	AeeoHcIerhbwBzOwCARLOkleDAZxi5CKe8-xxELFHY_ICxuCgjeR0QFqYm1hO59tM9MukRK8PlLrlUzXCtXNIaVBotrhXukai8enNVXJGNcI7t5klIZf6U-34qwrF6pxZCIq7upvKAyyb5JxyIYAvXVBDy_5_y5AGI1Pk2NNnoVWG4uxlW_ZMgWmbYEtynSu_q0Ev5Rl2C9_QhJrF9fXzVZBf7dpB_nZ7QpiPy9wgn92eJCk8O3yM_sla8765mWv-GR6goUdIi5hTogYEuij15yH8DUJykH7MuKOqh_GSy_2cfV9ALR9Qh-CCXxnJzbFDUwKny1Uw0wsvwT5fFdU0r0dSGVkyuaAPisDMATZmyLUDDhrcGsGt0fx02sHMGV4eBc9_1NKENc9BHnPlCbEJ1CdoYACWYgyV7Paocl1XTCvtM4OPNTq01z2LfL8SevgiYkSb0Ja0osXCU5bQ7ydN0vL6wXGc8wrRZnJndrwFKyOsXYiZ5dm3c-Jt7cozup9v7AYed4iVeudUl-GgZu9kcrOxMnx7pjsIZ7t7KZggil-nOoFyChwPOEEU_67r91kAf4FI-R5JqZ9fXN7FxMr0Ep5YBF8w85xRzxijwfJ3mJHzKnSd0zA64pcRRSrycW5hmME7T53bQ	2025-04-25 06:17:26.882545+05:30	5	2	60	places/selfie-point.jpg
546	ChIJ3zgUFwBU_joRQPU_VWzmdF8	Jaffna Market	Jaffna Market	Experience the vibrant local life and find unique goods at Jaffna Market.	9.667351	80.0098731	4.1	2827	["tourist_attraction", "point_of_interest", "establishment"]	AeeoHcKUb22BsciNABTtZ6uWZTPUqMVyNGdzFTthXD1f9FkHeAPHkmr_IVTkz5hyxnWkX0gIo9gIt7ZZnjmsOJlTal8ZK_MSG4P_uuVyDlMguq6zEKLaxR_UHzaUAX95QRsdCxSeV-FHMPiVlpUHRjXFPoenswd4qFXK45z42tzA2TgrHDTb1W3dFBKcCxm9zs1n7Vz8SPVBpne2HOV-h2oIT2zhirZ9F4J-oVCYgFDkoJtRpr3x1zQIAdBtU01Wj6LJjk9MiGDSkhgnLTps7cs-zlIADtW08w6RzAbY5_D9u57rckWzdAvdJ69OBBFNn8gBBvtmyW6vQzZ7lBsvnZKv6X2HiBbl09wz1r4CeAv9aGgGzKCZyd90cCHkuduLT78pElSQFWvCKNtoMMDQuUMQ6DqCyF4FWyf1hEyNkpUlgZxlAuBpxIce1tsEYPaMewZ_JxoAwfC2d7QPvujqip9rEicFai0t0d2V-5D4vwXIHaMjvR_SqAZYdOaNhChUFEjFaSsRFjDacud4NYNdUa-oVAP1HiUeDjbJXo02hq6MQOgoCbgF_tHtlhAzEzMYylJKM1UencYQuB8o_TyEY5N5cJ6Nf2gmBh7MNpsLnxhF9bGlwqKEc1M4pQ7g5af3lDXheFV28w	2025-04-25 06:17:51.868186+05:30	5	3	90	places/jaffna-market.jpg
529	ChIJGbLM7FJl5DoRbWIGTDMh9qA	The Bridge of St Francis	The Bridge of St Francis	A picturesque bridge offering scenic views of the surrounding landscape, perfect for a brief stop and photos.	6.8733612	81.05693339999999	4.3	12	["tourist_attraction", "point_of_interest", "establishment"]	AeeoHcLKe87rg8b59ACjY6ZQoK5Mx_cJ8kx2Dy0yzJmZn4qaHnJSq9u3Zf5KSO6lyAVBjSER90hyE7K5S_bW4Rh3yGU8M4uf5xzjmEUZJWISBXC11zvrO9j6HV2BSTw8qjUcPfzeOTMq_hd4i5Gaf0nYktYrppIFIXY5RVrpnLaL3e3BDjMrh_3ow0zKq4fWZwNV9nzp2HqRFdrReftdV5gbOJ33jSTTLUAssYcsJoj46fubudBHK-sHEta0qd_SZ6_ar1fx5JyxqW_fv2V2ymiPil5bjRYcnQJVboBteEWJllWwBD2D_q4Kb4yd3-WGHRbB0k-jLg0swac2iG0-3pIsSM2c4R858ksHSTgfwsynSukp4SRS8dYCoegEEZvtuUByP0i-o2iGlNXN9KinbiSmKyeZh1_PKphw3_HmrN3COVCkr11gD_0rk-28e5CsAwA2iuNWO6wkgEtAdct92A4x3zCK-e3gIpsE6y_Gy1bxU1OrWHf_9y5SjhEJ3hhpTDCyEiWQL_v3xSWJPvLgJdM0vQ0qY9_Josxv7JFEj8iQy3jB7Y01ed5wezprBVrrxn2nlbalysPZzJGXP3IcVBzrJRLI-vTWu_zwnhK872S0v2xcct3xffVHTXc14oX-GhzEetLXWVVrlCTVjhPkosR0qAD8ll4	2025-04-25 06:13:41.093335+05:30	4	2	60	places/the-bridge-of-st-francis.jpg
530	ChIJ6y8i7-Jl5DoRgNYaSP21OEw	Ella Rock View Point	Ella Rock Viewpoint	Reach the summit for incredible panoramic views of the Ella Gap and surrounding valleys.	6.856073500000001	81.0531492	4.5	1647	["tourist_attraction", "point_of_interest", "establishment"]	AeeoHcKSShy4z7jnXZCg3APmJng93s9bcBHofcdaFAm7RRR9iHA1fbewgeSh90F-mymEyNAfvaQ1irlABNmBtoEt3q3i3zxb8eQ-yCfVOOPZlJwA0_hHoRz1LZdf0US_xq-DL8F5UTMSXVrDJ_UWfxZofyWWwmt6AdZdncyMLdPLw86Hpaaf21Ds5kXxEn1gDQ9N33dQjwny3mv6WB6oNGZz1_ikzX3XIDh41CGYfdCbbdnHx_ha2lIBHzChx1vcRHJpCdLCAqD4SugCoh3CDUHyltnrVmxYku0_0191Jha0F99EUhIkqHWxe2Om7-_p86MgBUvCeLpmLx6tvGnEp4CjHPdm7EYtCrDs20kN12c-3PG8hiF2j-wuAxMWKcR1DmNxF_WMM2UW8phAltBjpV8LOm0U8y5qC4E_kt11TctOsyU0iUP4zKzWdwn8qRzFX9aP7dNeYHN1b6P30TOkAEyR2NGV3l8JAE0zkFQQuQlopNWeNr2B2PMV4nGCvZ4uI6Q9fYteXuu_7YNUgC-VywUEjU31qM4rHsutzGZBud51rwso7m31ZhpZbMADevmQtMm_Khjka8NFWIKNJV12CLobwQpJaoNhws2hnngJot3osHBmOUL1r6AQi3xwXCn5RT_tJN6lg2UL	2025-04-25 06:13:49.28502+05:30	4	1	90	places/ella-rock-view-point.jpg
531	ChIJvwaeUQBl5DoR3unO-OQ1O1w	Free View Point	Free Viewpoint	Enjoy breathtaking panoramic views of the Ella landscape from this highly-rated viewpoint. A fantastic spot to soak in the scenery and take memorable photos.	6.854890800000001	81.0533852	5	4	["tourist_attraction", "point_of_interest", "establishment"]	AeeoHcL1j8e_xkAPgiRaAXR6A_VMaYAnT7sh7r7A0DBUM2MvTNLjKUIGg3Es6to1VK2GCm6swTBalIXpLXJolz7RIuv7vAW3HtHDgsCjYS7lAzLaJVg7xO4EzUFczzgKMtTSANHze6Q02FssZ4_-amgFgC9YSK_mnJ2bDBmrY9TUT7kPcS2oD5yQdmCAgNtMDmAR35EboGuVuy4g1Yp9aPmuA0UTzpSrToih1sFbWrMKpSETeppkKRF_gNXUzNWuFvDDpHvhkY1TfFiRbf5dt4j50DpSbORkJCYvJbva5XcU_vFp1-zviWB_TlsKA7tf4Zp9PkCq8-6BfLtY2FJQ6wm83vDQbxlfTHpPprBhXxJd9QV-IgD65wkY_343XOm9AUI10l31KzygUjKjThfMxHtIS-3sGqANRqyI1AQlpY3Xx30DZ2pTO_9_CAMsjCJOa6blCM4rv05mtBr4iZNH7cUdoX3drURbTWUcRqgb_2Oe20Lj5fPhwfAkMUUU-aGnDfYQcMYmD2hEgqecgcXC14pSLFAkTZGpWsHM7Vw_S2j-WU9T5d6VUd5hX2FBbMkbr0jfMqF79hajWViroV3rIEhrkTlenswMJnBpWxtrkv39am2S1GmJQ-_mFa8YBWJDX0MBN7XoW7L6	2025-04-25 06:14:00.760901+05:30	4	1	90	places/free-view-point.jpg
532	ChIJtbnoArdl5DoRzN88dgeOfmk	Ella Swing	Ella Swing	Experience panoramic views from the famous Ella Swing, a perfect spot for unique photos and breathtaking scenery.	6.8680071	81.0604545	4.4	82	["tourist_attraction", "point_of_interest", "establishment"]	AeeoHcJaF7jBbn_4ECBiNXKXtCRcBti72GJ-JL5IfCDcMuExq0Q4NpgcB8aPYD0H0Yws7sBRETxTH03kLGEWQNdffXS2gGvlRHAUShXQUNyAiEN2h_F_viqu019-1ioa_6ddIygXvTq_1PNAmowVU1xjrH0X9m-HAx4OguZ22ipjeXsyb5yuec6TCzK8AwodDAeQMalHxSnbCf2Nkl7Go3erviaCwbNB0U4nnqOFtocAp2joLjExLYlt9dmbH_0NXKZZlrrcZCqJv-lRGU7ruGVzlj9OprB5Xp_Y38RNYIJS9EVpIixC_nllowE709XZtEIzMaYv6usQ_Xo	2025-04-25 06:14:07.204908+05:30	4	1	60	places/ella-swing.jpg
533	ChIJDZN_1qRW_joRZNRTHvgbK0U	St. Mary's Cathedral Jaffna	St. Mary's Cathedral	A prominent and historic Catholic cathedral in Jaffna, known for its architecture and significance as a place of worship.	9.656235900000002	80.02289859999999	4.5	201	["tourist_attraction", "church", "place_of_worship", "point_of_interest", "establishment"]	AeeoHcLf6ue6RZ7h_9ssT9qirablrMN7OFdfGNOXfmBzpza5etm8TMcUyZleb46O7y29L6epsUlIHmmpUOq0ObMpdA3IxFhMg6Kc_JLmyQmUXmFWS6wMsCCxAa2ax832jnagZlrT9apP5KGRDWbHXJgyaHn9VgLMhMqjCRsKrFysV3FSnU_Qk1iLwebAxbeKFAeF5Cr1pTSezpF-gg0aDsrgIePBpA7YaTiolEEJDPBhXQBxq3fjG5gfsY-aU9ZyK7PQclkF6cmFk3Xlti5R3beKj5-ffhkBy8nCMJIQZ3mwftiSuI7eXDNLJDNIrhvyGIbU4jF34MQY4k1T8XeNcRwvVc1k0p6NrkTzznNDPy6wi1aLLkn6G9146fj-V1jzabukleZb6ZxD6A7uP_XtXwPXxTEXitRUHXZ080S9GKCNW8I1_OpIlMSMBJ0OdsOKlQuvUoDpLd8vhz6Y1ygjzVQ0i-AsRu3SBdE1TEW9OvGKIgJzGm4OWCRQRHFomuWZpGHD73RDhTmTSlbhhWT5PLBa8IsFBUgXZ8eSaTX_lpjE8VScp_oaDt2C_a-mPxIRFiy3_0Xzn4rFX6SL5z9z2jtWgW4IRnSFwK3L0EER49cLHzDQ3_A0zg-ulUefcyInGGM8z13VYw	2025-04-25 06:14:34.647859+05:30	5	3	90	places/st-marys-cathedral-jaffna.jpg
534	ChIJ3xg5-B5U_joRS_3ELrjQgLw	Jaffna antiques shop	Jaffna Antique Shop	Browse through a unique collection of historical artifacts and antique items. It's a great place to find treasures and learn about Jaffna's past.	9.6699247	80.0277175	3.9	29	["museum", "tourist_attraction", "point_of_interest", "establishment"]	AeeoHcIw5AJzPIdAhAgX_OHoVCnWUgFzGpvyh6YMVe1NK3t04OgVdUO2Wm7ruH2LdMClYklWzVX4aceo8wMuczKjxJKK8awK2f2LpgwGykmAaWl_3TLyPtLEFHIHknKawnweNE9w5F40uXsiqDycZXIaF3a7_xbBIRjUfReLhOZY0cwyG4O627CDtd0p5QRLujdkoQEES2L-5c1achezzP-hrJznK-LLSlE4vt04iE9f6WOArJPw-xvkf3Ig29ruCCPI4XvWH8Uw6ARYpLb6AAuWVx-YdM0vx4Is3FXSi5RHjJqd8K4xncQJz0nFH3EqyOLSEbnhtduXSh1E0Xq0K0ghDvpcNwLj2u1qsRD9YSwk2gnAgXRqetbFWUHTIB-v-ykMwygZH8RkYSBb5-prbBTCDcQGoDLPOcw12fypCRTcm5J3wwm9OOKvf5L1zoyG5XynvgCF3XRWgUxuFQ5qK-IQ6evAqrjvMRe1h8JqROlyBR0F5YT03Zk5I05qCHywwy9vkiVCtd0ElpeQxawIdQIiHL8LPFybC4LUJODzx1Bqx79jukc_eAT4ngzByp2iwowA-Sj83V_X9JFkKfLD66_lJJWOFrj20LpL_1TqNCaTsejaNULEUhm0MBvsInauPmumXC7T5A	2025-04-25 06:14:45.501686+05:30	5	3	90	places/jaffna-antiques-shop.jpg
535	ChIJKxts7RhU_joRFhF5eEK7FXk	Nallur Kandaswamy kovil	Nallur Kandaswamy Kovil	A highly revered Hindu temple and a major cultural landmark in Jaffna, famous for its elaborate architecture and vibrant religious festivals.	9.6749458	80.02967149999999	4.7	4858	["hindu_temple", "tourist_attraction", "place_of_worship", "point_of_interest", "establishment"]	AeeoHcJgP4kKLAqlV2C8FeYJG0hN5UODIJqaxOjOkyyoQCHO4HMlIiYyegw9zOly7Wdas59NPUDKe1YP-K7TEUKTaPwdDW9dKG-8yp-qVhMXx4Ez_qgQl_M09sQE7QGD1vreoRKV6LJK1Ri6Gh8lwp_jNjUG8xk5daq11F-QhIVIJP3Xcd4N8Un78FFmdlx7_oao9LUhtpPz7iFuoifupX-kKshrLH4G2dejLDQF4PRPeVoFrBKZ3_GMgdrHkeXyjrPyOE0UPgW3Ity5AqCWDas2CqX2Z7z8NWFFr3ioWrnskIBtwEoG-X37l21aOo9MR6dtdLd0h56SmcgZPAg7x-KQmUGH8rLQkz5P8v18NJ4dP-PxThq1-gvWldT8dnTYxjud32ajHdRzUIzR3Pgb2xKBs8Li87MIf_6SJOoVHg_y39gEyFQY2svELjR2zlUoXGuAManLYm9CySBYNR8z37chTyGPuytBzdnB6AwpC9zd6WZDM8lkw38XkHsTXhKAXZhkoRgDW5sj5XCNzyiAEQxKzVKcZpZbB_T_dA15Zdhj8Zu0pE5UZ1K4R_hoQsuvMWlqrQrOWTIYAswuw5PKrwt27VFclWedIAxH1D-nVXwMqLaKB3-LTAu9voNTeMPN8f2QrXiDEujB	2025-04-25 06:14:56.151594+05:30	5	3	90	places/nallur-kandaswamy-kovil.jpg
536	ChIJAQAAtFRR_joR4N-SnYwXGkM	Dutch Fort - Jaffna	Dutch Fort	Explore the historic ramparts of the Dutch Fort, a significant landmark showcasing colonial architecture and offering views of the coastline.	9.662030699999997	80.00842519999999	4.4	3904	["tourist_attraction", "point_of_interest", "establishment"]	AeeoHcKLIFOxCcL8i5cQzO8Zx9y_2GJa9H2lPO_CEShzyHH9rXVkvYbmrjMiX0fVEIM8cW9q7xWSm_HyIXvi7qr5p0TL_xPJETad7DoYy0tG1K_NB_I8_0c24dbE8imB4mh7rhsuBMMjpgWpDp3ipIizEPOFyOyH6-c6mM0hklKaVeB_t-NrmlFLs4vmzkCF9x-UzXVJobNlnFid-MwtyRH9xjOsZGRLg_pm7rBW6SLddcWziqx86imCOUfCX-EL3oiRVOVHrkpiqFsfanO_be0a5BJIFzk2LSv1KJ4s7IheVQMEJvYW_BTunybIGNo7IybkKonBfnZYbvZ9IWLYpqhtPAsyFQ1eriRZt4RLWfEwjDXvwzf3dSzSLjpl5ZOjXOHociRDm5Qdw8eEbzHxeqgHd65yIhDCirj1NKf5ACIfRbet_w9Juq-2VENIANU_TgTlW8P48I81vBm4p7otKpCVB9VjeqtDI4NxPmd1PKLWqAOp0ovBLCSDRH5RQAxj5hO8AtiSEJ4bhcKGcdxXrXwWkjkUEm06g52aZR51K4nHhBnbeIoDmT6iQC4diw6IfKhnSeP8YN8wvAZan814F7PLQLt-vW1qB8WJ5RpTt3Gh24h1y48npYldbwB9Ps4zI5mnLPEXB1OI	2025-04-25 06:15:03.524014+05:30	5	3	90	places/dutch-fort-jaffna.jpg
537	ChIJST96N8ZX_joRpcFUCqP1YG4	Pullukkulam	Pullukkulam	A serene tank offering a peaceful moment and scenic views, reflecting the calm beauty of the Jaffna landscape.	9.6614981	80.02554649999999	\N	0	["tourist_attraction", "point_of_interest", "establishment"]	\N	2025-04-25 06:15:13.354632+05:30	5	2	60	
538	ChIJlWoNtaNW_joRF-L60QfGprc	Old Park	Old Park	A historic and serene green space in the heart of Jaffna, offering a peaceful escape.	9.660109	80.02820539999999	4.2	665	["park", "tourist_attraction", "point_of_interest", "establishment"]	AeeoHcK9TDL5-8hneMtVEr3msZT1kECmxajrCWMHfS7W68QK0jc4CpE21rOEpf59JNlKglKEqyLWVPYcwAcoIOjh_n0BzdKRgFDGBhJBBCtfl0lzQa5l5frF-KjKzj3hI0bfM3zfzO5Z_NwO1oS3nTzg2R5_rd7aKvF4GOS_kpbvYjwvsLcV7kk2d6yMidVJofrgg3PxW5isxCxg__lGZtugHP_PWVl552CWu8Oz7qI9ZN_PWW3sYhLtxGzZDSDagwmXt1Fmra468RVWGKE4f9rURokCvjVlJMQnz0eFDGneMn2E5AYhUHOHQaX5EHD1lvHL07sjwU6E8Ak-MXwjMD5sKTgWzeORPCE-rsdrnpYlLSUcjqPzcF0UMHPj5dZjWkMnpff1NoJHJ881BrR_UAQnssQ7z5q4bi89Jx6hc5ysNYQiy8u4HB3OjIpjRgq1WTSEN6CwIyNukAMbDRbySbZS9KdbP54ekgySPMhSEkygwVqW9ET8Najnp1jCQmj26tiC5W3o_kTWQXAdGTc9jDpidhfHCU4gPK7GvaCqidBZMJ-LZX9yM1s1q-pVH9tCcrHFfOMYmcFD2m8SnBHyu0Uy952wM282vBY7eQiuF_IYNhIqRe58XPAavPwk0-C9VMGmjGXWIPE7	2025-04-25 06:15:17.860153+05:30	5	2	90	places/old-park.jpg
539	ChIJXZgwIABX_joRFHWDH8k04l8	2nd World War British Siren Tower	WWII British Siren Tower	A historical tower used during the Second World War by the British. It stands as a unique reminder of the past in Jaffna.	9.657382799999999	80.0261927	\N	0	["tourist_attraction", "point_of_interest", "establishment"]	\N	2025-04-25 06:15:30.352202+05:30	5	3	60	
540	ChIJwQEzyx1U_joRsOI-AOxJkTU	Jaffna Archeological Museum	Jaffna Archeological Museum	Explore the rich history and artifacts of the Jaffna region at this fascinating museum.	9.669053500000002	80.0242099	4.2	454	["museum", "tourist_attraction", "point_of_interest", "establishment"]	AeeoHcLZW53waBsyUvj6PAFBthXQ8xcSGF8e-UmmEUgHO8ktLUcEsvsHYb2UmwBCzJtv393Vy9wron9QxepqbD31BtuJu1ajB2TGv3cnjp-EAolkbuSt6fc38jvhX5GTn1aG0LyXKsdf0LCYfXW8Sw9aJaP1IY-sOH2LYa5yvN1kG6-Ksyfk3IS6AlivN1m25haWvIxzfI6_jHU3NONlNqxT4E1NREchVKyNF4_AwEyvWrG5P1gvmfDX2MOj1ws7OPoOxwl05-kM3FGbXj4gAitZz6beDtnVd4wb0P0VOilaAJqVjLCV2BVxDrn5gIO8o7IVEH50JdEF5OHxjN9c5YhVzftTwerZRu9ZnM5pF0EVpJhqkdVDymOcC3egSYWwd9P5Sa1AHZLgv8d4_u5EtdvwcrRe_hwWAZL9m1ScZ0omVFLrEIflwt1zq391zuhenSUqSivPmyMGcqPF_p4yTN20G_ci3_a_eJ47l-_OKZnTczQ8be8xR3-gnMTpNTHBmJNyNbhGApOcaq5w7-zAV2VzkDd4v5O28USLviT9CV6LJpYpWaCiv86ZP8GQ17uORYWeKEZ690xtdLAQRuMWwPwJgV1nFXgZnVw1xjeVdFevpFvGpfOcs-djKYzJ0WMIvSG2Oh2w_orf	2025-04-25 06:16:06.396703+05:30	5	3	90	places/jaffna-archeological-museum.jpg
541	ChIJkzx21w1V_joRAyUj0ObLPeM	Ariyakulam Tourism Center	Ariyakulam Tourism Center	A key spot for visitors to learn about the Ariyakulam area, providing information and potentially exhibits related to local heritage.	9.668421500000001	80.01860940000002	3.6	7	["tourist_attraction", "point_of_interest", "establishment"]	AeeoHcJOu1Jmv8qo4Rze_EC9E1GhpXQf55G9auEA_zRnf6FCpTRGIV4e1KdSoeJkqIYqRmICr8TtIGdhceopMgvtsK20NRGwvCFbHSps-QTvNET91ZZd20hd31NTCYBJYT-_421G_DFdedlXzX09eedkY-fMC1RxovN7ZeMVDJZwKICJnIBHvYlDrjU_NH7U8-KBpl-oNG_C4h-KYANYXr1zsD8c-C7J3BSXlQxCJHhqgArplo8h29yyI_d8PJyykbqiQGGteUTcl_AtAdtMo7Xb-8b2sk2mBJHSlS5gG1X7b4Mo4G-l-ACb_MB2qYu2gCpR7J1u227B_GmyNDrUoumQCiGMdwo1IKv7e-eMTXCzmD5vLe8WQKMfMZgOiVtSacUSWTol9J5XND8uAJDoQEswKYqwPXJk5CbWbnLK6sgRbeDAOfuEwXZ_VrCACK1Aeeb90vrwMVw5LP90cqzQLkshDeMh6tM65LyWQNnhZeVl9YD4fDZjdYy12giOenIxwXH8W5z7iTX7MgV0JqJQoB-AT3D2O1-QZ3TkXr9GqDWjW0x3CEFAK1DzZKQ1bI_Miw4WwW8e2oUQMcbJ6ffCkAc9ei1ldaxI_TyEAxb1tGa5mfVRZ_LLNlLtaEJGqrFAcwbC6oqCkg	2025-04-25 06:16:20.323178+05:30	5	3	90	places/ariyakulam-tourism-center.jpg
542	ChIJedCJUSBU_joRNIlksCfMUpk	Active Theatre Movement	Active Theatre Movement	Experience the performing arts scene of Jaffna at the Active Theatre Movement, a local hub for cultural expression and theatrical productions.	9.6696293	80.03334989999999	5	5	["tourist_attraction", "point_of_interest", "establishment"]	AeeoHcK8DBWxlUTrhRUOoj75bk4SI5zE0NYpfJN7XsLjeSZnnfY5mLjtGJ0RTZBe0pAxzX7iazr7ktPgS0qUVhNt3j0SqEbw1ZSnhf5bcavMuxfjZrjPRJ2nhHittO8Wpi8eabnWKDOG95HfCRZLp0QU1Pg94Nh0MX9bLdtxjFnzd0PStBvrb3tuzSbjZPg0RptGn6-aAIcDcSU9jNQxBUQqgMWbL7RHwh5fyRrpqJwYl9i7G3c_rItc6iIUVSIaJ9M9AJnNCoRYek2UnkJNOlbEtAcGaVyElxs9hty8Oqp82G8i1TIZU--nkeZS4rE7PATrgdx8qIw45CU2zkS-oOAhTeVR_Fl_ApcLEwiC_ntXc8TKvab4dTyXL0g_82dUTqbjGjRx2CZDAMmo0UMds39OJrhHwezEYw8UCCnQb_jw28OkuTUD2-9AXSjIJMsOKJft8hmTCLPvmjbHBEdcr3V957jJybGUrznnNwtbjBvQk95-BnGbkZeBTc66AkxNF_fOrPaQfD02VaQFk-v82uMnmCYzQIef3uZymBRf1Aj5xw6oclyWWT8s5p6KlzOiCrjd_V0kPOILp1g1y2T7oAWqxI-lt7MZjBxSguj_oFfQQJPJ1Y1G3Dndka2dJPOgcVGBDMr2FQ	2025-04-25 06:16:40.188616+05:30	5	3	90	places/active-theatre-movement.jpg
548	ChIJA35Dj-tR_joRkTVSe0YBGQ8	Well of jaffna fort	Jaffna Fort Well	Explore this historical well located within the ancient and imposing walls of Jaffna Fort.	9.663807799999999	80.0077938	5	1	["tourist_attraction", "point_of_interest", "establishment"]	AeeoHcIUKxjEXdTxnNCGISm325HyuTQMFH0GrAOFGKQBgZTj-IzwLVmjRJlPCjERNGrBQ41nRU0xZiOY-RE0LaMWVRbM41VhQRk6355dy--2bVMv244qDX4rTee2WFgkENRPtD5jUVd4VXAxMRzlZTTu9raiLtVLSs77PtzGYIKb66eoUKebWtFHRFeA0Lff9oBiXBWdfSRMLFrfmmUeVVGiWOeGheuwUpj0cBEExbshY4TtPPWcNVRiE5xoaeQV_T1v8wZf8qf1Qvqgit8lbKtpbpt51q50GToVc9VdaJ90ejspgp0NBl9Pmg5rsfkbhZMrY-PMeDH4-8_gx9KjwfMQkEmxHQwYSw8Sb6JSn94zNlFDhrt4l7qJGfodi1TAgKUF-zwlMBRegDCuxkQQfKShTZjqJM2BV1cWdUhhIl9jR-1mq6MhICjOGsG_PkuaFjmZl5va-_hI20CPAgYRS1o_oqhKTUMYYWkXsUlEl7ZdqRtEYCe9wTiqruVCZp8qsYqp6qw_9HvTBiv6VVoPbg7ykmPfICnNa-myNo2OiwSqX_PZWaN2gLxSMnW60gJrN5swaR_F3zdfbEBhPNKjpYwx1ksAVHvxYI41nhnEQleNmWqh6MmTr1Mwl2AByJRm_Cwqkwxs9Q	2025-04-25 06:18:08.968403+05:30	5	3	60	places/well-of-jaffna-fort.jpg
549	ChIJdcJK7spR_joRuzWanQSJx0U	Pannai Beach - Jaffna	Pannai Beach	A scenic beach near Jaffna, offering pleasant views and a relaxing atmosphere.	9.662477800000001	80.0056024	4.3	161	["tourist_attraction", "point_of_interest", "establishment"]	AeeoHcLlJIA-R0SSUpPD-oFVP8ArmUFRzc1vOsjAN9ZZaAndN0Pdwpzb5dcQu73AcB3jrJWBnv7oKNN3uJiaTRQ9SjuSnsG5wu7lfS8iCo_lNzaugkI9WMkycyErLLX5cdw-0yVkDf37GTI9YLdXGY8aJBt2Qj_SgYHjro5lU8jGbzH_-uEUfo6iSnJd0uGdcVkie9Qs6qXdMThGmnJqP0yARweyZ9fEaGo3TGWLMt7-cZlcdnGOoYJUEfDU_9W3b-zv357aI91qnc42Qyk0t1z5sL8DYugpj_3IXOWq7CfKgCmkkx2mZO-3dku1KDDfXBZvUJAshzpA6nXdgRL129Cp2gv2MPZKAE1evaESQo9i7rlt1MneT2RLUcVX-UGqNCW8nn-2xFWKBoVHcxBNaXxi6deKX8iCt8Qa6lzaradsOs-9wCpxOhMfeHEOq-GQ1pU1ER1zkTTNAqs_1zVbL5UIMYV0BIhecECJz9xhoii_n6J04vJYidAjhBbCltoMHanIXJWbUesrufscfNWHQUHukN6DMN_DeISMT3o5kduM9OZ5PH6bN_hvdGBNavW--A_Mr96bkqQDanpehXXnDveS5iwrR-PghxomUeZmT3jA52C6oPaKJoTCN4oLTz67pJbG	2025-04-25 06:18:34.056432+05:30	5	2	90	places/pannai-beach-jaffna.jpg
550	ChIJ9W_0P1VR_joR4vuGrmnnfK0	Pannai Boat View, Jaffna	Pannai Boat View	Enjoy scenic views of boats and the coastline from this popular viewpoint.	9.6624567	80.00546059999999	3	1	["tourist_attraction", "point_of_interest", "establishment"]	AeeoHcLpKk4PRL_i18Fl26MkijNPh49x-6lVTHgbvjzgMH09KedK9PRJ9SITkYzhc7aeEryDw9S0medmTg4N58mwmnsBRjto2mtA0W_0Mz8A6Dmh4O5ufFB1raodaVMuVzNOKATODrXou5t1Nc8Namspz9qJr0u-z4BSJyCmMpnqsnnIFAJMKv6XxOzSOYdY_PasWEPlrID0Hqer_2tbVnlYl1FZx02Bo2v1d-pgCn6iTDXfKkSVkjTx8FrKP0cnAxZdweljc0LwNrEeK3L09e9fkqmE-F12xvbWzwY_zeiBXvCFA9eJ-GUuVQIE5HfoD93DIFW179ILHlRS6torfeLPa2nFrcLOYEmOnBNkg-B1GN22kRYMFljK_IRbKgL_JL3ZYxip2PdQmS6PgP-dkc05FBvkPLD0xLbvez5-62UvMR7qDOTTKJulJoO1WeOkOb3ejY7C0XQiKm5LdaNyt8eyXdJzt43rh-uTKP_GzlleBUjceWN_1ri7dKRU4_pRmCMeRW-fMaqAMeaj7jiPtRUyKcrDVQq4NWmYtRXnTQFbSClmwa0vKepFqdpQ0xghPDQyi7-E3V2mya4kJdlB28VQkhp_Jxds9W3xx0pgab2rBujk-AwieJkkkcAJ4iKbx6AYtjoxuSZw	2025-04-25 06:18:41.855482+05:30	5	2	90	places/pannai-boat-view-jaffna.jpg
551	ChIJVfBIkGdR_joROYOQvMulce4	Jaffna Lagoon Area	Jaffna Lagoon Area	Discover the scenic beauty and tranquil waters of the Jaffna Lagoon, offering peaceful views and insight into local coastal life.	9.657609199999998	80.00442799999999	4.1	16	["tourist_attraction", "point_of_interest", "establishment"]	AeeoHcJ0EHoC-3rh0n45WSD7RSPdavrV8DF9S2hH-xCKf0pBeV5CrsiLk1BkRjCl9gqR4-6cDuPhwu1C3cPjYpfpssnMFNGIHtKa-DiGm67B9gb06t8WL_GBhMiB_Wng6V0ccVOjF4NDj26HJbzepk3tDYSEy2mf1lzsewR4e21vKAL4us-IzdYL668W8hffHHnq0ZmtYI-h90wxYJObp96pOcmS0IIPJsa3tqv8CtxbiBsOvtN4SEBgddoFNoARnQpejDCXF1W-R92Y-4hIlKI-rVknyO2jWs2JqTwwjXcKdDyqX-eXXY2I9FtxEIlzXn2JmHXsgLZ0ntlNYkDpTnoGvofVaSjsfv2Ln_B0vADeJQAZMsl9DYTTlT0YsT2dA8WFExnsHqXimN9VMw4ggm-r6BnosA9iMsIHPGLrWyIa_1_NxGZ2iJIVDM89tLR0ENQwQmur5LyBi6VguHXpjG-q5fEdICgnfZYHID2dDRFbziqNdUWOwTYZ6CF4EUaZZwCCplthiIIZYqKZ9MEdHYpXH8jFqsmMKQwc3E9Bupu8IjVgCqS2SJU15-GvA1d8EXJhUb-Vcor_4MmTtIn7NOLv7W38J5sqD15LJUVAV-gMjTTcTINBCpbxye-Fnuyv_EaDzdkl_g	2025-04-25 06:18:48.801777+05:30	5	2	75	places/jaffna-lagoon-area.jpg
554	ChIJk3kw831R_joRDdoSq4iIQug	Neithal Eco Park - Mandaitivu	Neithal Eco Park	Explore this highly-rated eco park offering a peaceful escape into nature near Mandaitivu.	9.623380299999997	80.0039303	5	2	["tourist_attraction", "point_of_interest", "establishment"]	AeeoHcIodLcvRglFb9vaMlQtbzVbSdXcE4FU3LBNGlvtC0idaH3TWomeHhkXe20HAcEmu1en3LoyuimRzaglh9lRVfqVHNnZ8DgklmGEOasDstNpIhz_nQKkrYcXcU9UtFQ5Xb5uUvbRq1sjzDS42hYu6ufUGgxzcnywxUptA3y0N-bWtmCbx3-cRUk51ppK-AEfW2y3O8FDwxfgrKQ_0Q1SCmu-ngFXKngqRflTI2G8vgN-RA4WVZc1XAG-nZeIY2X7rMJOG23logmSHhQwLxJLwJTDUvwXaqIqbGSdEJy7G13nM1Nr0akUiCIy7dzgbxGPcSca6tj66It52O2pZ8_4FfFTXu0lRGcThVk0R3jn60v07g-tKKg54uZts5-ChpiKqFu__fwu94eYkze-hcod_5IqQ_QLMfuKY1lyxotaMjOC9xVbffEC5pZxe0LxfFXuilmeeYN4CA6SMDO2qPQSX_1Fp78cJYvQXtMY72Ln8WNTQGggMTwbZEnN86wgckCFHq3TNLs7_wIwZl_A50k55OjYJdI6hSc8S1mQM6JGp-dI6jjqNWIfd5FLCj1KE938094IRFTB7bI6na5JL9K1FOVhTA7awdzihiZji8kS1iK7ci3-1Soqc8d05JagKSoIFfCcc43t	2025-04-25 06:19:35.137231+05:30	5	2	90	places/neithal-eco-park-mandaitivu.jpg
555	ChIJJ_hEbOhT_joRB4GmKhmmJaA	Dilux Lotus Pond	Dilux Lotus Pond	Discover a tranquil spot featuring beautiful lotus flowers on a pond.	9.705292599999998	79.9927338	1	1	["tourist_attraction", "point_of_interest", "establishment"]	AeeoHcKPnXk6gR2ORDTiLrEchSAV-ZBzF_Iy8gam4lJB17mFYSXok2yTv7Qjv_H8rm8vJLNVvecNqWNoOPD1Oev95_JtWpYML59zXTpuXGOCOHuM8FdKeTddmSwhBm5hTb75kIk49-IIQ0nwH9tGO8m9ryPBStwrHkm-86RrQuOYev8VF8U9A4SkgHCB9jCtAkyVexN8Q_BudiqyifeE8EVBzfANJ4VJVWankwLkI5vIaF9FVrghAYoltjYh4m_IgqqQqTJoSDhRSITEb16z4aIfJw8stP_5wF2Hd9YFODbvEKXryKMl9QJF7c1xE64vLHZS0-ihSCXTzFpAGOaiYO_NgLK4MCPvSMjVqmJQhPM5Wx-0QYHD-Q9rcM9Be93mO1IS5t-KwFTJvxpHRvvG9qPgf_kA4_sssr_H-G4jE7k9o2Lc5VA1bz0h6t7SMBKwgoWAVNmA7P1eZN1uA2ATLBuCA-r6FGvRWhKpFomkngz-DEeFeWDfr7AEYvzjs9SMHj0u44buePb3VapaPQUyOzwUBtP9LlH7Q4gtNv1hEqQ4MPW2Z-vF-iFBMxQiaev9_CkC7rH0ve6b_mGfpvScpCjGr5lxMu0c-AUyzrPipA6nxBbzxSfMPzfqMY3PLNkF6HupVhPTeh01	2025-04-25 06:19:49.943585+05:30	5	2	60	places/dilux-lotus-pond.jpg
556	ChIJnyIrNFNT_joRKplvJ0S8jek	 |  | Manpiddi, Navaly	Manpiddi, Navaly	A significant historical site located in Navaly, Jaffna. It commemorates events related to the region's recent history.	9.702774	79.985058	5	1	["tourist_attraction", "point_of_interest", "establishment"]	AeeoHcLHHDWY3u1vjGZfwMiquwWj3egSmtAEajWqJExLlRwW4wzyv5AHECvk8QSjgOluNmetVWhqX7aVXGC7rXAwsOzWqeuBkox23UUfRU_FdcqSRj_VC074peIIXBq_1SoUwJKaKi2aPfwEDBLDgkoOiSUP2JOnBoDLdfZJZ4cZcgVnsh0kaDnyzg4YGv2tub0y1LrM1Dz-umIhhXqaOEhyPT0PpLMVPECpuJ6aDlBEWxukCukjn88yjo57Fwcz0Fcym22vdXz0Nv2DmskDHRKVm-MOCXMD8PNtLienMtNUVs0ajqsWq4TbSULLqxAWCcNEoOwSa6Nwx_JlGpEGL3T4a-r9a6CmRNz0B5zkN5X1ZwaXe2q3NG1iB0WWXIDvkNdP8GyGgh3MV46P5RafvSV3B76K6GpJzyRpwEo13dOU1nzCc8iuxDUy5S21_VEkqkeIuiQmrWdhPL53GUhw_lDqnt0_TqA4d8j5Lq0eTQVtTZfMYHK4T1H4sJLY6u7OJ2zSGT4HOpf93Hjc1nx5iMWg_NSMJm-2fKpk-zczWE_IsYEs8mWFLBOPc0xEgcfAPVXlkfa0e3o8pMf65jMveewjAAQLillMOaSbo0TzU8mUCTT5_as1gMD0k1uOfJZf1kXr8UTBLg	2025-04-25 06:20:04.577996+05:30	5	3	75	places/manpiddi-navaly.jpg
557	ChIJMeWc6UJX_joRzlmKbKbmTfo	Ooriyan, Navatkuli	Ooriyan	Discover Ooriyan, a highly-rated point of interest located near Navatkuli.	9.666710100000001	80.0869216	5	1	["tourist_attraction", "point_of_interest", "establishment"]	AeeoHcIYqTyafPNrrqcto4Ol28a-eS43PzENlTjqoy6OiWfE4R_hjKGdgrxpSWpq31KL7sPGepE8dxzWLdopmuiiEaH-3aNpIk6RBKA85nWCUmFw4FJLHw9NQcYZsBB0H9fQgXxv_2vmrNFnH8EFDsLpbRXacG7cQFpMmUWyYDIaGL-CfUQ8P6-o06DvqAdV-dfE7dbaVGSl3c8qtVEr0kFGnDfzbYXBqUloK1cpxGPsHvvNSJG7_41DuD6nwHNFlfmb0mCR29XxF6qkUx2w9A-KeZnq6ydPh90BYYJSC_4WzIeQAwHT4XeHmpNHCEakR5BIzlLCRHC8L-0cYQsZhBu1wH740NXD_cUfreojahnNmY6Ewo4vdBUykAE-UEYpb5k48-dw7tPN1xImCfGI9PnPkDgm5S3n_f1bvcFaIHXCfE4mU2d0OirXSdXtkXKhX8WWCFAuvlJDF8UH1BTW5vIAg_ia2n-bAa7yP3BIG8atM8mmzgPlARH2db4AMESJOhKtMmtfgeoRp2d85vD2gYvvM-hqBu7d4ci9PHRcEU2WbHq41aMUVVyVTpt4UtBsaRl5rerob11jed_TSmMa_pdv6jBrje7FEh7sWbC4zcmkLDasK1q8KmDSM3oNR6JQXVxivU9KCw	2025-04-25 06:20:16.456053+05:30	5	2	90	places/ooriyan-navatkuli.jpg
558	ChIJX8vTlQlT_joRcvqV0DNFolk	Vannakulam	Vannakulam Lake	Enjoy a quiet moment by the water at Vannakulam, a local tank offering simple scenery.	9.714866699999998	79.9898515	2	1	["tourist_attraction", "point_of_interest", "establishment"]	\N	2025-04-25 06:20:24.853739+05:30	5	2	60	
559	ChIJYVftMgBV_joRbRCZzGhgAQ8	Kopay Beach	Kopay Beach	A quiet beach in Jaffna offering a peaceful spot to relax and enjoy the coastal scenery.	9.694878800000001	80.081935	\N	0	["tourist_attraction", "point_of_interest", "establishment"]	AeeoHcLm3FfggH7XE6J0utnaharhF-0sHxfjk4BQZbD2UyN8rdbePCAI26_k5DeGn2vSqv_zdQFdVO8WOxz-BiUA4AX8bGL1y5yehufQ8PigpU2mHXGA8s-_ypoYTurofV3Jv5bxkw_lNe3WTvuDKoff2Ipe-hkuOEJZVFPo8zaKOWC0qVxBDUpKjGL_sjJW35ZIFLt-ggha4FiOD4CuD48QLE08hcjKAJoSXbRXN24eW8ZS4xCV6Rodd65nnczfEtxiPb-uNaOoyUyYEzAmv9hiB1kUHWFnnd4XmHLlMKw4oxqlqHtCFZufz0-H2vD_GGOUz0CYSaJJfdL47mxgDSahK2NMzzAwGQ9qzjNzauIX8LxYsWhJQEMBYMFHrFZDfsegviQRDuIXx-9NK-2CeLyrIAzZ1hPBdQUeu4kLXjWitdcldSYX9xiR5rMM1KHyJYJ4i5v0pnj3LMOk66Fa-1uTE-I1oaqL-Y1ibDQThhW9MS3uO_5jr81alNftLi9Z8PSF6NJxmHn8O9lUOx3aayNlhqH5XGEMRen89qBNYad9A6hRhpI77mQB9BdEN4TDw70Ua0c3OQfsK2TAPnD8sryrvyo1sclcmoOVE4YHaeMbDP16G7d4JaokB81DmyGc_P4L5SLqtZvz56P-SouoOBv8_EZRSAg	2025-04-25 06:20:35.701181+05:30	5	2	90	places/kopay-beach.jpg
560	ChIJqRVMrTtV_joR9RQYfF9iTWs	Smile Zone	Smile Zone	A fun leisure spot perfect for relaxation and enjoyment.	9.718265500000001	80.0638681	4.3	4	["tourist_attraction", "point_of_interest", "establishment"]	AeeoHcKLjKJmjkhEvzjVQ7un4pbclfJrbXuUkn7YabgxER8K5CxlN9LK2_SuXtSKhdnt-8Eebu5_xzK25IHQ5YhBljuzzKp43a1CG1pWJR6eGRF7dmHpirs9AXMl5sT26QiCyBw-cVfC6W3eRBZBusSRcoYMmgtooPCZ1US8AecnFfxYwgbINrb48m45Sf2XedqwAcKs4hcrAn_Yrs2ck4_JkLLVLPR-B5FdaazILA2CWFHn8ZcSoapjaMWvMFZzVaAOaYY4wNWS05Z-I2cySQdM1xK61TOyGsN0NjbMQnjGeIHy49D8OHZr6k2G9Elm9PrYnWuANHK3qP7xtUih5UV8RF5D103IZk9Y-rE_6n8-Xo0Uchpv9xViwrn1lDuPnz4GmO91hxSYlQv8F_uCVTHOMD2UBYgOKD3enMud_TLscK_uAMDRW_pm94QlHTOOTdWsPdgFyyODBYPsXu4Nu5RH21H_M8RFYympelDwTa5fkq7dHMRpkytvyeyy7dAc_kLUXchfBtMDshm73tcLUAxop4xW_FSnvG2lM8cfU5cBpc4qB1LxWnmQfhszAsRwbey53MPLaf5qso7C560BJJ1kSDRG-vIOQ5zFY829D1CN1ReAOLrRoM8NIXtsFZKGOlSD4bLtbXW-	2025-04-25 06:20:42.87486+05:30	5	2	90	places/smile-zone.jpg
561	ChIJS5QUiUtT_joRt3zdPrVPsSY	Addakiri Kulam	Addakiri Kulam	A significant historical tank in the Jaffna region, offering a peaceful spot.	9.7211932	79.9900439	4	1	["tourist_attraction", "point_of_interest", "establishment"]	AeeoHcIZeOB0E0iDV28wbx8NYulhIilO32j1UV_KPujUOlkdlaEQScn7-_ra6Lzp_BgNjxu3aFpP98FZua6pLRKZiix0GhM68StQh26j3lNnfEvOIFRUpIev37Du94_aTsg6ifhTA4fgYrWjLB4SmHQRNXAVtcO5PJIfkw7e1jPvXF6v3oUDa6X_uetVUQ0jP3_cVMcXrsTTfhqmcEvA0D6aQjo03j0v5sdIvASnCJNU65fmFQEoEa94wh7MWmLXw-WNijo6HCE-1YbxMJqsA-KQ51QuIVw5IMGkYWIDd0F3r8EjEzH9qwa5DOlPywO6QAz60Ap2EN7eDTJRbrGbOhVqmZKt5L28DK13j4WUCVRF91-JVoH9okckjB1cowAUFtMLzFBZ4ad0vFv7qyE0JetgqeuDAE5BYhSMllxQUWerPpgNIb0ekRIfLOy0kPzFXjencuT0-ZDqdrkVxflAsBj4C8x1pEn9p5sw4rZAWRncmOJ1Wwy1rAWBcwssNa959rxq7Xz26i4aySpttXQNjXhjgcXae6KO1XkrXop_SB7YmZNXSyoBKhqgBKT5yHwfTnF1IeMhp1N8vD9r6lcuMyEB45KJn86NwAtiCZ9rbwR9v1O6n2FrgPObTNDhsQT9K_MWb2xJyRc2	2025-04-25 06:20:55.71242+05:30	5	2	60	places/addakiri-kulam.jpg
562	ChIJEWCdG-xX_joR6HAdMSUfRMk	Thamarai kulam	Thamarai Kulam	A historic and scenic pond located near the Nallur Kovil, offering a peaceful spot for contemplation.	9.664565	80.1027862	4	1	["tourist_attraction", "point_of_interest", "establishment"]	\N	2025-04-25 06:21:15.873893+05:30	5	3	60	
563	ChIJp2TGvXv5_joRLcMS8gToQBI	Neithal Park	Neithal Park	A pleasant park in Jaffna offering a green space for relaxation and leisure.	9.643749099999999	80.1008993	1	2	["tourist_attraction", "point_of_interest", "establishment"]	AeeoHcJS0lPQpMJfCBmVTYaZtL3lNzfOozQjv5a7bZ5j0YEKtMT1j18D_JzvBvQSY2nxDyXkxcP8-HMM-BqO9x43aMZwBGORYlC3F_Gn9jYdZv_yyfH0V6mtUobyLl20EhE7pbTAH_bXMTWFM62xk4VFQDwFs1NlT9TkB1O3k7J1xtCAEVnNesQQOg3p9D_TzYqgxPwxqIjGjFOEpwd_WOBDgwLcKmLoLsQc7H9YoYXVn_5zPljIj74KbPFrUbRxd5yOeWhwHW-GByB6Ip1lWoON6yhpw3XcmR8vDG_pMeu6YTacaW7rztzxuDVSAso3agyJzIl55DkXSm0HkIAbql0o2FVRmQDdn79TioD5djjOcdyR6B9Ll8KWobATXg5kTNCV8f6VmiTD3-eq5wlHKNIFSNqgAye4gvbimUDjVslYyA9T6gh7VAG6OKqGI-ko4JxzdmgaPln8msEdBNNzenwvKwW_1JGuR5JuDiwY_r1NoFrwScPPSS7lZVFRW8EhqQXbwhBpr2b4TYS1M3xE81gUGMhHdn9iFJdo72GhdbQ6jlE5ooA-wkykS9h5qoHQpdl5g9lUB_WybAy_jCGjgw8r10BhtsC3Uftoflv1h3mNDn6XsB-QNnWgfCm9k2UAt8C4	2025-04-25 06:21:19.738608+05:30	5	2	90	places/neithal-park.jpg
\.


--
-- Data for Name: api_review; Type: TABLE DATA; Schema: public; Owner: ceylon_user
--

COPY public.api_review (id, rating, comment, created_at, trip_plan_id, user_id) FROM stdin;
2	4	Great place!	2025-05-04 20:56:23.34791+05:30	37	2
\.


--
-- Data for Name: api_theme; Type: TABLE DATA; Schema: public; Owner: ceylon_user
--

COPY public.api_theme (id, name) FROM stdin;
1	Adventure & Outdoors
2	Leisure & Relaxation
3	Culture & Heritage
\.


--
-- Data for Name: api_trip; Type: TABLE DATA; Schema: public; Owner: ceylon_user
--

COPY public.api_trip (id, destination_id, theme_id, check_in, check_out, transport, accommodation_type, accommodation_tier, travelers, budget, user_id) FROM stdin;
31	5	3	2025-04-26	2025-04-28	Public	Hotel	Luxury	2	135000.00	1
32	2	1	2025-04-26	2025-04-28	Public	Hotel	Luxury	1	60000.00	1
33	6	3	2025-04-28	2025-04-30	Public	Hotel	Luxury	1	50000.00	1
34	4	1	2025-04-26	2025-04-28	Public	Resort	Mid-range	3	120000.00	1
35	2	3	2025-04-26	2025-04-27	Public	Hotel	Luxury	1	30000.00	1
36	6	3	2025-04-26	2025-04-27	Public	Hotel	Luxury	1	30000.00	1
37	2	1	2025-04-26	2025-04-27	Public	Hotel	Luxury	1	30000.00	1
38	4	1	2025-04-26	2025-04-28	Public	Hotel	Mid-range	1	40000.00	1
39	4	1	2025-04-26	2025-04-28	Public	Hotel	Mid-range	1	45000.00	1
40	4	2	2025-04-26	2025-04-28	Public	Hotel	Mid-range	2	100000.00	1
41	4	1	2025-05-03	2025-05-05	Public	Hotel	Mid-range	1	41000.00	1
42	2	1	2025-05-05	2025-05-06	Public	Hotel	Luxury	2	50000.00	2
\.


--
-- Data for Name: api_tripplan; Type: TABLE DATA; Schema: public; Owner: ceylon_user
--

COPY public.api_tripplan (id, created_at, itinerary, cost_breakdown, trip_id, accommodation) FROM stdin;
32	2025-04-25 09:02:09.920665+05:30	[{"date": "2025-04-26", "activities": [{"lat": 6.032894799999999, "lng": 80.2167912, "name": "Rillamba Surf Point", "photo": "/static/images/placeholder.jpg", "duration": 120, "description": "A popular and beautiful spot known for its waves, perfect for surfing enthusiasts of all levels. Enjoy catching some waves or simply relax by the ocean."}], "budget_remaining": 4125.0}]	{"food": 2500.0, "misc": 3375.0, "total": 25875.0, "transport": 2000.0, "accommodation": 18000.0, "remaining_budget": "4125.00"}	37	{"lat": 5.999959, "lng": 80.264909, "name": "ROCKSIDE CABANAS HOTEL", "tier": "Luxury", "photo": "http://127.0.0.1:8000/media/accommodations/rockside-cabanas-hotel.jpg", "category": "Hotel", "price_per_night_per_person": 18000}
33	2025-04-25 09:06:10.629927+05:30	[{"date": "2025-04-26", "activities": [{"lat": 6.8621805, "lng": 81.0429635, "name": "Cozy View Point", "photo": "http://127.0.0.1:8000/media/places/cozy-view-point.jpg", "duration": 75, "description": "Enjoy a relaxing moment and admire the scenic views from this cozy viewpoint."}, {"lat": 6.863018599999999, "lng": 81.0432727, "name": "Agala Waterfall", "photo": "http://127.0.0.1:8000/media/places/agala-waterfall-camping.jpg", "duration": 90, "description": "Discover the beautiful Agala Waterfall, a scenic cascade nestled in nature, popular among visitors and campers."}], "budget_remaining": 1025.0}, {"date": "2025-04-27", "activities": [{"lat": 6.866698799999998, "lng": 81.046553, "name": "Pahala Ella River View", "photo": "/static/images/placeholder.jpg", "duration": 60, "description": "Enjoy scenic views of the river and surrounding landscape from this natural viewpoint."}, {"lat": 6.866698799999998, "lng": 81.046553, "name": "Ella Town", "photo": "/static/images/placeholder.jpg", "duration": 90, "description": "Ella is a popular hill station known for its stunning natural beauty, including waterfalls, tea plantations, and scenic viewpoints. It's a perfect base for exploring the surrounding mountains and valleys."}], "budget_remaining": 1025.0}]	{"food": 5000.0, "misc": 4950.0, "total": 37950.0, "transport": 4000.0, "accommodation": 24000.0, "remaining_budget": "2050.00"}	38	{"lat": 6.8712848, "lng": 81.0421167, "name": "Hotel Heaven's Edge by EHI", "tier": "Mid-range", "photo": "http://127.0.0.1:8000/media/accommodations/hotel-heavens-edge-by-ehi.jpg", "category": "Hotel", "price_per_night_per_person": 12000}
34	2025-04-25 10:35:44.742161+05:30	[{"date": "2025-04-26", "activities": [{"lat": 6.8621805, "lng": 81.0429635, "name": "Cozy View Point", "photo": "http://127.0.0.1:8000/media/places/cozy-view-point.jpg", "duration": 75, "description": "Enjoy a relaxing moment and admire the scenic views from this cozy viewpoint."}, {"lat": 6.863018599999999, "lng": 81.0432727, "name": "Agala Waterfall", "photo": "http://127.0.0.1:8000/media/places/agala-waterfall-camping.jpg", "duration": 90, "description": "Discover the beautiful Agala Waterfall, a scenic cascade nestled in nature, popular among visitors and campers."}], "budget_remaining": 3525.0}, {"date": "2025-04-27", "activities": [{"lat": 6.866698799999998, "lng": 81.046553, "name": "Pahala Ella River View", "photo": "/static/images/placeholder.jpg", "duration": 60, "description": "Enjoy scenic views of the river and surrounding landscape from this natural viewpoint."}, {"lat": 6.866698799999998, "lng": 81.046553, "name": "Ella Town", "photo": "/static/images/placeholder.jpg", "duration": 90, "description": "Ella is a popular hill station known for its stunning natural beauty, including waterfalls, tea plantations, and scenic viewpoints. It's a perfect base for exploring the surrounding mountains and valleys."}], "budget_remaining": 3525.0}]	{"food": 5000.0, "misc": 4950.0, "total": 37950.0, "transport": 4000.0, "accommodation": 24000.0, "remaining_budget": "7050.00"}	39	{"lat": 6.8712848, "lng": 81.0421167, "name": "Hotel Heaven's Edge by EHI", "tier": "Mid-range", "photo": "http://127.0.0.1:8000/media/accommodations/hotel-heavens-edge-by-ehi.jpg", "category": "Hotel", "price_per_night_per_person": 12000}
35	2025-04-25 10:37:03.983157+05:30	[{"date": "2025-04-26", "activities": [{"lat": 6.8612098, "lng": 81.04368099999999, "name": "Kithalella Swimming Bath", "photo": "http://127.0.0.1:8000/media/places/kithalella-swimming-bath.jpg", "duration": 90, "description": "Enjoy a refreshing swim and relax in the natural waters of Kithalella Swimming Bath."}, {"lat": 6.866698799999998, "lng": 81.046553, "name": "Ridibedi Ella Anicut & Bathing Point", "photo": "http://127.0.0.1:8000/media/places/ridibedi-ella-anicut-and-bathing-point.jpg", "duration": 90, "description": "A pleasant bathing spot near a small weir (anicut), perfect for a refreshing dip and relaxing by the water."}], "budget_remaining": 14350.0}, {"date": "2025-04-27", "activities": [{"lat": 6.8762875, "lng": 81.04597930000001, "name": "Tea Land View Point", "photo": "http://127.0.0.1:8000/media/places/view-point-tea-land.jpg", "duration": 90, "description": "Enjoy breathtaking panoramic views of the lush green tea plantations and surrounding landscapes from this stunning vantage point."}, {"lat": 6.8733612, "lng": 81.05693339999999, "name": "The Bridge of St Francis", "photo": "http://127.0.0.1:8000/media/places/the-bridge-of-st-francis.jpg", "duration": 60, "description": "A picturesque bridge offering scenic views of the surrounding landscape, perfect for a brief stop and photos."}], "budget_remaining": 14350.0}]	{"food": 10000.0, "misc": 9300.0, "total": 71300.0, "transport": 4000.0, "accommodation": 48000.0, "remaining_budget": "28700.00"}	40	{"lat": 6.8712848, "lng": 81.0421167, "name": "Hotel Heaven's Edge by EHI", "tier": "Mid-range", "photo": "http://127.0.0.1:8000/media/accommodations/hotel-heavens-edge-by-ehi.jpg", "category": "Hotel", "price_per_night_per_person": 12000}
36	2025-05-02 06:57:30.588283+05:30	[{"date": "2025-05-03", "activities": [{"lat": 6.8621805, "lng": 81.0429635, "name": "Cozy View Point", "photo": "http://127.0.0.1:8000/media/places/cozy-view-point.jpg", "duration": 75, "description": "Enjoy a relaxing moment and admire the scenic views from this cozy viewpoint."}, {"lat": 6.863018599999999, "lng": 81.0432727, "name": "Agala Waterfall", "photo": "http://127.0.0.1:8000/media/places/agala-waterfall-camping.jpg", "duration": 90, "description": "Discover the beautiful Agala Waterfall, a scenic cascade nestled in nature, popular among visitors and campers."}], "budget_remaining": 1525.0}, {"date": "2025-05-04", "activities": [{"lat": 6.866698799999998, "lng": 81.046553, "name": "Pahala Ella River View", "photo": "/static/images/placeholder.jpg", "duration": 60, "description": "Enjoy scenic views of the river and surrounding landscape from this natural viewpoint."}, {"lat": 6.866698799999998, "lng": 81.046553, "name": "Ella Town", "photo": "/static/images/placeholder.jpg", "duration": 90, "description": "Ella is a popular hill station known for its stunning natural beauty, including waterfalls, tea plantations, and scenic viewpoints. It's a perfect base for exploring the surrounding mountains and valleys."}], "budget_remaining": 1525.0}]	{"food": 5000.0, "misc": 4950.0, "total": 37950.0, "transport": 4000.0, "accommodation": 24000.0, "remaining_budget": "3050.00"}	41	{"lat": 6.8712848, "lng": 81.0421167, "name": "Hotel Heaven's Edge by EHI", "tier": "Mid-range", "photo": "http://127.0.0.1:8000/media/accommodations/hotel-heavens-edge-by-ehi.jpg", "category": "Hotel", "price_per_night_per_person": 12000}
37	2025-05-04 20:49:41.348656+05:30	[{"date": "2025-05-05", "activities": [{"lat": 6.032894799999999, "lng": 80.2167912, "name": "Rillamba Surf Point", "photo": "/static/images/placeholder.jpg", "duration": 120, "description": "A popular and beautiful spot known for its waves, perfect for surfing enthusiasts of all levels. Enjoy catching some waves or simply relax by the ocean."}], "budget_remaining": 550.0000000000002}]	{"food": 5000.0, "misc": 6450.0, "total": 49450.0, "transport": 2000.0, "accommodation": 36000.0, "remaining_budget": "550.00"}	42	{"lat": 5.999959, "lng": 80.264909, "name": "ROCKSIDE CABANAS HOTEL", "tier": "Luxury", "photo": "http://127.0.0.1:8000/media/accommodations/rockside-cabanas-hotel.jpg", "category": "Hotel", "price_per_night_per_person": 18000}
\.


--
-- Data for Name: auth_group; Type: TABLE DATA; Schema: public; Owner: ceylon_user
--

COPY public.auth_group (id, name) FROM stdin;
\.


--
-- Data for Name: auth_group_permissions; Type: TABLE DATA; Schema: public; Owner: ceylon_user
--

COPY public.auth_group_permissions (id, group_id, permission_id) FROM stdin;
\.


--
-- Data for Name: auth_permission; Type: TABLE DATA; Schema: public; Owner: ceylon_user
--

COPY public.auth_permission (id, name, content_type_id, codename) FROM stdin;
1	Can add log entry	1	add_logentry
2	Can change log entry	1	change_logentry
3	Can delete log entry	1	delete_logentry
4	Can view log entry	1	view_logentry
5	Can add permission	2	add_permission
6	Can change permission	2	change_permission
7	Can delete permission	2	delete_permission
8	Can view permission	2	view_permission
9	Can add group	3	add_group
10	Can change group	3	change_group
11	Can delete group	3	delete_group
12	Can view group	3	view_group
13	Can add user	4	add_user
14	Can change user	4	change_user
15	Can delete user	4	delete_user
16	Can view user	4	view_user
17	Can add content type	5	add_contenttype
18	Can change content type	5	change_contenttype
19	Can delete content type	5	delete_contenttype
20	Can view content type	5	view_contenttype
21	Can add session	6	add_session
22	Can change session	6	change_session
23	Can delete session	6	delete_session
24	Can view session	6	view_session
25	Can add trip	7	add_trip
26	Can change trip	7	change_trip
27	Can delete trip	7	delete_trip
28	Can view trip	7	view_trip
29	Can add trip plan	8	add_tripplan
30	Can change trip plan	8	change_tripplan
31	Can delete trip plan	8	delete_tripplan
32	Can view trip plan	8	view_tripplan
33	Can add review	9	add_review
34	Can change review	9	change_review
35	Can delete review	9	delete_review
36	Can view review	9	view_review
37	Can add emergency contact	10	add_emergencycontact
38	Can change emergency contact	10	change_emergencycontact
39	Can delete emergency contact	10	delete_emergencycontact
40	Can view emergency contact	10	view_emergencycontact
41	Can add destination	11	add_destination
42	Can change destination	11	change_destination
43	Can delete destination	11	delete_destination
44	Can view destination	11	view_destination
45	Can add theme	12	add_theme
46	Can change theme	12	change_theme
47	Can delete theme	12	delete_theme
48	Can view theme	12	view_theme
49	Can add place	13	add_place
50	Can change place	13	change_place
51	Can delete place	13	delete_place
52	Can view place	13	view_place
53	Can add accommodation	14	add_accommodation
54	Can change accommodation	14	change_accommodation
55	Can delete accommodation	14	delete_accommodation
56	Can view accommodation	14	view_accommodation
\.


--
-- Data for Name: auth_user; Type: TABLE DATA; Schema: public; Owner: ceylon_user
--

COPY public.auth_user (id, password, last_login, is_superuser, username, first_name, last_name, email, is_staff, is_active, date_joined) FROM stdin;
2	pbkdf2_sha256$1000000$OlqwkSJBLALz8DcIfGEXWg$ORkFmMRFhRy5+sumRgEup+3oxAcJ2Hdh1X/1v21Iwyw=	\N	f	test			test@email.com	f	t	2025-05-02 06:58:39.992832+05:30
1	pbkdf2_sha256$1000000$LokxEPUanYIweg0vHpjo7r$Ll/4RRRWVa4xX+Gw38TJhNMtfhZbpOnpL4a0jO9tnXk=	2025-05-03 11:59:40.334262+05:30	t	admin				t	t	2025-04-23 01:37:38.682424+05:30
\.


--
-- Data for Name: auth_user_groups; Type: TABLE DATA; Schema: public; Owner: ceylon_user
--

COPY public.auth_user_groups (id, user_id, group_id) FROM stdin;
\.


--
-- Data for Name: auth_user_user_permissions; Type: TABLE DATA; Schema: public; Owner: ceylon_user
--

COPY public.auth_user_user_permissions (id, user_id, permission_id) FROM stdin;
\.


--
-- Data for Name: django_admin_log; Type: TABLE DATA; Schema: public; Owner: ceylon_user
--

COPY public.django_admin_log (id, action_time, object_id, object_repr, action_flag, change_message, content_type_id, user_id) FROM stdin;
1	2025-04-23 19:21:01.844276+05:30	49	Path to the Nine Arch Bridge	3		13	1
2	2025-04-23 19:21:01.844319+05:30	48	Ella Swing	3		13	1
3	2025-04-23 19:21:01.84434+05:30	47	Free Viewpoint	3		13	1
4	2025-04-23 19:21:01.844356+05:30	46	Cooking Class with Sadamali	3		13	1
5	2025-04-23 19:21:01.844372+05:30	45	Ella Rock Viewpoint	3		13	1
6	2025-04-23 19:21:01.844388+05:30	44	The Bridge of St Francis	3		13	1
7	2025-04-23 19:21:01.844404+05:30	43	Stump of Good Faith	3		13	1
8	2025-04-23 19:21:01.844419+05:30	42	Ravana View Point	3		13	1
9	2025-04-23 19:21:01.844434+05:30	41	Nine Arches Bridge Path	3		13	1
10	2025-04-23 19:21:01.844448+05:30	40	Ella Signal	3		13	1
11	2025-04-23 19:21:01.844462+05:30	39	Ella Tea Land Viewpoint	3		13	1
12	2025-04-23 19:21:01.844477+05:30	38	Ella Rock Trailhead	3		13	1
13	2025-04-23 19:21:01.844491+05:30	37	Ella Viewpoint and Camping	3		13	1
14	2025-04-23 19:21:01.844505+05:30	36	Hills View Point	3		13	1
15	2025-04-23 19:21:01.844519+05:30	35	Kuda Ravana Ella Waterfall Viewpoint	3		13	1
16	2025-04-23 19:21:01.844532+05:30	34	Kithalella Natural Pool	3		13	1
17	2025-04-23 19:21:01.844546+05:30	33	Brother's Waterfall	3		13	1
18	2025-04-23 19:21:01.84456+05:30	32	Cozy Viewpoint	3		13	1
19	2025-04-23 19:21:01.844574+05:30	31	Agro Tourism Farm	3		13	1
20	2025-04-23 19:21:01.844588+05:30	30	Agala Waterfall Camping	3		13	1
21	2025-04-23 19:21:01.844602+05:30	29	Kuda Ravana Ella Waterfall	3		13	1
22	2025-04-23 19:21:01.844616+05:30	28	Small Ravana Falls	3		13	1
23	2025-04-23 19:21:01.844629+05:30	27	The Wonder View Swing	3		13	1
24	2025-04-23 19:21:01.844643+05:30	26	Ella Foggy Road Viewpoint	3		13	1
25	2025-04-23 19:21:01.844657+05:30	25	Hidden Waterfall	3		13	1
26	2025-04-23 19:21:01.844671+05:30	24	Waterfall Pool	3		13	1
27	2025-04-23 19:21:01.844685+05:30	23	Little Adam's Peak Viewpoint	3		13	1
28	2025-04-23 19:21:01.844699+05:30	22	Elma Viewpoint	3		13	1
29	2025-04-23 19:21:01.844712+05:30	21	Ella Mount Heaven Viewpoint	3		13	1
30	2025-04-23 19:21:01.844727+05:30	20	Riversplendor Waterfall & Spicy Garden	3		13	1
31	2025-04-23 19:21:01.844741+05:30	19	Little Rawana Waterfall & Swimming Pool	3		13	1
32	2025-04-23 19:21:01.844755+05:30	18	Ella Treehouse Zipline	3		13	1
33	2025-04-23 19:21:01.844768+05:30	17	Kital Ella Waterfall	3		13	1
34	2025-04-23 19:21:01.844782+05:30	16	Ridibedi Ella Bathing Point	3		13	1
35	2025-04-23 19:21:01.844795+05:30	15	Ella Newage Trekking	3		13	1
36	2025-04-23 19:21:01.844808+05:30	14	Adam's Throat	3		13	1
37	2025-04-23 19:21:01.844822+05:30	13	Pahala Ella River View	3		13	1
38	2025-04-23 19:21:01.844836+05:30	12	Adam's Nut Hill	3		13	1
39	2025-04-23 19:21:01.844853+05:30	11	Porawagala Viewpoint	3		13	1
40	2025-04-23 19:21:01.844867+05:30	10	Ravana's Cave	3		13	1
41	2025-04-23 19:22:09.771853+05:30	89	Path to the Nine Arch Bridge	3		13	1
42	2025-04-23 19:22:09.771891+05:30	88	Ella Swing	3		13	1
43	2025-04-23 19:22:09.771912+05:30	87	Free Viewpoint	3		13	1
44	2025-04-23 19:22:09.771929+05:30	86	Cooking Class with Sadamali	3		13	1
45	2025-04-23 19:22:09.771946+05:30	85	Ella Rock Viewpoint	3		13	1
46	2025-04-23 19:22:09.771962+05:30	84	The Bridge of St Francis	3		13	1
47	2025-04-23 19:22:09.771978+05:30	83	Stump of Good Faith	3		13	1
48	2025-04-23 19:22:09.771993+05:30	82	Ravana View Point	3		13	1
49	2025-04-23 19:22:09.772008+05:30	81	Nine Arches Bridge Path	3		13	1
50	2025-04-23 19:22:09.772022+05:30	80	Ella Signal	3		13	1
51	2025-04-23 19:22:09.772037+05:30	79	Ella Tea Land Viewpoint	3		13	1
52	2025-04-23 19:22:09.772051+05:30	78	Ella Rock Trailhead	3		13	1
53	2025-04-23 19:22:09.772065+05:30	77	Ella Viewpoint and Camping	3		13	1
54	2025-04-23 19:22:09.772079+05:30	76	Hills View Point	3		13	1
55	2025-04-23 19:22:09.772093+05:30	75	Kuda Ravana Ella Waterfall Viewpoint	3		13	1
56	2025-04-23 19:22:09.772107+05:30	74	Kithalella Natural Pool	3		13	1
57	2025-04-23 19:22:09.772121+05:30	73	Brother's Waterfall	3		13	1
58	2025-04-23 19:22:09.772135+05:30	72	Cozy Viewpoint	3		13	1
59	2025-04-23 19:22:09.772149+05:30	71	Agro Tourism Farm	3		13	1
60	2025-04-23 19:22:09.772162+05:30	70	Agala Waterfall Camping	3		13	1
61	2025-04-23 19:22:09.772176+05:30	69	Kuda Ravana Ella Waterfall	3		13	1
62	2025-04-23 19:22:09.77219+05:30	68	Small Ravana Falls	3		13	1
63	2025-04-23 19:22:09.772203+05:30	67	The Wonder View Swing	3		13	1
64	2025-04-23 19:22:09.772217+05:30	66	Ella Foggy Road Viewpoint	3		13	1
65	2025-04-23 19:22:09.772231+05:30	65	Hidden Waterfall	3		13	1
66	2025-04-23 19:22:09.772244+05:30	64	Waterfall Pool	3		13	1
67	2025-04-23 19:22:09.772258+05:30	63	Little Adam's Peak Viewpoint	3		13	1
68	2025-04-23 19:22:09.772272+05:30	62	Elma Viewpoint	3		13	1
69	2025-04-23 19:22:09.772287+05:30	61	Ella Mount Heaven Viewpoint	3		13	1
70	2025-04-23 19:22:09.772301+05:30	60	Riversplendor Waterfall & Spicy Garden	3		13	1
71	2025-04-23 19:22:09.772315+05:30	59	Little Rawana Waterfall & Swimming Pool	3		13	1
72	2025-04-23 19:22:09.772329+05:30	58	Ella Treehouse Zipline	3		13	1
73	2025-04-23 19:22:09.772343+05:30	57	Kital Ella Waterfall	3		13	1
74	2025-04-23 19:22:09.772356+05:30	56	Ridibedi Ella Bathing Point	3		13	1
75	2025-04-23 19:22:09.77237+05:30	55	Ella Newage Trekking	3		13	1
76	2025-04-23 19:22:09.772384+05:30	54	Adam's Throat	3		13	1
77	2025-04-23 19:22:09.772397+05:30	53	Pahala Ella River View	3		13	1
78	2025-04-23 19:22:09.772411+05:30	52	Adam's Nut Hill	3		13	1
79	2025-04-23 19:22:09.772425+05:30	51	Porawagala Viewpoint	3		13	1
80	2025-04-23 19:22:09.772438+05:30	50	Ravana's Cave	3		13	1
81	2025-04-23 19:29:04.982511+05:30	127	Path to Ella Bridge	3		13	1
82	2025-04-23 19:29:04.982548+05:30	126	Ella Swing	3		13	1
83	2025-04-23 19:29:04.982568+05:30	125	Free View Point	3		13	1
84	2025-04-23 19:29:04.982585+05:30	124	Ella Rock Viewpoint	3		13	1
85	2025-04-23 19:29:04.9826+05:30	123	The Bridge of St Francis	3		13	1
86	2025-04-23 19:29:04.982616+05:30	122	Stump of Good Faith	3		13	1
87	2025-04-23 19:29:04.982631+05:30	121	Ravana View Point	3		13	1
88	2025-04-23 19:29:04.982645+05:30	120	Nine Arches Bridge Path	3		13	1
89	2025-04-23 19:29:04.98266+05:30	119	Tea Land Viewpoint	3		13	1
90	2025-04-23 19:29:04.982676+05:30	118	Ella Rock Trailhead	3		13	1
91	2025-04-23 19:29:04.982691+05:30	117	Ella Viewpoint & Camping	3		13	1
92	2025-04-23 19:29:04.982706+05:30	116	Hills Viewpoint	3		13	1
93	2025-04-23 19:29:04.98272+05:30	115	Kuda Ravana Ella Viewpoint	3		13	1
94	2025-04-23 19:29:04.982734+05:30	114	Kithalella Natural Pool	3		13	1
95	2025-04-23 19:29:04.982747+05:30	113	Brother's Waterfall	3		13	1
96	2025-04-23 19:29:04.982761+05:30	112	Cozy Viewpoint	3		13	1
97	2025-04-23 19:29:04.982775+05:30	111	Agro Tourism Farm	3		13	1
98	2025-04-23 19:29:04.982789+05:30	110	Agala Waterfall Camping	3		13	1
99	2025-04-23 19:29:04.982803+05:30	109	Kuda Ravana Ella Waterfall	3		13	1
100	2025-04-23 19:29:04.982816+05:30	108	Small Rawana Waterfall	3		13	1
101	2025-04-23 19:29:04.98283+05:30	107	Wonder View Swing Ella	3		13	1
102	2025-04-23 19:29:04.982843+05:30	106	Ella Foggy Road Viewpoint	3		13	1
103	2025-04-23 19:29:04.982857+05:30	105	Hidden Waterfall	3		13	1
104	2025-04-23 19:29:04.982871+05:30	104	Waterfall Pool	3		13	1
105	2025-04-23 19:29:04.982885+05:30	103	Little Adam's Peak Viewpoint	3		13	1
106	2025-04-23 19:29:04.982898+05:30	102	Viewpoint Elma	3		13	1
107	2025-04-23 19:29:04.982912+05:30	101	Ella Mount Heaven View	3		13	1
108	2025-04-23 19:29:04.982926+05:30	100	Riversplendor Waterfall & Spicy Garden	3		13	1
109	2025-04-23 19:29:04.982939+05:30	99	Little Ravana Waterfall & Pool	3		13	1
110	2025-04-23 19:29:04.982952+05:30	98	Ella Treehouse Zipline	3		13	1
111	2025-04-23 19:29:04.982965+05:30	97	Kital Ella Waterfall	3		13	1
112	2025-04-23 19:29:04.982979+05:30	96	Ridibedi Ella Bathing Point	3		13	1
113	2025-04-23 19:29:04.982992+05:30	95	Ella New Age Trekking	3		13	1
114	2025-04-23 19:29:04.983006+05:30	94	Adam's Throat	3		13	1
115	2025-04-23 19:29:04.983019+05:30	93	Pahala Ella River View	3		13	1
116	2025-04-23 19:29:04.983032+05:30	92	  	3		13	1
117	2025-04-23 19:29:04.983046+05:30	91	Porawagala Viewpoint	3		13	1
118	2025-04-23 19:29:04.983059+05:30	90	Ravana's Cave	3		13	1
119	2025-04-24 16:11:25.398844+05:30	4	2025-04-23 23:20:45.688139+00:00 - Ella	3		8	1
120	2025-04-24 16:11:25.39898+05:30	3	2025-04-23 19:06:45.894526+00:00 - Kandy	3		8	1
121	2025-04-24 16:11:25.399009+05:30	2	2025-04-22 21:29:08.828698+00:00 - Jaffna	3		8	1
122	2025-04-24 16:11:25.399033+05:30	1	2025-04-22 21:13:11.524665+00:00 - Colombo	3		8	1
123	2025-04-24 16:11:33.983225+05:30	235	Neithal Archery	3		13	1
124	2025-04-24 16:11:33.983249+05:30	234	Neithal Boating	3		13	1
125	2025-04-24 16:11:33.983256+05:30	233	Neithal Taj Mahal	3		13	1
126	2025-04-24 16:11:33.983263+05:30	232	Neithal Liberty Statue	3		13	1
127	2025-04-24 16:11:33.983269+05:30	231	Thamarai Kulam (Lotus Pond)	3		13	1
128	2025-04-24 16:11:33.983275+05:30	230	Mandaiteevu Vayal Kulam	3		13	1
129	2025-04-24 16:11:33.983281+05:30	229	Bharathiyar Statue	3		13	1
130	2025-04-24 16:11:33.983288+05:30	228	Addakiri Kulam	3		13	1
131	2025-04-24 16:11:33.983293+05:30	227	Smile Zone	3		13	1
132	2025-04-24 16:11:33.9833+05:30	226	Kopay Beach	3		13	1
133	2025-04-24 16:11:33.983306+05:30	225	Ooriyan, Navatkuli	3		13	1
134	2025-04-24 16:11:33.983313+05:30	224	Neithal Eco Park	3		13	1
135	2025-04-24 16:11:33.983319+05:30	223	Jaffna Obelisk Lighthouse	3		13	1
136	2025-04-24 16:11:33.983325+05:30	222	Muniappar Kovil	3		13	1
137	2025-04-24 16:11:33.983331+05:30	221	Jaffna Lagoon Area	3		13	1
138	2025-04-24 16:11:33.983337+05:30	220	Pannai Beach	3		13	1
139	2025-04-24 16:11:33.983342+05:30	219	PAT's PalmBo Tree	3		13	1
140	2025-04-24 16:11:33.983348+05:30	218	Jaffna Fort Well	3		13	1
141	2025-04-24 16:11:33.983353+05:30	217	Pannai Walkway	3		13	1
142	2025-04-24 16:11:33.983359+05:30	216	Jaffna Market	3		13	1
143	2025-04-24 16:11:33.983365+05:30	215	MGR Statue	3		13	1
144	2025-04-24 16:11:33.98337+05:30	214	King Sangiliyan's Statue	3		13	1
145	2025-04-24 16:11:33.983376+05:30	213	Selfie Point	3		13	1
146	2025-04-24 16:11:33.983382+05:30	212	Indian Cultural Centre	3		13	1
147	2025-04-24 16:11:33.983388+05:30	211	Beach Road, Jaffna	3		13	1
148	2025-04-24 16:11:33.983393+05:30	210	Active Theatre Movement	3		13	1
149	2025-04-24 16:11:33.983399+05:30	209	Ariyakulam Tourism Center	3		13	1
150	2025-04-24 16:11:33.983405+05:30	208	Jaffna Archeological Museum	3		13	1
151	2025-04-24 16:11:33.98341+05:30	207	Our Lady of Refuge Church	3		13	1
152	2025-04-24 16:11:33.983416+05:30	206	2nd World War British Siren Tower	3		13	1
153	2025-04-24 16:11:33.983421+05:30	205	Muttam Organisation	3		13	1
154	2025-04-24 16:11:33.983426+05:30	204	Old Park	3		13	1
155	2025-04-24 16:11:33.983432+05:30	203	Jaffna Dutch Fort	3		13	1
156	2025-04-24 16:11:33.983438+05:30	202	Nallur Kandaswamy Kovil	3		13	1
157	2025-04-24 16:11:33.983444+05:30	201	Jaffna Antiques Shop	3		13	1
158	2025-04-24 16:11:33.98345+05:30	200	St. Mary's Cathedral	3		13	1
159	2025-04-24 16:11:33.983456+05:30	199	Kandy Viewpoint	3		13	1
160	2025-04-24 16:11:33.983461+05:30	198	Canbuy Gem Museum	3		13	1
161	2025-04-24 16:11:33.983467+05:30	197	Hidden Waterfall Tiny Ella	3		13	1
162	2025-04-24 16:11:33.983473+05:30	196	Dunumadalawa Forest Reserve	3		13	1
163	2025-04-24 16:11:33.983478+05:30	195	Old Viewpoint on Old Matale Road	3		13	1
164	2025-04-24 16:11:33.983484+05:30	194	Ayur Hanthana Spice and Herbal Garden	3		13	1
165	2025-04-24 16:11:33.98349+05:30	193	Anniewatta Tunnel	3		13	1
166	2025-04-24 16:11:33.983495+05:30	192	British Garrison Cemetery, Kandy	3		13	1
167	2025-04-24 16:11:33.9835+05:30	191	Kandy National Museum	3		13	1
168	2025-04-24 16:11:33.983506+05:30	190	Asgiri Maha Vihara	3		13	1
169	2025-04-24 16:11:33.983512+05:30	189	Sri Vishnu Devala	3		13	1
170	2025-04-24 16:11:33.983518+05:30	188	Fish Feeding at Royal Bath	3		13	1
171	2025-04-24 16:11:33.983523+05:30	187	St. Anthony's Cathedral	3		13	1
172	2025-04-24 16:11:33.983529+05:30	186	Diyathilaka Mandapa Island	3		13	1
173	2025-04-24 16:11:33.983534+05:30	185	Arthur's Seat View Point	3		13	1
174	2025-04-24 16:11:33.983539+05:30	184	Kandy Viewpoint	3		13	1
175	2025-04-24 16:11:33.983545+05:30	183	Northern Kandy Lakeside View	3		13	1
176	2025-04-24 16:11:33.98355+05:30	182	G.S.S Art Space	3		13	1
177	2025-04-24 16:11:33.983556+05:30	181	Sri Maha Bodhi Viharaya	3		13	1
178	2025-04-24 16:11:33.983561+05:30	180	Colombo Street	3		13	1
179	2025-04-24 16:11:33.983567+05:30	179	Red Mosque	3		13	1
180	2025-04-24 16:11:33.983572+05:30	178	Hanthana Viewpoint	3		13	1
181	2025-04-24 16:11:33.983578+05:30	177	Kandy Lake View Point	3		13	1
182	2025-04-24 16:11:33.983585+05:30	176	Giragama Walawwa	3		13	1
183	2025-04-24 16:11:33.98359+05:30	175	Kandy Lake West Side Viewpoint	3		13	1
184	2025-04-24 16:11:33.983596+05:30	174	Royal Palace Park	3		13	1
185	2025-04-24 16:11:33.983601+05:30	173	Kandy Clock Tower Viewpoint	3		13	1
186	2025-04-24 16:11:33.983613+05:30	172	Kandy Clock Tower	3		13	1
187	2025-04-24 16:11:33.983618+05:30	171	Ruhunu Maha Kataragama Devalaya	3		13	1
188	2025-04-24 16:11:33.983624+05:30	170	Yoga, Reiki, and Meditation	3		13	1
189	2025-04-24 16:11:33.98363+05:30	169	International Buddhist Museum	3		13	1
190	2025-04-24 16:11:33.983635+05:30	168	Old Royal Palace	3		13	1
191	2025-04-24 16:11:33.983641+05:30	167	Sri Dalada Museum	3		13	1
192	2025-04-24 16:11:33.983646+05:30	166	Museum of the Tusker Rajah	3		13	1
193	2025-04-24 16:11:33.983652+05:30	165	Udawatta Kele Sanctuary	3		13	1
194	2025-04-24 16:11:33.983657+05:30	164	Kandyan Cultural Centre	3		13	1
195	2025-04-24 16:11:33.983662+05:30	163	Sri Dalada Maligawa	3		13	1
196	2025-04-24 16:11:33.983668+05:30	162	Ella Swing	3		13	1
197	2025-04-24 16:11:33.983674+05:30	161	Free View Point	3		13	1
198	2025-04-24 16:11:33.983679+05:30	160	Ella Rock Viewpoint	3		13	1
199	2025-04-24 16:11:33.983684+05:30	159	Bridge of St Francis	3		13	1
200	2025-04-24 16:11:33.983691+05:30	158	Stump of Good Faith	3		13	1
201	2025-04-24 16:11:33.983697+05:30	157	Ravana View Point	3		13	1
202	2025-04-24 16:11:33.983703+05:30	156	Nine Arches Bridge	3		13	1
203	2025-04-24 16:11:33.983708+05:30	155	Ella Signal	3		13	1
204	2025-04-24 16:11:33.983713+05:30	154	Viewpoint (Tea Land)	3		13	1
205	2025-04-24 16:11:33.983718+05:30	153	Ella Rock Trailhead	3		13	1
206	2025-04-24 16:11:33.983724+05:30	152	Ella Viewpoint & Camping	3		13	1
207	2025-04-24 16:11:33.98373+05:30	151	Hills Viewpoint	3		13	1
208	2025-04-24 16:11:33.983735+05:30	150	Kuda Ravana Ella Waterfall View	3		13	1
209	2025-04-24 16:11:33.98374+05:30	149	Kithalella Natural Pool	3		13	1
210	2025-04-24 16:11:33.983746+05:30	148	Brother's Waterfall	3		13	1
211	2025-04-24 16:11:33.983752+05:30	147	Cozy Viewpoint	3		13	1
212	2025-04-24 16:11:33.983757+05:30	146	Agro Tourism Farm	3		13	1
213	2025-04-24 16:11:33.983763+05:30	145	Agala Waterfall Camping	3		13	1
214	2025-04-24 16:11:33.98377+05:30	144	Kuda Ravana Ella Waterfall	3		13	1
215	2025-04-24 16:11:33.983775+05:30	143	Small Rawana Waterfall	3		13	1
216	2025-04-24 16:11:33.983781+05:30	142	The Wonder View Swing	3		13	1
217	2025-04-24 16:11:33.983786+05:30	141	Ella Foggy Road Viewpoint	3		13	1
218	2025-04-24 16:11:33.983791+05:30	140	Hidden Waterfall	3		13	1
219	2025-04-24 16:11:33.983797+05:30	139	Waterfall Pool	3		13	1
220	2025-04-24 16:11:33.983802+05:30	138	Viewpoint Elma	3		13	1
221	2025-04-24 16:11:33.983808+05:30	137	Ella Mount Heaven View	3		13	1
222	2025-04-24 16:11:33.983813+05:30	136	Riversplendor Waterfall & Spice Garden	3		13	1
223	2025-04-24 16:11:39.616234+05:30	135	Little Ravana Waterfall & Natural Pool	3		13	1
224	2025-04-24 16:11:39.616268+05:30	134	Ella Treehouse Zipline	3		13	1
225	2025-04-24 16:11:39.616287+05:30	133	Kital Ella Waterfall	3		13	1
226	2025-04-24 16:11:39.616303+05:30	132	Ridibedi Ella Anicut & Bathing Point	3		13	1
227	2025-04-24 16:11:39.616318+05:30	131	Ella Newage Trekking	3		13	1
228	2025-04-24 16:11:39.616334+05:30	130	Pahala Ella River View	3		13	1
229	2025-04-24 16:11:39.616349+05:30	129	Porawagala Viewpoint	3		13	1
230	2025-04-24 16:11:39.616364+05:30	128	Ravana's Cave	3		13	1
231	2025-04-24 16:44:20.57123+05:30	6	2025-04-24 11:10:28.625770+00:00 - Kandy	3		8	1
232	2025-04-24 16:44:20.571282+05:30	5	2025-04-24 10:56:45.205706+00:00 - Kandy	3		8	1
233	2025-04-24 17:42:23.628913+05:30	9	2025-04-24 12:05:48.757820+00:00 - Kandy	3		8	1
234	2025-04-24 17:42:23.628958+05:30	8	2025-04-24 11:37:01.276870+00:00 - Kandy	3		8	1
235	2025-04-24 17:42:23.628985+05:30	7	2025-04-24 11:15:05.830590+00:00 - Kandy	3		8	1
236	2025-04-24 21:07:12.312901+05:30	10	2025-04-24 12:14:35.558664+00:00 - Kandy	3		8	1
237	2025-04-24 21:07:45.831642+05:30	269	Kandy City Viewpoint	3		13	1
238	2025-04-24 21:07:45.831685+05:30	268	Canbuy Gem Museum	3		13	1
239	2025-04-24 21:07:45.831704+05:30	267	Hidden Waterfall	3		13	1
240	2025-04-24 21:07:45.83172+05:30	266	Dunumadalawa Forest Reserve	3		13	1
241	2025-04-24 21:07:45.831736+05:30	265	Old Viewpoint (Old Matale Road)	3		13	1
242	2025-04-24 21:07:45.831751+05:30	264	Hanthana Spice & Herbal Garden	3		13	1
243	2025-04-24 21:07:45.831765+05:30	263	Anniewatta Tunnel	3		13	1
244	2025-04-24 21:07:45.831779+05:30	262	British Garrison Cemetery	3		13	1
245	2025-04-24 21:07:45.831793+05:30	261	Kandy National Museum	3		13	1
246	2025-04-24 21:07:45.831807+05:30	260	Asgiri Maha Vihara Pirivena	3		13	1
247	2025-04-24 21:07:45.831821+05:30	259	Sri Vishnu Devalaya	3		13	1
248	2025-04-24 21:07:45.831839+05:30	258	Fish Feeding at Royal Bath	3		13	1
249	2025-04-24 21:07:45.831852+05:30	257	Diyathilaka Mandapa Island	3		13	1
250	2025-04-24 21:07:45.831866+05:30	256	Bahirawakanda Vihara Buddha Statue	3		13	1
251	2025-04-24 21:07:45.83188+05:30	255	Arthur's Seat View Point	3		13	1
252	2025-04-24 21:07:45.831893+05:30	254	Kandy Viewpoint	3		13	1
253	2025-04-24 21:07:45.831907+05:30	253	Northern Kandy Lakeside View	3		13	1
254	2025-04-24 21:07:45.83192+05:30	252	Sri Maha Bodhi Viharaya	3		13	1
255	2025-04-24 21:07:45.831934+05:30	251	Queens Junction	3		13	1
256	2025-04-24 21:07:45.831947+05:30	250	Red Mosque of Kandy	3		13	1
257	2025-04-24 21:07:45.831961+05:30	249	Hanthana Viewpoint	3		13	1
258	2025-04-24 21:07:45.831975+05:30	248	Kandy Lake Viewpoint	3		13	1
259	2025-04-24 21:07:45.831988+05:30	247	Giragama Walawwa	3		13	1
260	2025-04-24 21:07:45.832002+05:30	246	Kandy Lake West Side View	3		13	1
261	2025-04-24 21:07:45.832015+05:30	245	Royal Palace Park	3		13	1
262	2025-04-24 21:07:45.832028+05:30	244	Kandy Clock Tower View Point	3		13	1
263	2025-04-24 21:07:45.832042+05:30	243	Ruhunu Maha Kataragama Devalaya	3		13	1
264	2025-04-24 21:07:45.832055+05:30	242	International Buddhist Museum	3		13	1
265	2025-04-24 21:07:45.832068+05:30	241	Old Royal Palace	3		13	1
266	2025-04-24 21:07:45.832081+05:30	240	Sri Dalada Museum	3		13	1
267	2025-04-24 21:07:45.832095+05:30	239	Tusker Rajah Museum	3		13	1
268	2025-04-24 21:07:45.832108+05:30	238	Udawatta Kele Sanctuary	3		13	1
269	2025-04-24 21:07:45.832127+05:30	237	Kandyan Cultural Centre	3		13	1
270	2025-04-24 21:07:45.83214+05:30	236	Sri Dalada Maligawa (Temple of the Tooth)	3		13	1
271	2025-04-24 23:51:22.552544+05:30	1	Review by admin for Kandy	3		9	1
272	2025-04-24 23:52:02.702548+05:30	11	2025-04-24 16:03:37.333106+00:00 - Kandy	3		8	1
273	2025-04-25 03:29:18.523744+05:30	17	2025-04-24 21:57:31.391612+00:00 - Kandy	3		8	1
274	2025-04-25 03:29:18.523798+05:30	16	2025-04-24 21:45:25.989587+00:00 - Kandy	3		8	1
275	2025-04-25 03:29:18.523812+05:30	15	2025-04-24 21:28:12.236556+00:00 - Jaffna	3		8	1
276	2025-04-25 03:29:18.523825+05:30	14	2025-04-24 20:25:48.953145+00:00 - Galle	3		8	1
277	2025-04-25 03:29:18.523834+05:30	13	2025-04-24 18:24:12.499047+00:00 - Ella	3		8	1
278	2025-04-25 03:29:18.523843+05:30	12	2025-04-24 18:01:06.253101+00:00 - Kandy	3		8	1
279	2025-04-25 04:14:49.606253+05:30	22	2025-04-24 22:14:01.074544+00:00 - Kandy	3		8	1
280	2025-04-25 04:14:49.606298+05:30	21	2025-04-24 22:09:50.579143+00:00 - Kandy	3		8	1
281	2025-04-25 04:14:49.606323+05:30	20	2025-04-24 22:07:02.990181+00:00 - Kandy	3		8	1
282	2025-04-25 04:14:49.606347+05:30	19	2025-04-24 22:06:55.523545+00:00 - Kandy	3		8	1
283	2025-04-25 04:15:08.91485+05:30	30	Hotel Bamiyan (Hotel)	3		14	1
284	2025-04-25 04:15:08.914885+05:30	29	Oak Ray City Hotel (Hotel)	3		14	1
285	2025-04-25 04:15:08.914902+05:30	28	Ancient House Kandy (Other)	3		14	1
286	2025-04-25 04:15:08.914918+05:30	27	Helga's Folly 'ANTI Hotel' RESIDENCE (Hotel)	3		14	1
287	2025-04-25 04:15:08.914933+05:30	26	The Grand Kandyan Hotel (Hotel)	3		14	1
288	2025-04-25 04:15:08.914948+05:30	25	Mahaweli Reach Hotel (Hotel)	3		14	1
289	2025-04-25 04:15:08.914962+05:30	24	Cafe Aroma Inn (Guesthouse)	3		14	1
290	2025-04-25 04:15:08.914977+05:30	23	Blinkbonnie Inn (Hotel)	3		14	1
291	2025-04-25 04:15:08.914992+05:30	22	Yalegoda Walauwa (Guesthouse)	3		14	1
292	2025-04-25 04:15:08.915007+05:30	21	Kandy Paradise Resort (Resort)	3		14	1
293	2025-04-25 04:15:08.915021+05:30	20	Senani Hotel (Hotel)	3		14	1
294	2025-04-25 04:15:08.915035+05:30	19	Kandy City Hotel by Earl's (Hotel)	3		14	1
295	2025-04-25 04:15:08.915049+05:30	18	Hanthana House Kandy (Guesthouse)	3		14	1
296	2025-04-25 04:15:08.915062+05:30	17	Eagle Rest Homestay (Guesthouse)	3		14	1
297	2025-04-25 04:15:08.915076+05:30	16	The Elephant Stables (Hotel)	3		14	1
298	2025-04-25 04:15:08.91509+05:30	15	Hotel Sunray (Hotel)	3		14	1
299	2025-04-25 04:15:08.915103+05:30	14	Sharon Inn (Guesthouse)	3		14	1
300	2025-04-25 04:15:08.915117+05:30	13	Amaara Sky Hotel (Hotel)	3		14	1
301	2025-04-25 04:15:08.915131+05:30	12	Hahaweli Spring Hotel (Hotel)	3		14	1
302	2025-04-25 04:15:08.915144+05:30	11	Earl's Regent Hotel (Hotel)	3		14	1
303	2025-04-25 04:15:08.915158+05:30	10	Vino Villa - Tourists & Local Accommadations (Villa)	3		14	1
304	2025-04-25 04:15:08.915171+05:30	9	Charlton Kandy Rest (Guesthouse)	3		14	1
305	2025-04-25 04:15:08.915184+05:30	8	Kandy View Hotel (Hotel)	3		14	1
306	2025-04-25 04:15:08.915197+05:30	7	Earl's Regency Hotel (Hotel)	3		14	1
307	2025-04-25 04:15:08.915211+05:30	6	Hotel Casamara Kandy (Hotel)	3		14	1
308	2025-04-25 04:15:08.915225+05:30	5	Hotel Topaz Kandy (Hotel)	3		14	1
309	2025-04-25 04:15:08.915239+05:30	4	Mount Randholee Resorts & Spa (Resort)	3		14	1
310	2025-04-25 04:15:08.915252+05:30	3	Hotel Hill Top (Hotel)	3		14	1
311	2025-04-25 04:15:08.915266+05:30	2	Hotel Suisse Kandy (Hotel)	3		14	1
312	2025-04-25 04:15:08.91528+05:30	1	Thilanka Hotel - Kandy (Hotel)	3		14	1
313	2025-04-25 05:50:48.214342+05:30	409	Neithal Archery	3		13	1
314	2025-04-25 05:50:48.214434+05:30	408	Neithal Boating	3		13	1
315	2025-04-25 05:50:48.214453+05:30	407	Neithal Taj Mahal	3		13	1
316	2025-04-25 05:50:48.21446+05:30	406	Neithal Liberty Statue	3		13	1
317	2025-04-25 05:50:48.214466+05:30	405	Thamarai Kulam	3		13	1
318	2025-04-25 05:50:48.214473+05:30	404	Mandaiteevu Vayal Kulam	3		13	1
319	2025-04-25 05:50:48.214479+05:30	403	Bharathiyar Statue	3		13	1
320	2025-04-25 05:50:48.214485+05:30	402	Addakiri Kulam	3		13	1
321	2025-04-25 05:50:48.214492+05:30	401	Smile Zone	3		13	1
322	2025-04-25 05:50:48.214497+05:30	400	Kopay Beach	3		13	1
323	2025-04-25 05:50:48.214503+05:30	399	Ooriyan	3		13	1
324	2025-04-25 05:50:48.21451+05:30	398	Neithal Eco Park	3		13	1
325	2025-04-25 05:50:48.214516+05:30	397	Jaffna Obelisk Lighthouse	3		13	1
326	2025-04-25 05:50:48.214522+05:30	396	Baya Rest	3		13	1
327	2025-04-25 05:50:48.214528+05:30	395	Muniappar Kovil	3		13	1
328	2025-04-25 05:50:48.214534+05:30	394	Jaffna Lagoon Area	3		13	1
329	2025-04-25 05:50:48.21454+05:30	393	Pannai Beach	3		13	1
330	2025-04-25 05:50:48.214545+05:30	392	Jaffna Fort Well	3		13	1
331	2025-04-25 05:50:48.214551+05:30	391	Pannai Walkway	3		13	1
332	2025-04-25 05:50:48.214557+05:30	390	Jaffna Market	3		13	1
333	2025-04-25 05:50:48.214562+05:30	389	Jaffna Selfie Point	3		13	1
334	2025-04-25 05:50:48.214569+05:30	388	Indian Cultural Center	3		13	1
335	2025-04-25 05:50:48.214574+05:30	387	Active Theatre Movement	3		13	1
336	2025-04-25 05:50:48.21458+05:30	386	Jaffna Archeological Museum	3		13	1
337	2025-04-25 05:50:48.214586+05:30	385	British Siren Tower (WWII)	3		13	1
338	2025-04-25 05:50:48.214593+05:30	384	Old Park	3		13	1
339	2025-04-25 05:50:48.214599+05:30	383	Jaffna Dutch Fort	3		13	1
340	2025-04-25 05:50:48.214605+05:30	382	Nallur Kandaswamy Kovil	3		13	1
341	2025-04-25 05:50:48.214611+05:30	381	Jaffna Antiques Shop	3		13	1
342	2025-04-25 05:50:48.214617+05:30	380	St. Mary's Cathedral	3		13	1
343	2025-04-25 05:50:48.214623+05:30	379	Natural Well	3		13	1
344	2025-04-25 05:50:48.214628+05:30	378	SS Orestes Ship Wreck	3		13	1
345	2025-04-25 05:50:48.214634+05:30	377	Chenu Wood Carvings	3		13	1
346	2025-04-25 05:50:48.21464+05:30	376	Beekke Reservoir	3		13	1
347	2025-04-25 05:50:48.214645+05:30	375	Mahamodara Viewpoint	3		13	1
348	2025-04-25 05:50:48.21465+05:30	374	Vinoya Aquarium	3		13	1
349	2025-04-25 05:50:48.214656+05:30	373	Galle Fort End Viewpoint	3		13	1
350	2025-04-25 05:50:48.214662+05:30	372	Sunset Point	3		13	1
351	2025-04-25 05:50:48.214668+05:30	371	Crazy Jumpers at Galle Fort	3		13	1
352	2025-04-25 05:50:48.214674+05:30	370	Cobra Snake Dance	3		13	1
353	2025-04-25 05:50:48.21468+05:30	369	Sand Beach	3		13	1
354	2025-04-25 05:50:48.214686+05:30	368	Galle Lighthouse	3		13	1
355	2025-04-25 05:50:48.214692+05:30	367	Meeran Mosque	3		13	1
356	2025-04-25 05:50:48.214697+05:30	366	Pedlar Street (Dutch Hospital End)	3		13	1
357	2025-04-25 05:50:48.214703+05:30	365	Galle View Point	3		13	1
358	2025-04-25 05:50:48.214709+05:30	364	Historical Mansion Museum	3		13	1
359	2025-04-25 05:50:48.214715+05:30	363	Turtle Hotspot	3		13	1
360	2025-04-25 05:50:48.21472+05:30	362	Clippenberg Bastion	3		13	1
361	2025-04-25 05:50:48.214726+05:30	361	Akersloot Bastion	3		13	1
362	2025-04-25 05:50:48.214731+05:30	360	Sri Sudharmalaya Buddhist Temple	3		13	1
363	2025-04-25 05:50:48.214736+05:30	359	All Saints' Church	3		13	1
364	2025-04-25 05:50:48.214742+05:30	358	St. Mary's Cathedral	3		13	1
365	2025-04-25 05:50:48.214748+05:30	357	Galle UNESCO Sign	3		13	1
366	2025-04-25 05:50:48.214754+05:30	356	Galle Fort Entrance (Slavar Gate)	3		13	1
367	2025-04-25 05:50:48.21476+05:30	355	Christian Reformed Church	3		13	1
368	2025-04-25 05:50:48.214765+05:30	354	Dutch Reformed Church	3		13	1
369	2025-04-25 05:50:48.214771+05:30	353	Zwart Bastion	3		13	1
370	2025-04-25 05:50:48.214776+05:30	352	Sunset Point	3		13	1
371	2025-04-25 05:50:48.214781+05:30	351	Miniature Galle Fort Replica	3		13	1
372	2025-04-25 05:50:48.214786+05:30	350	St Joseph's Chapel	3		13	1
373	2025-04-25 05:50:48.214792+05:30	349	Galle Fort Clock Tower	3		13	1
374	2025-04-25 05:50:48.214797+05:30	348	Galle Bay	3		13	1
375	2025-04-25 05:50:48.214803+05:30	347	Fish Boat Yard	3		13	1
376	2025-04-25 05:50:48.214808+05:30	346	Galle Dutch Fort	3		13	1
377	2025-04-25 05:50:48.214813+05:30	345	Galle Sea View	3		13	1
378	2025-04-25 05:50:48.21482+05:30	344	Boat Beach	3		13	1
379	2025-04-25 05:50:48.214826+05:30	343	Orenda Aquarium	3		13	1
380	2025-04-25 05:50:48.214832+05:30	342	Rillamba Surf Point	3		13	1
381	2025-04-25 05:50:48.214838+05:30	341	Galle Fort	3		13	1
382	2025-04-25 05:50:48.214843+05:30	340	Rumassala South Beach	3		13	1
383	2025-04-25 05:50:48.214848+05:30	339	Maritime Museum	3		13	1
384	2025-04-25 05:50:48.214853+05:30	338	Ella Swing	3		13	1
385	2025-04-25 05:50:48.214859+05:30	337	Free View Point	3		13	1
386	2025-04-25 05:50:48.214864+05:30	336	Ella Rock Viewpoint	3		13	1
387	2025-04-25 05:50:48.21487+05:30	335	The Bridge of St Francis	3		13	1
388	2025-04-25 05:50:48.214875+05:30	334	Stump of Good Faith	3		13	1
389	2025-04-25 05:50:48.21488+05:30	333	Ravana View Point	3		13	1
390	2025-04-25 05:50:48.214886+05:30	332	Nine Arches Bridge View Path	3		13	1
391	2025-04-25 05:50:48.214891+05:30	331	Ella Signal Viewpoint	3		13	1
392	2025-04-25 05:50:48.214896+05:30	330	Ella Viewpoint (Tea Land)	3		13	1
393	2025-04-25 05:50:48.214901+05:30	329	Ella Rock Trailhead	3		13	1
394	2025-04-25 05:50:48.214906+05:30	328	Ella Viewpoint & Camping	3		13	1
395	2025-04-25 05:50:48.214912+05:30	327	Hills Viewpoint	3		13	1
396	2025-04-25 05:50:48.214924+05:30	326	Kuda Ravana Ella Viewpoint	3		13	1
397	2025-04-25 05:50:48.214929+05:30	325	Kithalella Swimming Bath	3		13	1
398	2025-04-25 05:50:48.214935+05:30	324	Brother's Waterfall	3		13	1
399	2025-04-25 05:50:48.21494+05:30	323	Cozy Viewpoint	3		13	1
400	2025-04-25 05:50:48.214945+05:30	322	Agro Tourism Farm	3		13	1
401	2025-04-25 05:50:48.21495+05:30	321	Agala Waterfall & Camping	3		13	1
402	2025-04-25 05:50:48.214955+05:30	320	Kuda Ravana Ella Waterfall	3		13	1
403	2025-04-25 05:50:48.214961+05:30	319	Small Rawana Waterfall	3		13	1
404	2025-04-25 05:50:48.214966+05:30	318	Wonder View Swing Ella	3		13	1
405	2025-04-25 05:50:48.214972+05:30	317	Ella Foggy Road Viewpoint	3		13	1
406	2025-04-25 05:50:48.214978+05:30	316	Hidden Waterfall	3		13	1
407	2025-04-25 05:50:48.214983+05:30	315	Waterfall Pool	3		13	1
408	2025-04-25 05:50:48.214988+05:30	314	Little Adam's Peak Viewpoint	3		13	1
409	2025-04-25 05:50:48.214994+05:30	313	Elma Viewpoint	3		13	1
410	2025-04-25 05:50:48.215001+05:30	312	Ella Mount Heaven View	3		13	1
411	2025-04-25 05:50:48.215007+05:30	311	Riversplendor Waterfall and Garden	3		13	1
412	2025-04-25 05:50:48.215012+05:30	310	Little Ravana Waterfall & Swimming Pool	3		13	1
413	2025-04-25 05:50:53.032548+05:30	309	Ella Treehouse Zipline	3		13	1
414	2025-04-25 05:50:53.032582+05:30	308	Kital Ella Waterfall	3		13	1
415	2025-04-25 05:50:53.032592+05:30	307	Ridibedi Ella Anicut & Bathing Point	3		13	1
416	2025-04-25 05:50:53.032611+05:30	306	Pahala Ella River View	3		13	1
417	2025-04-25 05:50:53.032619+05:30	305	Porawagala Viewpoint	3		13	1
418	2025-04-25 05:50:53.032626+05:30	304	Ravana's Cave	3		13	1
419	2025-04-25 05:50:53.032632+05:30	303	Kandy City Viewpoint	3		13	1
420	2025-04-25 05:50:53.032639+05:30	302	Canbuy Gem Museum	3		13	1
421	2025-04-25 05:50:53.032647+05:30	301	Hidden Waterfall	3		13	1
422	2025-04-25 05:50:53.032653+05:30	300	Dunumadalawa Forest Reserve	3		13	1
423	2025-04-25 05:50:53.032659+05:30	299	Old Viewpoint (Old Matale Road)	3		13	1
424	2025-04-25 05:50:53.032665+05:30	298	Hanthana Spice & Herbal Garden	3		13	1
425	2025-04-25 05:50:53.032671+05:30	297	Anniewatta Tunnel	3		13	1
426	2025-04-25 05:50:53.032677+05:30	296	British Garrison Cemetery	3		13	1
427	2025-04-25 05:50:53.032683+05:30	295	Kandy National Museum	3		13	1
428	2025-04-25 05:50:53.032689+05:30	294	Asgiri Maha Vihara Pirivena	3		13	1
429	2025-04-25 05:50:53.032696+05:30	293	Sri Vishnu Devalaya	3		13	1
430	2025-04-25 05:50:53.032702+05:30	292	Fish Feeding at Royal Bath	3		13	1
431	2025-04-25 05:50:53.032709+05:30	291	Diyathilaka Mandapa Island	3		13	1
432	2025-04-25 05:50:53.032714+05:30	290	Bahirawakanda Vihara Buddha Statue	3		13	1
433	2025-04-25 05:50:53.032723+05:30	289	Arthur's Seat View Point	3		13	1
434	2025-04-25 05:50:53.032732+05:30	288	Kandy Viewpoint	3		13	1
435	2025-04-25 05:50:53.032741+05:30	287	Northern Kandy Lakeside View	3		13	1
436	2025-04-25 05:50:53.032747+05:30	286	Sri Maha Bodhi Viharaya	3		13	1
437	2025-04-25 05:50:53.032754+05:30	285	Queens Junction	3		13	1
438	2025-04-25 05:50:53.03276+05:30	284	Red Mosque of Kandy	3		13	1
439	2025-04-25 05:50:53.032767+05:30	283	Hanthana Viewpoint	3		13	1
440	2025-04-25 05:50:53.032773+05:30	282	Kandy Lake Viewpoint	3		13	1
441	2025-04-25 05:50:53.032779+05:30	281	Giragama Walawwa	3		13	1
442	2025-04-25 05:50:53.032785+05:30	280	Kandy Lake West Side View	3		13	1
443	2025-04-25 05:50:53.032791+05:30	279	Royal Palace Park	3		13	1
444	2025-04-25 05:50:53.032798+05:30	278	Kandy Clock Tower View Point	3		13	1
445	2025-04-25 05:50:53.032805+05:30	277	Ruhunu Maha Kataragama Devalaya	3		13	1
446	2025-04-25 05:50:53.032811+05:30	276	International Buddhist Museum	3		13	1
447	2025-04-25 05:50:53.032817+05:30	275	Old Royal Palace	3		13	1
448	2025-04-25 05:50:53.032823+05:30	274	Sri Dalada Museum	3		13	1
449	2025-04-25 05:50:53.032828+05:30	273	Tusker Rajah Museum	3		13	1
450	2025-04-25 05:50:53.032834+05:30	272	Udawatta Kele Sanctuary	3		13	1
451	2025-04-25 05:50:53.03284+05:30	271	Kandyan Cultural Centre	3		13	1
452	2025-04-25 05:50:53.032846+05:30	270	Sri Dalada Maligawa (Temple of the Tooth)	3		13	1
453	2025-04-25 06:16:09.865642+05:30	25	2025-04-24 23:02:56.096243+00:00 - Galle	3		8	1
454	2025-04-25 06:16:09.865773+05:30	24	2025-04-24 23:01:25.977342+00:00 - Ella	3		8	1
455	2025-04-25 06:16:09.865805+05:30	23	2025-04-24 22:58:34.806453+00:00 - Galle	3		8	1
456	2025-04-25 06:16:19.329431+05:30	30	Galle - Culture & Heritage	3		7	1
457	2025-04-25 06:16:19.32946+05:30	29	Ella - Leisure & Relaxation	3		7	1
458	2025-04-25 06:16:19.32947+05:30	28	Galle - Adventure & Outdoors	3		7	1
459	2025-04-25 06:16:19.329479+05:30	27	Kandy - Culture & Heritage	3		7	1
460	2025-04-25 06:16:19.329486+05:30	26	Kandy - Adventure & Outdoors	3		7	1
461	2025-04-25 06:16:19.329499+05:30	25	Kandy - Adventure & Outdoors	3		7	1
462	2025-04-25 06:16:19.329507+05:30	24	Kandy - Adventure & Outdoors	3		7	1
463	2025-04-25 06:16:19.329514+05:30	23	Kandy - Adventure & Outdoors	3		7	1
464	2025-04-25 06:16:19.329521+05:30	22	Kandy - Leisure & Relaxation	3		7	1
465	2025-04-25 06:16:19.329528+05:30	21	Kandy - Culture & Heritage	3		7	1
466	2025-04-25 06:16:19.329534+05:30	20	Jaffna - Culture & Heritage	3		7	1
467	2025-04-25 06:16:19.329541+05:30	19	Galle - Adventure & Outdoors	3		7	1
468	2025-04-25 06:16:19.329547+05:30	18	Ella - Adventure & Outdoors	3		7	1
469	2025-04-25 06:16:19.329554+05:30	17	Kandy - Culture & Heritage	3		7	1
470	2025-04-25 06:16:19.329561+05:30	16	Kandy - Culture & Heritage	3		7	1
471	2025-04-25 06:16:19.329568+05:30	15	Kandy - Adventure & Outdoors	3		7	1
472	2025-04-25 06:16:19.329575+05:30	14	Kandy - Culture & Heritage	3		7	1
473	2025-04-25 06:16:19.329581+05:30	13	Kandy - Culture & Heritage	3		7	1
474	2025-04-25 06:16:19.329587+05:30	12	Kandy - Culture & Heritage	3		7	1
475	2025-04-25 06:16:19.329594+05:30	11	Kandy - Culture & Heritage	3		7	1
476	2025-04-25 06:16:19.3296+05:30	10	Kandy - Culture & Heritage	3		7	1
477	2025-04-25 06:16:19.329606+05:30	9	Kandy - Culture & Heritage	3		7	1
478	2025-04-25 06:16:19.329613+05:30	8	Kandy - Culture & Heritage	3		7	1
479	2025-04-25 06:16:19.329619+05:30	7	Ella - Adventure & Outdoors	3		7	1
480	2025-04-25 06:16:19.329626+05:30	6	Kandy - Culture & Heritage	3		7	1
481	2025-04-25 06:16:19.329633+05:30	5	Jaffna - Adventure & Outdoors	3		7	1
482	2025-04-25 06:16:19.329639+05:30	3	Colombo - Adventure & Outdoors	3		7	1
483	2025-04-25 06:16:19.329646+05:30	2	Ella - Adventure & Outdoors	3		7	1
484	2025-04-25 06:16:19.329652+05:30	1	Ella - Adventure & Outdoors	3		7	1
485	2025-04-25 09:01:09.538022+05:30	31	2025-04-25 01:18:29.839787+00:00 - Kandy	3		8	1
486	2025-04-25 09:01:09.538096+05:30	30	2025-04-25 01:17:17.404579+00:00 - Galle	3		8	1
487	2025-04-25 09:01:09.538121+05:30	29	2025-04-25 01:13:26.939713+00:00 - Ella	3		8	1
488	2025-04-25 09:01:09.538143+05:30	28	2025-04-25 01:12:19.877125+00:00 - Kandy	3		8	1
489	2025-04-25 09:01:09.538163+05:30	27	2025-04-25 01:11:42.361595+00:00 - Galle	3		8	1
490	2025-04-25 09:01:09.538182+05:30	26	2025-04-25 01:10:34.932129+00:00 - Jaffna	3		8	1
\.


--
-- Data for Name: django_content_type; Type: TABLE DATA; Schema: public; Owner: ceylon_user
--

COPY public.django_content_type (id, app_label, model) FROM stdin;
1	admin	logentry
2	auth	permission
3	auth	group
4	auth	user
5	contenttypes	contenttype
6	sessions	session
7	api	trip
8	api	tripplan
9	api	review
10	api	emergencycontact
11	api	destination
12	api	theme
13	api	place
14	api	accommodation
\.


--
-- Data for Name: django_migrations; Type: TABLE DATA; Schema: public; Owner: ceylon_user
--

COPY public.django_migrations (id, app, name, applied) FROM stdin;
1	contenttypes	0001_initial	2025-04-23 01:36:36.389073+05:30
2	auth	0001_initial	2025-04-23 01:36:36.421716+05:30
3	admin	0001_initial	2025-04-23 01:36:36.433823+05:30
4	admin	0002_logentry_remove_auto_add	2025-04-23 01:36:36.438998+05:30
5	admin	0003_logentry_add_action_flag_choices	2025-04-23 01:36:36.445792+05:30
6	api	0001_initial	2025-04-23 01:36:36.46781+05:30
7	api	0002_alter_tripplan_trip	2025-04-23 01:36:36.474752+05:30
8	api	0003_alter_tripplan_trip	2025-04-23 01:36:36.484008+05:30
9	api	0004_review	2025-04-23 01:36:36.49607+05:30
10	api	0005_remove_review_destination	2025-04-23 01:36:36.502895+05:30
11	api	0006_emergencycontact	2025-04-23 01:36:36.505862+05:30
12	api	0007_rename_location_emergencycontact_destination	2025-04-23 01:36:36.508172+05:30
13	api	0008_destination	2025-04-23 01:36:36.51225+05:30
14	api	0009_theme	2025-04-23 01:36:36.515767+05:30
15	api	0010_alter_trip_destination_alter_trip_theme	2025-04-23 01:36:36.540683+05:30
16	contenttypes	0002_remove_content_type_name	2025-04-23 01:36:36.556772+05:30
17	auth	0002_alter_permission_name_max_length	2025-04-23 01:36:36.565508+05:30
18	auth	0003_alter_user_email_max_length	2025-04-23 01:36:36.572249+05:30
19	auth	0004_alter_user_username_opts	2025-04-23 01:36:36.582262+05:30
20	auth	0005_alter_user_last_login_null	2025-04-23 01:36:36.588782+05:30
21	auth	0006_require_contenttypes_0002	2025-04-23 01:36:36.589962+05:30
22	auth	0007_alter_validators_add_error_messages	2025-04-23 01:36:36.597311+05:30
23	auth	0008_alter_user_username_max_length	2025-04-23 01:36:36.604038+05:30
24	auth	0009_alter_user_last_name_max_length	2025-04-23 01:36:36.612185+05:30
25	auth	0010_alter_group_name_max_length	2025-04-23 01:36:36.620175+05:30
26	auth	0011_update_proxy_permissions	2025-04-23 01:36:36.628237+05:30
27	auth	0012_alter_user_first_name_max_length	2025-04-23 01:36:36.633308+05:30
28	sessions	0001_initial	2025-04-23 01:36:36.636781+05:30
29	api	0011_place	2025-04-23 17:47:28.149532+05:30
30	api	0012_alter_place_photo_reference	2025-04-23 18:04:14.631689+05:30
31	api	0013_place_visit_duration	2025-04-24 16:02:31.771122+05:30
32	api	0014_place_image	2025-04-24 21:08:14.492339+05:30
33	api	0015_accommodation	2025-04-25 02:12:20.224282+05:30
34	api	0016_tripplan_accommodation	2025-04-25 03:30:53.628285+05:30
35	api	0017_alter_emergencycontact_description_and_more	2025-04-25 04:42:12.965451+05:30
36	api	0018_emergencycontact_lat_emergencycontact_lng	2025-04-25 04:43:45.047995+05:30
37	api	0019_emergencycontact_google_place_id	2025-04-25 04:56:00.546308+05:30
\.


--
-- Data for Name: django_session; Type: TABLE DATA; Schema: public; Owner: ceylon_user
--

COPY public.django_session (session_key, session_data, expire_date) FROM stdin;
30grtvrvgbmwxwqdb09bmrbsv3dy7786	.eJxVjEEOgjAQRe_StWmGSung0j1naGamU4saSCisjHdXEha6_e-9_zKRtrXEreoSx2QupjGn341JHjrtIN1pus1W5mldRra7Yg9a7TAnfV4P9--gUC3fGkBFEjoOJB22RC16gKyKZ6agjiG12XtAbnwTRMBh7nthp11gzMG8P_qBOF4:1u7JuB:w4_TQvgbDDO4pmGe7S0uUGvhxyiv-NSafYNc9pMas2E	2025-05-07 01:37:43.335975+05:30
bhfeyu7xzap2toyk2tjkm97tygap123o	.eJxVjDsOwjAQBe_iGlnejR28lPQ5g7X-4QCypTipEHeHSCmgfTPzXsLxtha39bS4OYqLAHH63TyHR6o7iHeutyZDq-sye7kr8qBdTi2m5_Vw_w4K9_KtvQ1ImoJHkxSZs48IkUdlbM5Kk2UewFjMWY8INIRkQAMCEiiKwWTx_gDSAjcR:1uB6NY:3PXcWb8fF0qSUaGOmqry49AAPHspZpZ5QYbZTEjkYc8	2025-05-17 11:59:40.335735+05:30
\.


--
-- Name: api_accommodation_id_seq; Type: SEQUENCE SET; Schema: public; Owner: ceylon_user
--

SELECT pg_catalog.setval('public.api_accommodation_id_seq', 150, true);


--
-- Name: api_destination_id_seq; Type: SEQUENCE SET; Schema: public; Owner: ceylon_user
--

SELECT pg_catalog.setval('public.api_destination_id_seq', 6, true);


--
-- Name: api_emergencycontact_id_seq; Type: SEQUENCE SET; Schema: public; Owner: ceylon_user
--

SELECT pg_catalog.setval('public.api_emergencycontact_id_seq', 121, true);


--
-- Name: api_place_id_seq; Type: SEQUENCE SET; Schema: public; Owner: ceylon_user
--

SELECT pg_catalog.setval('public.api_place_id_seq', 567, true);


--
-- Name: api_review_id_seq; Type: SEQUENCE SET; Schema: public; Owner: ceylon_user
--

SELECT pg_catalog.setval('public.api_review_id_seq', 2, true);


--
-- Name: api_theme_id_seq; Type: SEQUENCE SET; Schema: public; Owner: ceylon_user
--

SELECT pg_catalog.setval('public.api_theme_id_seq', 3, true);


--
-- Name: api_trip_id_seq; Type: SEQUENCE SET; Schema: public; Owner: ceylon_user
--

SELECT pg_catalog.setval('public.api_trip_id_seq', 42, true);


--
-- Name: api_tripplan_id_seq; Type: SEQUENCE SET; Schema: public; Owner: ceylon_user
--

SELECT pg_catalog.setval('public.api_tripplan_id_seq', 37, true);


--
-- Name: auth_group_id_seq; Type: SEQUENCE SET; Schema: public; Owner: ceylon_user
--

SELECT pg_catalog.setval('public.auth_group_id_seq', 1, false);


--
-- Name: auth_group_permissions_id_seq; Type: SEQUENCE SET; Schema: public; Owner: ceylon_user
--

SELECT pg_catalog.setval('public.auth_group_permissions_id_seq', 1, false);


--
-- Name: auth_permission_id_seq; Type: SEQUENCE SET; Schema: public; Owner: ceylon_user
--

SELECT pg_catalog.setval('public.auth_permission_id_seq', 56, true);


--
-- Name: auth_user_groups_id_seq; Type: SEQUENCE SET; Schema: public; Owner: ceylon_user
--

SELECT pg_catalog.setval('public.auth_user_groups_id_seq', 1, false);


--
-- Name: auth_user_id_seq; Type: SEQUENCE SET; Schema: public; Owner: ceylon_user
--

SELECT pg_catalog.setval('public.auth_user_id_seq', 2, true);


--
-- Name: auth_user_user_permissions_id_seq; Type: SEQUENCE SET; Schema: public; Owner: ceylon_user
--

SELECT pg_catalog.setval('public.auth_user_user_permissions_id_seq', 1, false);


--
-- Name: django_admin_log_id_seq; Type: SEQUENCE SET; Schema: public; Owner: ceylon_user
--

SELECT pg_catalog.setval('public.django_admin_log_id_seq', 490, true);


--
-- Name: django_content_type_id_seq; Type: SEQUENCE SET; Schema: public; Owner: ceylon_user
--

SELECT pg_catalog.setval('public.django_content_type_id_seq', 14, true);


--
-- Name: django_migrations_id_seq; Type: SEQUENCE SET; Schema: public; Owner: ceylon_user
--

SELECT pg_catalog.setval('public.django_migrations_id_seq', 37, true);


--
-- Name: api_accommodation api_accommodation_google_place_id_key; Type: CONSTRAINT; Schema: public; Owner: ceylon_user
--

ALTER TABLE ONLY public.api_accommodation
    ADD CONSTRAINT api_accommodation_google_place_id_key UNIQUE (google_place_id);


--
-- Name: api_accommodation api_accommodation_pkey; Type: CONSTRAINT; Schema: public; Owner: ceylon_user
--

ALTER TABLE ONLY public.api_accommodation
    ADD CONSTRAINT api_accommodation_pkey PRIMARY KEY (id);


--
-- Name: api_destination api_destination_name_key; Type: CONSTRAINT; Schema: public; Owner: ceylon_user
--

ALTER TABLE ONLY public.api_destination
    ADD CONSTRAINT api_destination_name_key UNIQUE (name);


--
-- Name: api_destination api_destination_pkey; Type: CONSTRAINT; Schema: public; Owner: ceylon_user
--

ALTER TABLE ONLY public.api_destination
    ADD CONSTRAINT api_destination_pkey PRIMARY KEY (id);


--
-- Name: api_emergencycontact api_emergencycontact_google_place_id_key; Type: CONSTRAINT; Schema: public; Owner: ceylon_user
--

ALTER TABLE ONLY public.api_emergencycontact
    ADD CONSTRAINT api_emergencycontact_google_place_id_key UNIQUE (google_place_id);


--
-- Name: api_emergencycontact api_emergencycontact_pkey; Type: CONSTRAINT; Schema: public; Owner: ceylon_user
--

ALTER TABLE ONLY public.api_emergencycontact
    ADD CONSTRAINT api_emergencycontact_pkey PRIMARY KEY (id);


--
-- Name: api_place api_place_google_place_id_key; Type: CONSTRAINT; Schema: public; Owner: ceylon_user
--

ALTER TABLE ONLY public.api_place
    ADD CONSTRAINT api_place_google_place_id_key UNIQUE (google_place_id);


--
-- Name: api_place api_place_pkey; Type: CONSTRAINT; Schema: public; Owner: ceylon_user
--

ALTER TABLE ONLY public.api_place
    ADD CONSTRAINT api_place_pkey PRIMARY KEY (id);


--
-- Name: api_review api_review_pkey; Type: CONSTRAINT; Schema: public; Owner: ceylon_user
--

ALTER TABLE ONLY public.api_review
    ADD CONSTRAINT api_review_pkey PRIMARY KEY (id);


--
-- Name: api_theme api_theme_name_key; Type: CONSTRAINT; Schema: public; Owner: ceylon_user
--

ALTER TABLE ONLY public.api_theme
    ADD CONSTRAINT api_theme_name_key UNIQUE (name);


--
-- Name: api_theme api_theme_pkey; Type: CONSTRAINT; Schema: public; Owner: ceylon_user
--

ALTER TABLE ONLY public.api_theme
    ADD CONSTRAINT api_theme_pkey PRIMARY KEY (id);


--
-- Name: api_trip api_trip_pkey; Type: CONSTRAINT; Schema: public; Owner: ceylon_user
--

ALTER TABLE ONLY public.api_trip
    ADD CONSTRAINT api_trip_pkey PRIMARY KEY (id);


--
-- Name: api_tripplan api_tripplan_pkey; Type: CONSTRAINT; Schema: public; Owner: ceylon_user
--

ALTER TABLE ONLY public.api_tripplan
    ADD CONSTRAINT api_tripplan_pkey PRIMARY KEY (id);


--
-- Name: api_tripplan api_tripplan_trip_id_key; Type: CONSTRAINT; Schema: public; Owner: ceylon_user
--

ALTER TABLE ONLY public.api_tripplan
    ADD CONSTRAINT api_tripplan_trip_id_key UNIQUE (trip_id);


--
-- Name: auth_group auth_group_name_key; Type: CONSTRAINT; Schema: public; Owner: ceylon_user
--

ALTER TABLE ONLY public.auth_group
    ADD CONSTRAINT auth_group_name_key UNIQUE (name);


--
-- Name: auth_group_permissions auth_group_permissions_group_id_permission_id_0cd325b0_uniq; Type: CONSTRAINT; Schema: public; Owner: ceylon_user
--

ALTER TABLE ONLY public.auth_group_permissions
    ADD CONSTRAINT auth_group_permissions_group_id_permission_id_0cd325b0_uniq UNIQUE (group_id, permission_id);


--
-- Name: auth_group_permissions auth_group_permissions_pkey; Type: CONSTRAINT; Schema: public; Owner: ceylon_user
--

ALTER TABLE ONLY public.auth_group_permissions
    ADD CONSTRAINT auth_group_permissions_pkey PRIMARY KEY (id);


--
-- Name: auth_group auth_group_pkey; Type: CONSTRAINT; Schema: public; Owner: ceylon_user
--

ALTER TABLE ONLY public.auth_group
    ADD CONSTRAINT auth_group_pkey PRIMARY KEY (id);


--
-- Name: auth_permission auth_permission_content_type_id_codename_01ab375a_uniq; Type: CONSTRAINT; Schema: public; Owner: ceylon_user
--

ALTER TABLE ONLY public.auth_permission
    ADD CONSTRAINT auth_permission_content_type_id_codename_01ab375a_uniq UNIQUE (content_type_id, codename);


--
-- Name: auth_permission auth_permission_pkey; Type: CONSTRAINT; Schema: public; Owner: ceylon_user
--

ALTER TABLE ONLY public.auth_permission
    ADD CONSTRAINT auth_permission_pkey PRIMARY KEY (id);


--
-- Name: auth_user_groups auth_user_groups_pkey; Type: CONSTRAINT; Schema: public; Owner: ceylon_user
--

ALTER TABLE ONLY public.auth_user_groups
    ADD CONSTRAINT auth_user_groups_pkey PRIMARY KEY (id);


--
-- Name: auth_user_groups auth_user_groups_user_id_group_id_94350c0c_uniq; Type: CONSTRAINT; Schema: public; Owner: ceylon_user
--

ALTER TABLE ONLY public.auth_user_groups
    ADD CONSTRAINT auth_user_groups_user_id_group_id_94350c0c_uniq UNIQUE (user_id, group_id);


--
-- Name: auth_user auth_user_pkey; Type: CONSTRAINT; Schema: public; Owner: ceylon_user
--

ALTER TABLE ONLY public.auth_user
    ADD CONSTRAINT auth_user_pkey PRIMARY KEY (id);


--
-- Name: auth_user_user_permissions auth_user_user_permissions_pkey; Type: CONSTRAINT; Schema: public; Owner: ceylon_user
--

ALTER TABLE ONLY public.auth_user_user_permissions
    ADD CONSTRAINT auth_user_user_permissions_pkey PRIMARY KEY (id);


--
-- Name: auth_user_user_permissions auth_user_user_permissions_user_id_permission_id_14a6b632_uniq; Type: CONSTRAINT; Schema: public; Owner: ceylon_user
--

ALTER TABLE ONLY public.auth_user_user_permissions
    ADD CONSTRAINT auth_user_user_permissions_user_id_permission_id_14a6b632_uniq UNIQUE (user_id, permission_id);


--
-- Name: auth_user auth_user_username_key; Type: CONSTRAINT; Schema: public; Owner: ceylon_user
--

ALTER TABLE ONLY public.auth_user
    ADD CONSTRAINT auth_user_username_key UNIQUE (username);


--
-- Name: django_admin_log django_admin_log_pkey; Type: CONSTRAINT; Schema: public; Owner: ceylon_user
--

ALTER TABLE ONLY public.django_admin_log
    ADD CONSTRAINT django_admin_log_pkey PRIMARY KEY (id);


--
-- Name: django_content_type django_content_type_app_label_model_76bd3d3b_uniq; Type: CONSTRAINT; Schema: public; Owner: ceylon_user
--

ALTER TABLE ONLY public.django_content_type
    ADD CONSTRAINT django_content_type_app_label_model_76bd3d3b_uniq UNIQUE (app_label, model);


--
-- Name: django_content_type django_content_type_pkey; Type: CONSTRAINT; Schema: public; Owner: ceylon_user
--

ALTER TABLE ONLY public.django_content_type
    ADD CONSTRAINT django_content_type_pkey PRIMARY KEY (id);


--
-- Name: django_migrations django_migrations_pkey; Type: CONSTRAINT; Schema: public; Owner: ceylon_user
--

ALTER TABLE ONLY public.django_migrations
    ADD CONSTRAINT django_migrations_pkey PRIMARY KEY (id);


--
-- Name: django_session django_session_pkey; Type: CONSTRAINT; Schema: public; Owner: ceylon_user
--

ALTER TABLE ONLY public.django_session
    ADD CONSTRAINT django_session_pkey PRIMARY KEY (session_key);


--
-- Name: api_accommodation_destination_id_682d5d6e; Type: INDEX; Schema: public; Owner: ceylon_user
--

CREATE INDEX api_accommodation_destination_id_682d5d6e ON public.api_accommodation USING btree (destination_id);


--
-- Name: api_accommodation_google_place_id_4ac16af8_like; Type: INDEX; Schema: public; Owner: ceylon_user
--

CREATE INDEX api_accommodation_google_place_id_4ac16af8_like ON public.api_accommodation USING btree (google_place_id varchar_pattern_ops);


--
-- Name: api_destination_name_c65a4e4d_like; Type: INDEX; Schema: public; Owner: ceylon_user
--

CREATE INDEX api_destination_name_c65a4e4d_like ON public.api_destination USING btree (name varchar_pattern_ops);


--
-- Name: api_emergencycontact_destination_id_3e426d0c; Type: INDEX; Schema: public; Owner: ceylon_user
--

CREATE INDEX api_emergencycontact_destination_id_3e426d0c ON public.api_emergencycontact USING btree (destination_id);


--
-- Name: api_emergencycontact_google_place_id_fb3515cf_like; Type: INDEX; Schema: public; Owner: ceylon_user
--

CREATE INDEX api_emergencycontact_google_place_id_fb3515cf_like ON public.api_emergencycontact USING btree (google_place_id varchar_pattern_ops);


--
-- Name: api_place_destination_id_96333435; Type: INDEX; Schema: public; Owner: ceylon_user
--

CREATE INDEX api_place_destination_id_96333435 ON public.api_place USING btree (destination_id);


--
-- Name: api_place_google_place_id_2b0a28b6_like; Type: INDEX; Schema: public; Owner: ceylon_user
--

CREATE INDEX api_place_google_place_id_2b0a28b6_like ON public.api_place USING btree (google_place_id varchar_pattern_ops);


--
-- Name: api_place_theme_id_59863d65; Type: INDEX; Schema: public; Owner: ceylon_user
--

CREATE INDEX api_place_theme_id_59863d65 ON public.api_place USING btree (theme_id);


--
-- Name: api_review_trip_plan_id_6b57022f; Type: INDEX; Schema: public; Owner: ceylon_user
--

CREATE INDEX api_review_trip_plan_id_6b57022f ON public.api_review USING btree (trip_plan_id);


--
-- Name: api_review_user_id_8bf97ad4; Type: INDEX; Schema: public; Owner: ceylon_user
--

CREATE INDEX api_review_user_id_8bf97ad4 ON public.api_review USING btree (user_id);


--
-- Name: api_theme_name_5647460b_like; Type: INDEX; Schema: public; Owner: ceylon_user
--

CREATE INDEX api_theme_name_5647460b_like ON public.api_theme USING btree (name varchar_pattern_ops);


--
-- Name: api_trip_destination_id_3326b2b9; Type: INDEX; Schema: public; Owner: ceylon_user
--

CREATE INDEX api_trip_destination_id_3326b2b9 ON public.api_trip USING btree (destination_id);


--
-- Name: api_trip_theme_id_a0d58810; Type: INDEX; Schema: public; Owner: ceylon_user
--

CREATE INDEX api_trip_theme_id_a0d58810 ON public.api_trip USING btree (theme_id);


--
-- Name: api_trip_user_id_7e247039; Type: INDEX; Schema: public; Owner: ceylon_user
--

CREATE INDEX api_trip_user_id_7e247039 ON public.api_trip USING btree (user_id);


--
-- Name: auth_group_name_a6ea08ec_like; Type: INDEX; Schema: public; Owner: ceylon_user
--

CREATE INDEX auth_group_name_a6ea08ec_like ON public.auth_group USING btree (name varchar_pattern_ops);


--
-- Name: auth_group_permissions_group_id_b120cbf9; Type: INDEX; Schema: public; Owner: ceylon_user
--

CREATE INDEX auth_group_permissions_group_id_b120cbf9 ON public.auth_group_permissions USING btree (group_id);


--
-- Name: auth_group_permissions_permission_id_84c5c92e; Type: INDEX; Schema: public; Owner: ceylon_user
--

CREATE INDEX auth_group_permissions_permission_id_84c5c92e ON public.auth_group_permissions USING btree (permission_id);


--
-- Name: auth_permission_content_type_id_2f476e4b; Type: INDEX; Schema: public; Owner: ceylon_user
--

CREATE INDEX auth_permission_content_type_id_2f476e4b ON public.auth_permission USING btree (content_type_id);


--
-- Name: auth_user_groups_group_id_97559544; Type: INDEX; Schema: public; Owner: ceylon_user
--

CREATE INDEX auth_user_groups_group_id_97559544 ON public.auth_user_groups USING btree (group_id);


--
-- Name: auth_user_groups_user_id_6a12ed8b; Type: INDEX; Schema: public; Owner: ceylon_user
--

CREATE INDEX auth_user_groups_user_id_6a12ed8b ON public.auth_user_groups USING btree (user_id);


--
-- Name: auth_user_user_permissions_permission_id_1fbb5f2c; Type: INDEX; Schema: public; Owner: ceylon_user
--

CREATE INDEX auth_user_user_permissions_permission_id_1fbb5f2c ON public.auth_user_user_permissions USING btree (permission_id);


--
-- Name: auth_user_user_permissions_user_id_a95ead1b; Type: INDEX; Schema: public; Owner: ceylon_user
--

CREATE INDEX auth_user_user_permissions_user_id_a95ead1b ON public.auth_user_user_permissions USING btree (user_id);


--
-- Name: auth_user_username_6821ab7c_like; Type: INDEX; Schema: public; Owner: ceylon_user
--

CREATE INDEX auth_user_username_6821ab7c_like ON public.auth_user USING btree (username varchar_pattern_ops);


--
-- Name: django_admin_log_content_type_id_c4bce8eb; Type: INDEX; Schema: public; Owner: ceylon_user
--

CREATE INDEX django_admin_log_content_type_id_c4bce8eb ON public.django_admin_log USING btree (content_type_id);


--
-- Name: django_admin_log_user_id_c564eba6; Type: INDEX; Schema: public; Owner: ceylon_user
--

CREATE INDEX django_admin_log_user_id_c564eba6 ON public.django_admin_log USING btree (user_id);


--
-- Name: django_session_expire_date_a5c62663; Type: INDEX; Schema: public; Owner: ceylon_user
--

CREATE INDEX django_session_expire_date_a5c62663 ON public.django_session USING btree (expire_date);


--
-- Name: django_session_session_key_c0390e0f_like; Type: INDEX; Schema: public; Owner: ceylon_user
--

CREATE INDEX django_session_session_key_c0390e0f_like ON public.django_session USING btree (session_key varchar_pattern_ops);


--
-- Name: api_accommodation api_accommodation_destination_id_682d5d6e_fk_api_destination_id; Type: FK CONSTRAINT; Schema: public; Owner: ceylon_user
--

ALTER TABLE ONLY public.api_accommodation
    ADD CONSTRAINT api_accommodation_destination_id_682d5d6e_fk_api_destination_id FOREIGN KEY (destination_id) REFERENCES public.api_destination(id) DEFERRABLE INITIALLY DEFERRED;


--
-- Name: api_emergencycontact api_emergencycontact_destination_id_3e426d0c_fk_api_desti; Type: FK CONSTRAINT; Schema: public; Owner: ceylon_user
--

ALTER TABLE ONLY public.api_emergencycontact
    ADD CONSTRAINT api_emergencycontact_destination_id_3e426d0c_fk_api_desti FOREIGN KEY (destination_id) REFERENCES public.api_destination(id) DEFERRABLE INITIALLY DEFERRED;


--
-- Name: api_place api_place_destination_id_96333435_fk_api_destination_id; Type: FK CONSTRAINT; Schema: public; Owner: ceylon_user
--

ALTER TABLE ONLY public.api_place
    ADD CONSTRAINT api_place_destination_id_96333435_fk_api_destination_id FOREIGN KEY (destination_id) REFERENCES public.api_destination(id) DEFERRABLE INITIALLY DEFERRED;


--
-- Name: api_place api_place_theme_id_59863d65_fk_api_theme_id; Type: FK CONSTRAINT; Schema: public; Owner: ceylon_user
--

ALTER TABLE ONLY public.api_place
    ADD CONSTRAINT api_place_theme_id_59863d65_fk_api_theme_id FOREIGN KEY (theme_id) REFERENCES public.api_theme(id) DEFERRABLE INITIALLY DEFERRED;


--
-- Name: api_review api_review_trip_plan_id_6b57022f_fk_api_tripplan_id; Type: FK CONSTRAINT; Schema: public; Owner: ceylon_user
--

ALTER TABLE ONLY public.api_review
    ADD CONSTRAINT api_review_trip_plan_id_6b57022f_fk_api_tripplan_id FOREIGN KEY (trip_plan_id) REFERENCES public.api_tripplan(id) DEFERRABLE INITIALLY DEFERRED;


--
-- Name: api_review api_review_user_id_8bf97ad4_fk_auth_user_id; Type: FK CONSTRAINT; Schema: public; Owner: ceylon_user
--

ALTER TABLE ONLY public.api_review
    ADD CONSTRAINT api_review_user_id_8bf97ad4_fk_auth_user_id FOREIGN KEY (user_id) REFERENCES public.auth_user(id) DEFERRABLE INITIALLY DEFERRED;


--
-- Name: api_trip api_trip_destination_id_3326b2b9_fk_api_destination_id; Type: FK CONSTRAINT; Schema: public; Owner: ceylon_user
--

ALTER TABLE ONLY public.api_trip
    ADD CONSTRAINT api_trip_destination_id_3326b2b9_fk_api_destination_id FOREIGN KEY (destination_id) REFERENCES public.api_destination(id) DEFERRABLE INITIALLY DEFERRED;


--
-- Name: api_trip api_trip_theme_id_a0d58810_fk_api_theme_id; Type: FK CONSTRAINT; Schema: public; Owner: ceylon_user
--

ALTER TABLE ONLY public.api_trip
    ADD CONSTRAINT api_trip_theme_id_a0d58810_fk_api_theme_id FOREIGN KEY (theme_id) REFERENCES public.api_theme(id) DEFERRABLE INITIALLY DEFERRED;


--
-- Name: api_trip api_trip_user_id_7e247039_fk_auth_user_id; Type: FK CONSTRAINT; Schema: public; Owner: ceylon_user
--

ALTER TABLE ONLY public.api_trip
    ADD CONSTRAINT api_trip_user_id_7e247039_fk_auth_user_id FOREIGN KEY (user_id) REFERENCES public.auth_user(id) DEFERRABLE INITIALLY DEFERRED;


--
-- Name: api_tripplan api_tripplan_trip_id_edf2ff4d_fk_api_trip_id; Type: FK CONSTRAINT; Schema: public; Owner: ceylon_user
--

ALTER TABLE ONLY public.api_tripplan
    ADD CONSTRAINT api_tripplan_trip_id_edf2ff4d_fk_api_trip_id FOREIGN KEY (trip_id) REFERENCES public.api_trip(id) DEFERRABLE INITIALLY DEFERRED;


--
-- Name: auth_group_permissions auth_group_permissio_permission_id_84c5c92e_fk_auth_perm; Type: FK CONSTRAINT; Schema: public; Owner: ceylon_user
--

ALTER TABLE ONLY public.auth_group_permissions
    ADD CONSTRAINT auth_group_permissio_permission_id_84c5c92e_fk_auth_perm FOREIGN KEY (permission_id) REFERENCES public.auth_permission(id) DEFERRABLE INITIALLY DEFERRED;


--
-- Name: auth_group_permissions auth_group_permissions_group_id_b120cbf9_fk_auth_group_id; Type: FK CONSTRAINT; Schema: public; Owner: ceylon_user
--

ALTER TABLE ONLY public.auth_group_permissions
    ADD CONSTRAINT auth_group_permissions_group_id_b120cbf9_fk_auth_group_id FOREIGN KEY (group_id) REFERENCES public.auth_group(id) DEFERRABLE INITIALLY DEFERRED;


--
-- Name: auth_permission auth_permission_content_type_id_2f476e4b_fk_django_co; Type: FK CONSTRAINT; Schema: public; Owner: ceylon_user
--

ALTER TABLE ONLY public.auth_permission
    ADD CONSTRAINT auth_permission_content_type_id_2f476e4b_fk_django_co FOREIGN KEY (content_type_id) REFERENCES public.django_content_type(id) DEFERRABLE INITIALLY DEFERRED;


--
-- Name: auth_user_groups auth_user_groups_group_id_97559544_fk_auth_group_id; Type: FK CONSTRAINT; Schema: public; Owner: ceylon_user
--

ALTER TABLE ONLY public.auth_user_groups
    ADD CONSTRAINT auth_user_groups_group_id_97559544_fk_auth_group_id FOREIGN KEY (group_id) REFERENCES public.auth_group(id) DEFERRABLE INITIALLY DEFERRED;


--
-- Name: auth_user_groups auth_user_groups_user_id_6a12ed8b_fk_auth_user_id; Type: FK CONSTRAINT; Schema: public; Owner: ceylon_user
--

ALTER TABLE ONLY public.auth_user_groups
    ADD CONSTRAINT auth_user_groups_user_id_6a12ed8b_fk_auth_user_id FOREIGN KEY (user_id) REFERENCES public.auth_user(id) DEFERRABLE INITIALLY DEFERRED;


--
-- Name: auth_user_user_permissions auth_user_user_permi_permission_id_1fbb5f2c_fk_auth_perm; Type: FK CONSTRAINT; Schema: public; Owner: ceylon_user
--

ALTER TABLE ONLY public.auth_user_user_permissions
    ADD CONSTRAINT auth_user_user_permi_permission_id_1fbb5f2c_fk_auth_perm FOREIGN KEY (permission_id) REFERENCES public.auth_permission(id) DEFERRABLE INITIALLY DEFERRED;


--
-- Name: auth_user_user_permissions auth_user_user_permissions_user_id_a95ead1b_fk_auth_user_id; Type: FK CONSTRAINT; Schema: public; Owner: ceylon_user
--

ALTER TABLE ONLY public.auth_user_user_permissions
    ADD CONSTRAINT auth_user_user_permissions_user_id_a95ead1b_fk_auth_user_id FOREIGN KEY (user_id) REFERENCES public.auth_user(id) DEFERRABLE INITIALLY DEFERRED;


--
-- Name: django_admin_log django_admin_log_content_type_id_c4bce8eb_fk_django_co; Type: FK CONSTRAINT; Schema: public; Owner: ceylon_user
--

ALTER TABLE ONLY public.django_admin_log
    ADD CONSTRAINT django_admin_log_content_type_id_c4bce8eb_fk_django_co FOREIGN KEY (content_type_id) REFERENCES public.django_content_type(id) DEFERRABLE INITIALLY DEFERRED;


--
-- Name: django_admin_log django_admin_log_user_id_c564eba6_fk_auth_user_id; Type: FK CONSTRAINT; Schema: public; Owner: ceylon_user
--

ALTER TABLE ONLY public.django_admin_log
    ADD CONSTRAINT django_admin_log_user_id_c564eba6_fk_auth_user_id FOREIGN KEY (user_id) REFERENCES public.auth_user(id) DEFERRABLE INITIALLY DEFERRED;


--
-- PostgreSQL database dump complete
--

